cell_line,tissue,True Positive,True Negative,False Positive,False Negative,Total,Match,Mismatch,Match %,Mismatch %,Accuracy,Recall,Precision,balanced_accuracy,failure_reason,roc_auc,pr_auc,f1_score,n_positive,n_negative,pred_min,valid_matched_rows,missing_predictions,invalid_experimental_values,invalid_predictions
SW13,adrenal,18.0,2.0,5.0,0.0,25.0,20.0,5.0,80.0,20.0,80.0,100.0,78.26,0.6111111111111112,success,0.7844444444444445,0.8987677456916385,0.8771929824561403,25.0,9.0,-0.4037357817319463,34,0,0,0
EGI1,biliary,15.0,5.0,0.0,5.0,25.0,20.0,5.0,80.0,20.0,80.0,75.0,100.0,0.4827586206896552,success,0.9379310344827586,0.9906186612576064,0.9032258064516128,29.0,5.0,-0.4994108128033015,34,0,0,0
ETK1,biliary,14.0,4.0,2.0,5.0,25.0,18.0,7.0,72.0,28.000000000000004,72.0,73.68,87.5,0.48,success,0.7466666666666667,0.8874194733142102,0.8275862068965517,25.0,9.0,-0.5003606278669349,34,0,0,0
HUCCT1,biliary,13.0,3.0,4.0,5.0,25.0,16.0,9.0,64.0,36.0,64.0,72.22,76.47,0.55,success,0.5214285714285715,0.7329761605739689,0.8235294117647058,21.0,10.0,-0.5467360155282758,31,0,0,0
TGBC1TKB,biliary,8.0,1.0,1.0,4.0,14.0,9.0,5.0,64.28571428571429,35.714285714285715,64.29,66.67,88.89,0.4666666666666667,success,0.3888888888888889,0.8009773559773559,0.875,15.0,3.0,-0.4402823079537144,18,16,0,11
TGBC24TKB,biliary,17.0,3.0,0.0,5.0,25.0,20.0,5.0,80.0,20.0,80.0,77.27,100.0,0.4821428571428571,success,0.6517857142857143,0.8920835534830361,0.8852459016393442,28.0,6.0,-0.5080823613010655,34,0,0,0
5637,bladder,13.0,4.0,5.0,3.0,25.0,17.0,8.0,68.0,32.0,68.0,81.25,72.22,0.4782608695652174,success,0.7944664031620553,0.9127208401556284,0.7857142857142857,23.0,11.0,-0.5428507657859891,34,0,0,0
639V,bladder,4.0,5.0,5.0,0.0,14.0,9.0,5.0,64.28571428571429,35.714285714285715,64.29,100.0,44.44,0.5416666666666666,success,0.6875,0.4890572390572391,0.5217391304347826,6.0,12.0,-0.4959343839149658,18,16,0,11
647V,bladder,8.0,5.0,0.0,1.0,14.0,13.0,1.0,92.85714285714286,7.142857142857142,92.86,88.89,100.0,0.5,success,1.0,1.0,0.8387096774193549,13.0,5.0,-0.5592606042816772,18,16,0,11
BFTC905,bladder,23.0,0.0,0.0,2.0,25.0,23.0,2.0,92.0,8.0,92.0,92.0,100.0,,single_class,,,,,,,34,0,0,0
CAL29,bladder,15.0,4.0,0.0,6.0,25.0,19.0,6.0,76.0,24.0,76.0,71.43,100.0,0.625,success,0.9666666666666668,0.995766129032258,0.9523809523809524,30.0,4.0,-0.5339329575289975,34,0,0,0
DSH1,bladder,13.0,4.0,5.0,3.0,25.0,17.0,8.0,68.0,32.0,68.0,81.25,72.22,0.5454545454545454,success,0.7707509881422925,0.857648049330308,0.8214285714285714,23.0,11.0,-0.5428507657859891,34,0,0,0
HT1197,bladder,8.0,7.0,1.0,1.0,17.0,15.0,2.0,88.23529411764706,11.76470588235294,88.24,88.89,88.89,0.45,success,0.78,0.7958730158730158,0.6206896551724138,10.0,10.0,-0.4409322538057389,20,0,0,0
HT1376,bladder,7.0,6.0,7.0,5.0,25.0,13.0,12.0,52.0,48.0,52.0,58.33,50.0,0.5,success,0.4722222222222222,0.5160411302475139,0.6923076923076923,18.0,16.0,-0.4807934056018341,34,0,0,0
J82,bladder,14.0,3.0,4.0,4.0,25.0,17.0,8.0,68.0,32.0,68.0,77.78,77.78,0.4782608695652174,success,0.7154150197628458,0.8791719080700036,0.7857142857142857,23.0,11.0,-0.4563317072917438,34,0,0,0
KU1919,bladder,15.0,0.0,8.0,2.0,25.0,15.0,10.0,60.0,40.0,60.0,88.24,65.22,0.4523809523809524,success,0.4633699633699634,0.6815944493823249,0.7169811320754716,21.0,13.0,-0.3942096564973912,34,0,0,0
LB831BLC,bladder,14.0,6.0,2.0,3.0,25.0,20.0,5.0,80.0,20.0,80.0,82.35,87.5,0.5,success,0.63003663003663,0.6997961637864705,0.7636363636363637,21.0,13.0,-0.5116160680441351,34,0,0,0
RT112,bladder,15.0,4.0,2.0,4.0,25.0,19.0,6.0,76.0,24.0,76.0,78.95,88.24,0.5833333333333334,success,0.9107142857142858,0.9817301925714051,0.918032786885246,28.0,6.0,-0.5080823613010655,34,0,0,0
RT4,bladder,13.0,2.0,3.0,7.0,25.0,15.0,10.0,60.0,40.0,60.0,65.0,81.25,0.5714285714285714,success,0.5317460317460317,0.8462677335171613,0.9,27.0,7.0,-0.4459617914833336,34,0,0,0
SW1710,bladder,15.0,5.0,1.0,4.0,25.0,20.0,5.0,80.0,20.0,80.0,78.95,93.75,0.5,success,0.7134387351778656,0.8315394145234971,0.8070175438596491,23.0,11.0,-0.5116160680441351,34,0,0,0
SW780,bladder,12.0,6.0,4.0,3.0,25.0,18.0,7.0,72.0,28.000000000000004,72.0,80.0,75.0,0.5333333333333333,success,0.6070175438596491,0.6946024728485574,0.7307692307692307,19.0,15.0,-0.4796543355447248,34,0,0,0
TCCSUP,bladder,6.0,5.0,3.0,0.0,14.0,11.0,3.0,78.57142857142857,21.428571428571427,78.57,100.0,66.67,0.5555555555555556,success,0.9444444444444444,0.9427609427609428,0.6923076923076923,9.0,9.0,-0.5265462965331922,18,16,0,11
UMUC3,bladder,19.0,1.0,0.0,5.0,25.0,20.0,5.0,80.0,20.0,80.0,79.17,100.0,0.4838709677419355,success,0.4838709677419355,0.9139686315877954,0.9375,31.0,3.0,-0.5024492993852825,34,0,0,0
VMCUB1,bladder,13.0,5.0,2.0,5.0,25.0,18.0,7.0,72.0,28.000000000000004,72.0,72.22,86.67,0.5625,success,0.7764423076923077,0.9025595794185092,0.8813559322033898,26.0,8.0,-0.4631026915650101,34,0,0,0
A673,bone,14.0,4.0,1.0,6.0,25.0,18.0,7.0,72.0,28.000000000000004,72.0,70.0,93.33,0.4807692307692308,success,0.7307692307692307,0.8923814250396616,0.847457627118644,26.0,8.0,-0.528618167218398,34,0,0,0
CADOES1,bone,7.0,2.0,2.0,3.0,14.0,9.0,5.0,64.28571428571429,35.714285714285715,64.29,70.0,77.78,0.5,success,0.5486111111111112,0.6862914862914863,0.8,12.0,6.0,-0.406401755307906,18,16,0,11
CAL72,bone,7.0,3.0,2.0,2.0,14.0,10.0,4.0,71.42857142857143,28.57142857142857,71.43,77.78,77.78,0.5,success,0.6625,0.7501443001443001,0.7142857142857143,10.0,8.0,-0.4357627839323716,18,16,0,11
CAL78,bone,12.0,7.0,4.0,2.0,25.0,19.0,6.0,76.0,24.0,76.0,85.71,75.0,0.5,success,0.7378472222222222,0.7130390594034384,0.6923076923076923,18.0,16.0,-0.5116160680441351,34,0,0,0
CHSA8926,bone,9.0,1.0,3.0,1.0,14.0,10.0,4.0,71.42857142857143,28.57142857142857,71.43,90.0,75.0,0.5416666666666666,success,0.8124999999999999,0.8961292792175145,0.7857142857142857,12.0,6.0,-0.3984581013243466,18,15,0,10
CS1,bone,14.0,2.0,3.0,6.0,25.0,16.0,9.0,64.0,36.0,64.0,70.0,82.35,0.4821428571428571,success,0.7500000000000001,0.9479745708333436,0.8852459016393442,28.0,6.0,-0.5467360155282758,34,0,0,0
ES1,bone,8.0,4.0,1.0,1.0,14.0,12.0,2.0,85.71428571428571,14.285714285714285,85.71,88.89,88.89,0.4583333333333333,success,0.7916666666666667,0.8943764568764571,0.7586206896551724,12.0,6.0,-0.5481717770355398,18,16,0,11
ES4,bone,14.0,6.0,1.0,4.0,25.0,20.0,5.0,80.0,20.0,80.0,77.78,93.33,0.5555555555555556,success,0.8955555555555555,0.9645823842521664,0.8620689655172413,25.0,9.0,-0.4409322538057389,34,0,0,0
ES6,bone,9.0,8.0,7.0,1.0,25.0,17.0,8.0,68.0,32.0,68.0,90.0,56.25,0.5263157894736842,success,0.7333333333333332,0.6068827985739751,0.625,15.0,19.0,-0.5003606278669349,34,0,0,0
ES7,bone,21.0,1.0,2.0,1.0,25.0,22.0,3.0,88.0,12.0,88.0,95.45,91.3,0.5827586206896552,success,0.7586206896551724,0.9511193594723996,0.918032786885246,29.0,5.0,-0.4730376542493911,34,0,0,0
ES8,bone,15.0,5.0,0.0,5.0,25.0,20.0,5.0,80.0,20.0,80.0,75.0,100.0,0.4791666666666667,success,0.5770833333333333,0.7392341181098349,0.8070175438596491,24.0,10.0,-0.5088684335681448,34,0,0,0
EW1,bone,7.0,4.0,2.0,1.0,14.0,11.0,3.0,78.57142857142857,21.428571428571427,78.57,87.5,77.78,0.45,success,0.78125,0.853069153069153,0.6666666666666666,10.0,8.0,-0.5378673749989453,18,16,0,11
EW11,bone,12.0,6.0,4.0,3.0,25.0,18.0,7.0,72.0,28.000000000000004,72.0,80.0,75.0,0.4761904761904761,success,0.6575091575091575,0.6979678245988202,0.7407407407407407,21.0,13.0,-0.5003606278669349,34,0,0,0
EW13,bone,6.0,0.0,2.0,2.0,10.0,6.0,4.0,60.0,40.0,60.0,75.0,75.0,0.45,success,0.475,0.7127805527805529,0.782608695652174,10.0,4.0,-0.4402823079537144,14,14,0,9
EW16,bone,13.0,7.0,3.0,2.0,25.0,20.0,5.0,80.0,20.0,80.0,86.67,81.25,0.5,success,0.91699604743083,0.9666372053872054,0.8070175438596491,23.0,11.0,-0.5116160680441351,34,0,0,0
EW18,bone,7.0,5.0,2.0,0.0,14.0,12.0,2.0,85.71428571428571,14.285714285714285,85.71,100.0,77.78,0.5,success,0.68125,0.6573776223776224,0.7142857142857143,10.0,8.0,-0.5474541186697784,18,16,0,11
EW22,bone,14.0,6.0,3.0,2.0,25.0,20.0,5.0,80.0,20.0,80.0,87.5,82.35,0.5416666666666666,success,0.7821969696969697,0.8242389756769062,0.8,22.0,12.0,-0.5080823613010655,34,0,0,0
EW24,bone,16.0,2.0,7.0,0.0,25.0,18.0,7.0,72.0,28.000000000000004,72.0,100.0,69.57,0.5909090909090909,success,0.7628458498023716,0.8822559854788617,0.8363636363636363,23.0,11.0,-0.4037357817319463,34,0,0,0
EW3,bone,13.0,6.0,2.0,4.0,25.0,19.0,6.0,76.0,24.0,76.0,76.47,86.67,0.5384615384615384,success,0.5567765567765568,0.6182285221781019,0.7777777777777778,21.0,13.0,-0.4832001274653994,34,0,0,0
EW7,bone,14.0,1.0,1.0,9.0,25.0,15.0,10.0,60.0,40.0,60.0,60.87,93.33,0.4838709677419355,success,0.5537634408602151,0.9041726183475096,0.9375,31.0,3.0,-0.4949105390457723,34,0,0,0
G292CLONEA141B1,bone,10.0,8.0,5.0,2.0,25.0,18.0,7.0,72.0,28.000000000000004,72.0,83.33,66.67,0.5294117647058824,success,0.773356401384083,0.7467053431267601,0.68,17.0,17.0,-0.4871098483480751,34,0,0,0
HEMCSS,bone,10.0,10.0,5.0,0.0,25.0,20.0,5.0,80.0,20.0,80.0,100.0,66.67,0.5277777777777778,success,0.767361111111111,0.6910565537403773,0.6530612244897959,16.0,18.0,-0.4832001274653994,34,0,0,0
HOS,bone,7.0,5.0,1.0,1.0,14.0,12.0,2.0,85.71428571428571,14.285714285714285,85.71,87.5,87.5,0.5,success,0.8125,0.8033225108225107,0.7142857142857143,10.0,8.0,-0.5172269990775398,18,16,0,11
HUO3N1,bone,7.0,4.0,1.0,2.0,14.0,11.0,3.0,78.57142857142857,21.428571428571427,78.57,77.78,87.5,0.5,success,0.7846153846153846,0.899696670850517,0.8387096774193549,13.0,5.0,-0.5160977961555602,18,16,0,11
HUO9,bone,16.0,3.0,5.0,1.0,25.0,19.0,6.0,76.0,24.0,76.0,94.12,76.19,0.6146245059288538,success,0.5671936758893281,0.7255214388391917,0.8301886792452831,23.0,11.0,-0.3735166102417518,34,0,0,0
MG63,bone,9.0,1.0,0.0,4.0,14.0,10.0,4.0,71.42857142857143,28.57142857142857,71.43,69.23,100.0,0.5,success,0.734375,0.9613738181752888,0.9411764705882352,16.0,2.0,-0.406401755307906,18,16,0,11
MHHES1,bone,12.0,8.0,3.0,2.0,25.0,20.0,5.0,80.0,20.0,80.0,85.71,80.0,0.5357142857142857,success,0.8464285714285714,0.8878094209711858,0.7547169811320755,20.0,14.0,-0.4832001274653994,34,0,0,0
NOS1,bone,15.0,1.0,1.0,8.0,25.0,16.0,9.0,64.0,36.0,64.0,65.22,93.75,0.5,success,0.703125,0.9784146195832332,0.9696969696969696,32.0,2.0,-0.5116160680441351,34,0,0,0
NY,bone,9.0,5.0,5.0,6.0,25.0,14.0,11.0,56.00000000000001,44.0,56.0,60.0,64.29,0.5384615384615384,success,0.6648351648351648,0.7624540607655722,0.7777777777777778,21.0,13.0,-0.3488953035870707,34,0,0,0
RH1,bone,13.0,1.0,9.0,2.0,25.0,14.0,11.0,56.00000000000001,44.0,56.0,86.67,59.09,0.4756944444444444,success,0.6527777777777778,0.6902155238552298,0.6530612244897959,18.0,16.0,-0.4187510542703044,34,0,0,0
SAOS2,bone,8.0,2.0,0.0,4.0,14.0,10.0,4.0,71.42857142857143,28.57142857142857,71.43,66.67,100.0,0.5,success,0.890625,0.985702614379085,0.9411764705882352,16.0,2.0,-0.5172269990775398,18,16,0,11
SJSA1,bone,7.0,2.0,2.0,3.0,14.0,9.0,5.0,64.28571428571429,35.714285714285715,64.29,70.0,77.78,0.4642857142857143,success,0.6785714285714286,0.899517231134878,0.8387096774193549,14.0,4.0,-0.4957815508685729,18,16,0,11
SKES1,bone,13.0,2.0,3.0,7.0,25.0,15.0,10.0,60.0,40.0,60.0,65.0,81.25,0.4782608695652174,success,0.4743083003952569,0.6747944464425756,0.7857142857142857,23.0,11.0,-0.5003606278669349,34,0,0,0
TC71,bone,5.0,3.0,2.0,2.0,12.0,8.0,4.0,66.66666666666666,33.33333333333333,66.67,71.43,71.43,0.5,success,0.5952380952380952,0.6871031746031746,0.72,9.0,7.0,-0.5172269990775398,16,15,0,10
U2OS,bone,6.0,1.0,6.0,1.0,14.0,7.0,7.0,50.0,50.0,50.0,85.71,50.0,0.5125,success,0.6125,0.6804793735676089,0.6923076923076923,10.0,8.0,-0.4391199152946129,18,16,0,11
AU565,breast,4.0,5.0,5.0,0.0,14.0,9.0,5.0,64.28571428571429,35.714285714285715,64.29,100.0,44.44,0.5357142857142857,success,0.8125,0.4583333333333333,0.3809523809523809,4.0,14.0,-0.531235052598902,18,16,0,11
BT20,breast,7.0,3.0,2.0,2.0,14.0,10.0,4.0,71.42857142857143,28.57142857142857,71.43,77.78,77.78,0.4615384615384615,success,0.7076923076923076,0.8120823620823621,0.8,13.0,5.0,-0.5038039516100672,18,16,0,11
BT474,breast,12.0,2.0,11.0,0.0,25.0,14.0,11.0,56.00000000000001,44.0,56.0,100.0,52.17,0.5588235294117647,success,0.8131487889273357,0.836858023227036,0.6938775510204082,17.0,17.0,-0.4487002651575547,34,0,0,0
BT483,breast,9.0,6.0,2.0,8.0,25.0,15.0,10.0,60.0,40.0,60.0,52.94,81.82,0.5,success,0.5053571428571428,0.6320969906821623,0.7407407407407407,20.0,14.0,-0.5198741052557626,34,0,0,0
BT549,breast,5.0,3.0,4.0,2.0,14.0,8.0,6.0,57.14285714285714,42.85714285714285,57.14,71.43,55.56,0.4285714285714285,success,0.3311688311688311,0.3335886335886336,0.5,7.0,11.0,-0.4734534294680506,18,16,0,11
CAL120,breast,8.0,1.0,1.0,4.0,14.0,9.0,5.0,64.28571428571429,35.714285714285715,64.29,66.67,88.89,0.46875,success,0.84375,0.9805183531746032,0.9090909090909092,16.0,2.0,-0.495397090099148,18,16,0,11
CAL148,breast,13.0,1.0,10.0,1.0,25.0,14.0,11.0,56.00000000000001,44.0,56.0,92.86,56.52,0.5093984962406015,success,0.7293233082706767,0.7595928129243514,0.72,19.0,14.0,-0.4489979276811298,33,0,0,0
CAL51,breast,13.0,8.0,0.0,4.0,25.0,21.0,4.0,84.0,16.0,84.0,76.47,100.0,0.4772727272727273,success,0.831439393939394,0.9016695009887382,0.7636363636363637,22.0,12.0,-0.4595971743613261,34,0,0,0
CAL851,breast,9.0,1.0,0.0,4.0,14.0,10.0,4.0,71.42857142857143,28.57142857142857,71.43,69.23,100.0,0.4705882352941176,success,0.9411764705882352,0.9967320261437908,0.9411764705882352,17.0,1.0,-0.5403741903397169,18,16,0,11
CAMA1,breast,6.0,3.0,3.0,2.0,14.0,9.0,5.0,64.28571428571429,35.714285714285715,64.29,75.0,66.67,0.45,success,0.6625000000000001,0.7149494949494949,0.6666666666666666,10.0,8.0,-0.4734534294680506,18,16,0,11
COLO824,breast,7.0,5.0,1.0,1.0,14.0,12.0,2.0,85.71428571428571,14.285714285714285,85.71,87.5,87.5,0.5,success,0.8958333333333334,0.9533942364824718,0.8,12.0,6.0,-0.5172269990775398,18,16,0,11
DU4475,breast,16.0,2.0,1.0,6.0,25.0,18.0,7.0,72.0,28.000000000000004,72.0,72.73,94.12,0.4833333333333333,success,0.6541666666666667,0.930322266471718,0.9206349206349206,30.0,4.0,-0.5382580241041758,34,0,0,0
EFM19,breast,10.0,5.0,8.0,2.0,25.0,15.0,10.0,60.0,40.0,60.0,83.33,55.56,0.5333333333333333,success,0.6929824561403508,0.7055166829741836,0.7307692307692307,19.0,15.0,-0.4474831418421215,34,0,0,0
EFM192A,breast,11.0,8.0,2.0,4.0,25.0,19.0,6.0,76.0,24.0,76.0,73.33,84.62,0.5,success,0.6964285714285714,0.6975553281686558,0.7407407407407407,20.0,14.0,-0.5223425881588099,34,0,0,0
EVSAT,breast,7.0,3.0,2.0,2.0,14.0,10.0,4.0,71.42857142857143,28.57142857142857,71.43,77.78,77.78,0.4545454545454545,success,0.5974025974025974,0.6534894398530762,0.7142857142857143,11.0,7.0,-0.5038086491091243,18,16,0,11
HCC1143,breast,4.0,3.0,5.0,2.0,14.0,7.0,7.0,50.0,50.0,50.0,66.67,44.44,0.5454545454545454,success,0.5194805194805194,0.4085008245722531,0.5833333333333334,7.0,11.0,-0.5171241195876936,18,16,0,11
HCC1187,breast,10.0,7.0,6.0,2.0,25.0,17.0,8.0,68.0,32.0,68.0,83.33,62.5,0.53125,success,0.8854166666666666,0.8973711473711473,0.7058823529411765,18.0,16.0,-0.515213898310545,34,0,0,0
HCC1395,breast,13.0,2.0,10.0,0.0,25.0,15.0,10.0,60.0,40.0,60.0,100.0,56.52,0.5625,success,0.5208333333333333,0.5378439252859499,0.72,18.0,16.0,-0.3811098251237035,34,0,0,0
HCC1419,breast,11.0,2.0,12.0,0.0,25.0,13.0,12.0,52.0,48.0,52.0,100.0,47.83,0.55,success,0.7535714285714286,0.6715575885526625,0.6086956521739131,14.0,20.0,-0.4487340865819897,34,0,0,0
HCC1428,breast,13.0,2.0,10.0,0.0,25.0,15.0,10.0,60.0,40.0,60.0,100.0,56.52,0.5588235294117647,success,0.7093425605536332,0.6562935056562953,0.6938775510204082,17.0,17.0,-0.4426553937872873,34,0,0,0
HCC1500,breast,11.0,5.0,2.0,1.0,19.0,16.0,3.0,84.21052631578947,15.789473684210526,84.21,91.67,84.62,0.5357142857142857,success,0.6096938775510204,0.5817650563876743,0.6829268292682927,14.0,14.0,-0.5323233057082046,28,0,0,0
HCC1599,breast,4.0,3.0,0.0,3.0,10.0,7.0,3.0,70.0,30.0,70.0,57.14,100.0,0.5,success,0.7708333333333334,0.928409090909091,0.8421052631578947,8.0,3.0,-0.5172269990775398,11,9,0,7
HCC1806,breast,8.0,2.0,1.0,3.0,14.0,10.0,4.0,71.42857142857143,28.57142857142857,71.43,72.73,88.89,0.5,success,0.5888888888888889,0.863208099090452,0.9090909090909092,15.0,3.0,-0.5257719213107214,18,16,0,11
HCC1937,breast,8.0,3.0,1.0,2.0,14.0,11.0,3.0,78.57142857142857,21.428571428571427,78.57,80.0,88.89,0.4615384615384615,success,0.5923076923076923,0.7432217355294278,0.8,13.0,5.0,-0.5048314080963034,18,16,0,11
HCC1954,breast,13.0,5.0,0.0,7.0,25.0,18.0,7.0,72.0,28.000000000000004,72.0,65.0,100.0,0.5,success,0.9310344827586208,0.9879801928375056,0.9206349206349206,29.0,5.0,-0.4990878320259825,34,0,0,0
HCC2157,breast,8.0,5.0,0.0,1.0,14.0,13.0,1.0,92.85714285714286,7.142857142857142,92.86,88.89,100.0,0.5,success,0.951388888888889,0.9707362082362084,0.8,12.0,6.0,-0.5204489934907138,18,16,0,11
HCC38,breast,11.0,3.0,5.0,6.0,25.0,14.0,11.0,56.00000000000001,44.0,56.0,64.71,68.75,0.5,success,0.5019762845849802,0.6709323764420616,0.8070175438596491,23.0,11.0,-0.5272551101615156,34,0,0,0
HCC70,breast,5.0,3.0,4.0,2.0,14.0,8.0,6.0,57.14285714285714,42.85714285714285,57.14,71.43,55.56,0.4545454545454545,success,0.7402597402597403,0.8351600419782239,0.7142857142857143,11.0,7.0,-0.4959343839149658,18,16,0,11
HDQP1,breast,8.0,2.0,0.0,4.0,14.0,10.0,4.0,71.42857142857143,28.57142857142857,71.43,66.67,100.0,0.5,success,0.890625,0.985702614379085,0.9411764705882352,16.0,2.0,-0.5172269990775398,18,16,0,11
HS578T,breast,9.0,3.0,0.0,2.0,14.0,12.0,2.0,85.71428571428571,14.285714285714285,85.71,81.82,100.0,0.4666666666666667,success,0.9333333333333332,0.9888888888888888,0.875,15.0,3.0,-0.4814994743955654,18,16,0,11
JIMT1,breast,19.0,1.0,4.0,1.0,25.0,20.0,5.0,80.0,20.0,80.0,95.0,82.61,0.5827586206896552,success,0.9241379310344828,0.9877889800391024,0.918032786885246,29.0,5.0,-0.4502477449631474,34,0,0,0
MCF7,breast,12.0,6.0,3.0,4.0,25.0,18.0,7.0,72.0,28.000000000000004,72.0,75.0,80.0,0.5454545454545454,success,0.7193675889328063,0.7755972255896539,0.8214285714285714,23.0,11.0,-0.4270763956930943,34,0,0,0
MDAMB157,breast,7.0,3.0,4.0,0.0,14.0,10.0,4.0,71.42857142857143,28.57142857142857,71.43,100.0,63.64,0.65,success,0.59375,0.562725468975469,0.6956521739130435,8.0,10.0,-0.4627913602588668,18,16,0,11
MDAMB175VII,breast,16.0,2.0,0.0,7.0,25.0,18.0,7.0,72.0,28.000000000000004,72.0,69.57,100.0,0.484375,success,0.875,0.9921954474383798,0.953846153846154,32.0,2.0,-0.5093412163462161,34,0,0,0
MDAMB231,breast,13.0,5.0,2.0,5.0,25.0,18.0,7.0,72.0,28.000000000000004,72.0,72.22,86.67,0.5416666666666666,success,0.6382575757575758,0.7738252060177336,0.8,22.0,12.0,-0.528618167218398,34,0,0,0
MDAMB361,breast,17.0,1.0,6.0,1.0,25.0,18.0,7.0,72.0,28.000000000000004,72.0,94.44,73.91,0.5529100529100529,success,0.9153439153439152,0.9808464177497308,0.8813559322033898,27.0,7.0,-0.4593333081461996,34,0,0,0
MDAMB415,breast,10.0,4.0,9.0,2.0,25.0,14.0,11.0,56.00000000000001,44.0,56.0,83.33,52.63,0.4736842105263157,success,0.8333333333333333,0.899586888259837,0.6923076923076923,19.0,15.0,-0.5285110823169603,34,0,0,0
MDAMB436,breast,6.0,4.0,3.0,1.0,14.0,10.0,4.0,71.42857142857143,28.57142857142857,71.43,85.71,66.67,0.55,success,0.69375,0.6333333333333333,0.64,8.0,10.0,-0.4953224664015041,18,16,0,11
MDAMB453,breast,14.0,2.0,9.0,0.0,25.0,16.0,9.0,64.0,36.0,64.0,100.0,60.87,0.5555555555555556,success,0.3819444444444444,0.413247947755455,0.6666666666666666,16.0,18.0,-0.4487002651575547,34,0,0,0
MDAMB468,breast,6.0,3.0,3.0,2.0,14.0,9.0,5.0,64.28571428571429,35.714285714285715,64.29,75.0,66.67,0.45,success,0.6166666666666667,0.7061752136752137,0.72,10.0,6.0,-0.5306125067075352,16,15,0,11
MFM223,breast,7.0,3.0,2.0,2.0,14.0,10.0,4.0,71.42857142857143,28.57142857142857,71.43,77.78,77.78,0.4583333333333333,success,0.7916666666666667,0.9091404238463064,0.7586206896551724,12.0,6.0,-0.4482157631180204,18,16,0,11
MRKNU1,breast,13.0,6.0,3.0,3.0,25.0,19.0,6.0,76.0,24.0,76.0,81.25,81.25,0.53125,success,0.6649305555555556,0.6866318464144553,0.7058823529411765,18.0,16.0,-0.5171385558899138,34,0,0,0
OCUBM,breast,10.0,5.0,1.0,8.0,24.0,15.0,9.0,62.5,37.5,62.5,55.56,90.91,0.5,success,0.6024844720496894,0.7903639057367113,0.8679245283018868,23.0,7.0,-0.532561456250358,30,0,0,0
T47D,breast,7.0,9.0,8.0,1.0,25.0,16.0,9.0,64.0,36.0,64.0,87.5,46.67,0.5208333333333334,success,0.6770833333333334,0.4161750773592879,0.4651162790697674,10.0,24.0,-0.5242523918736672,34,0,0,0
UACC812,breast,15.0,3.0,3.0,4.0,25.0,18.0,7.0,72.0,28.000000000000004,72.0,78.95,83.33,0.4791666666666667,success,0.5041666666666668,0.7274108507566184,0.8070175438596491,24.0,10.0,-0.423009633152269,34,0,0,0
UACC893,breast,6.0,2.0,9.0,0.0,17.0,8.0,9.0,47.05882352941176,52.94117647058824,47.06,100.0,40.0,0.5714285714285714,success,0.4523809523809524,0.2926767676767676,0.5,6.0,14.0,-0.4487002651575547,20,0,0,0
ZR7530,breast,13.0,2.0,10.0,0.0,25.0,15.0,10.0,60.0,40.0,60.0,100.0,56.52,0.5588235294117647,success,0.5692041522491349,0.5514237027994143,0.6938775510204082,17.0,17.0,-0.4425446561322051,34,0,0,0
C33A,cervix,4.0,4.0,5.0,1.0,14.0,8.0,6.0,57.14285714285714,42.85714285714285,57.14,80.0,44.44,0.4285714285714285,success,0.5649350649350648,0.4668109668109668,0.5,7.0,11.0,-0.4375741614225621,18,16,0,11
C4I,cervix,12.0,6.0,3.0,4.0,25.0,18.0,7.0,72.0,28.000000000000004,72.0,75.0,80.0,0.4782608695652174,success,0.7549407114624506,0.8675650031232882,0.7857142857142857,23.0,11.0,-0.4871098483480751,34,0,0,0
CASKI,cervix,8.0,5.0,1.0,0.0,14.0,13.0,1.0,92.85714285714286,7.142857142857142,92.86,100.0,88.89,0.5833333333333334,success,0.9861111111111112,0.9935897435897436,0.8275862068965517,12.0,6.0,-0.5525629252051003,18,16,0,11
DOTC24510,cervix,7.0,3.0,2.0,2.0,14.0,10.0,4.0,71.42857142857143,28.57142857142857,71.43,77.78,77.78,0.4615384615384615,success,0.7846153846153846,0.9172105672105672,0.8,13.0,5.0,-0.5380692359032848,18,16,0,11
HELA,cervix,3.0,2.0,9.0,0.0,14.0,5.0,9.0,35.714285714285715,64.28571428571429,35.71,100.0,25.0,0.5769230769230769,success,0.7692307692307692,0.6337662337662338,0.4761904761904761,5.0,13.0,-0.4391199152946129,18,16,0,11
HT3,cervix,14.0,5.0,2.0,4.0,25.0,19.0,6.0,76.0,24.0,76.0,77.78,87.5,0.4807692307692308,success,0.8774038461538463,0.9656302524147546,0.847457627118644,26.0,8.0,-0.5003606278669349,34,0,0,0
ME180,cervix,6.0,4.0,3.0,1.0,14.0,10.0,4.0,71.42857142857143,28.57142857142857,71.43,85.71,66.67,0.5625,success,0.73125,0.7124891774891774,0.7407407407407407,10.0,8.0,-0.5380692359032848,18,16,0,11
MS751,cervix,1.0,4.0,8.0,1.0,14.0,5.0,9.0,35.714285714285715,64.28571428571429,35.71,50.0,11.11,0.5333333333333333,success,0.4444444444444444,0.2254901960784313,0.3,3.0,15.0,-0.5535657950404682,18,16,0,11
SIHA,cervix,3.0,2.0,9.0,0.0,14.0,5.0,9.0,35.714285714285715,64.28571428571429,35.71,100.0,25.0,0.5714285714285714,success,0.75,0.5551948051948052,0.4,4.0,14.0,-0.4401209591211318,18,16,0,11
SISO,cervix,11.0,5.0,3.0,6.0,25.0,16.0,9.0,64.0,36.0,64.0,64.71,78.57,0.5454545454545454,success,0.6086956521739131,0.7823663724772147,0.8214285714285714,23.0,11.0,-0.5129074954494216,34,0,0,0
SKGIIIA,cervix,15.0,5.0,1.0,4.0,25.0,20.0,5.0,80.0,20.0,80.0,78.95,93.75,0.5,success,0.7596153846153846,0.9000369860981019,0.8666666666666667,26.0,8.0,-0.5116160680441351,34,0,0,0
SW756,cervix,11.0,8.0,3.0,3.0,25.0,19.0,6.0,76.0,24.0,76.0,78.57,78.57,0.46875,success,0.5989583333333334,0.5278780744427198,0.6122448979591837,16.0,18.0,-0.5179465704208286,34,0,0,0
TCYIK,cervix,8.0,2.0,4.0,0.0,14.0,10.0,4.0,71.42857142857143,28.57142857142857,71.43,100.0,66.67,0.6428571428571428,success,0.7222222222222222,0.7519671686338354,0.782608695652174,9.0,7.0,-0.4384939573762502,16,15,0,11
42MGBA,cns,18.0,4.0,1.0,2.0,25.0,22.0,3.0,88.0,12.0,88.0,90.0,94.74,0.5625,success,0.7331730769230769,0.8741739789873274,0.8813559322033898,26.0,8.0,-0.5066886220097124,34,0,0,0
8MGBA,cns,8.0,3.0,1.0,2.0,14.0,11.0,3.0,78.57142857142857,21.428571428571427,78.57,80.0,88.89,0.5833333333333334,success,0.6875000000000001,0.819351481851482,0.8275862068965517,12.0,6.0,-0.4402823079537144,18,16,0,11
A172,cns,13.0,4.0,1.0,7.0,25.0,17.0,8.0,68.0,32.0,68.0,65.0,92.86,0.5454545454545454,success,0.5928853754940712,0.7718699408254253,0.8214285714285714,23.0,11.0,-0.4334848181542373,34,0,0,0
AM38,cns,12.0,8.0,2.0,3.0,25.0,20.0,5.0,80.0,20.0,80.0,80.0,85.71,0.475,success,0.7839285714285714,0.8351118119253804,0.7169811320754716,20.0,14.0,-0.5329684585401225,34,0,0,0
BECKER,cns,14.0,5.0,3.0,3.0,25.0,19.0,6.0,76.0,24.0,76.0,82.35,82.35,0.4772727272727273,success,0.7272727272727272,0.8462114967844281,0.7636363636363637,22.0,12.0,-0.5080823613010655,34,0,0,0
CAS1,cns,6.0,2.0,3.0,3.0,14.0,8.0,6.0,57.14285714285714,42.85714285714285,57.14,66.67,66.67,0.4583333333333333,success,0.625,0.8004703901762726,0.7586206896551724,12.0,6.0,-0.4402823079537144,18,16,0,11
D263MG,cns,7.0,5.0,2.0,0.0,14.0,12.0,2.0,85.71428571428571,14.285714285714285,85.71,100.0,77.78,0.5625,success,0.80625,0.8069696969696969,0.7407407407407407,10.0,8.0,-0.4402823079537144,18,16,0,11
D283MED,cns,6.0,2.0,6.0,0.0,14.0,8.0,6.0,57.14285714285714,42.85714285714285,57.14,100.0,50.0,0.625,success,0.8374999999999999,0.8322943722943723,0.7692307692307693,10.0,8.0,-0.4401209591211318,18,16,0,11
D392MG,cns,8.0,8.0,6.0,3.0,25.0,16.0,9.0,64.0,36.0,64.0,72.73,57.14,0.5263157894736842,success,0.6877192982456141,0.6868934676434677,0.625,15.0,19.0,-0.4334848181542373,34,0,0,0
DAOY,cns,11.0,9.0,5.0,0.0,25.0,20.0,5.0,80.0,20.0,80.0,100.0,68.75,0.5,success,0.8420138888888888,0.7680467102342102,0.64,16.0,18.0,-0.5116160680441351,34,0,0,0
DBTRG05MG,cns,11.0,3.0,5.0,6.0,25.0,14.0,11.0,56.00000000000001,44.0,56.0,64.71,68.75,0.4772727272727273,success,0.5681818181818182,0.7718341529178976,0.7636363636363637,22.0,12.0,-0.4377954877616026,34,0,0,0
DKMG,cns,8.0,2.0,1.0,3.0,14.0,10.0,4.0,71.42857142857143,28.57142857142857,71.43,72.73,88.89,0.6666666666666666,success,0.888888888888889,0.9790616246498598,0.9375,15.0,3.0,-0.4313362419608988,18,16,0,11
GAMG,cns,16.0,4.0,0.0,5.0,25.0,20.0,5.0,80.0,20.0,80.0,76.19,100.0,0.5,success,0.7116402116402116,0.8864861800216117,0.8852459016393442,27.0,7.0,-0.5116160680441351,34,0,0,0
GB1,cns,11.0,6.0,5.0,3.0,25.0,17.0,8.0,68.0,32.0,68.0,78.57,68.75,0.5,success,0.6946428571428571,0.7708307308239251,0.7407407407407407,20.0,14.0,-0.5116160680441351,34,0,0,0
GI1,cns,14.0,2.0,1.0,2.0,19.0,16.0,3.0,84.21052631578947,15.789473684210526,84.21,87.5,93.33,0.5,success,0.8130434782608695,0.9475095182707244,0.9019607843137256,23.0,5.0,-0.5116160680441351,28,0,0,0
H4,cns,9.0,1.0,3.0,1.0,14.0,10.0,4.0,71.42857142857143,28.57142857142857,71.43,90.0,75.0,0.5416666666666666,success,0.75,0.8491011303511304,0.7857142857142857,12.0,6.0,-0.4415623682002116,18,15,0,10
KALS1,cns,6.0,1.0,3.0,4.0,14.0,7.0,7.0,50.0,50.0,50.0,60.0,66.67,0.4615384615384615,success,0.3307692307692308,0.6860315463822251,0.8,13.0,5.0,-0.5025320984962852,18,16,0,11
KINGS1,cns,12.0,8.0,4.0,1.0,25.0,20.0,5.0,80.0,20.0,80.0,92.31,75.0,0.5,success,0.8802083333333334,0.8865774919954487,0.6923076923076923,18.0,16.0,-0.5116160680441351,34,0,0,0
KS1,cns,14.0,1.0,1.0,9.0,25.0,15.0,10.0,60.0,40.0,60.0,60.87,93.33,0.4833333333333333,success,0.6,0.9330013126757548,0.9206349206349206,30.0,4.0,-0.4287063451579687,34,0,0,0
LN18,cns,13.0,5.0,3.0,4.0,25.0,18.0,7.0,72.0,28.000000000000004,72.0,76.47,81.25,0.4736842105263157,success,0.5824561403508772,0.67878141455826,0.6923076923076923,19.0,15.0,-0.5003606278669349,34,0,0,0
LN229,cns,10.0,6.0,8.0,1.0,25.0,16.0,9.0,64.0,36.0,64.0,90.91,55.56,0.5277777777777778,success,0.7569444444444444,0.7488993277777098,0.6530612244897959,16.0,18.0,-0.5432966276848364,34,0,0,0
LN405,cns,6.0,5.0,3.0,0.0,14.0,11.0,3.0,78.57142857142857,21.428571428571427,78.57,100.0,66.67,0.5454545454545454,success,0.7922077922077921,0.5932900432900432,0.5833333333333334,7.0,11.0,-0.5225739314563456,18,16,0,11
LNZTA3WT4,cns,7.0,1.0,1.0,1.0,10.0,8.0,2.0,80.0,20.0,80.0,87.5,87.5,0.45,success,0.4875,0.7668831168831168,0.782608695652174,10.0,4.0,-0.4413184592891929,14,14,0,9
M059J,cns,8.0,2.0,4.0,0.0,14.0,10.0,4.0,71.42857142857143,28.57142857142857,71.43,100.0,66.67,0.6111111111111112,success,0.6851851851851851,0.6694342694342694,0.72,9.0,9.0,-0.3388784887785211,18,16,0,11
MOGGCCM,cns,9.0,8.0,7.0,1.0,25.0,17.0,8.0,68.0,32.0,68.0,90.0,56.25,0.5,success,0.756140350877193,0.6805366357069144,0.6122448979591837,15.0,19.0,-0.5116160680441351,34,0,0,0
MOGGUVW,cns,9.0,0.0,0.0,5.0,14.0,9.0,5.0,64.28571428571429,35.714285714285715,64.29,64.29,100.0,0.4705882352941176,success,0.2058823529411764,0.9201735932272264,0.9411764705882352,17.0,1.0,-0.4402823079537144,18,16,0,11
ONS76,cns,6.0,0.0,3.0,5.0,14.0,6.0,8.0,42.85714285714285,57.14285714285714,42.86,54.55,66.67,0.4642857142857143,success,0.2410714285714285,0.7103320115925158,0.8387096774193549,14.0,4.0,-0.4482387550996228,18,16,0,11
PFSK1,cns,8.0,5.0,2.0,2.0,17.0,13.0,4.0,76.47058823529412,23.52941176470588,76.47,80.0,80.0,0.5714285714285714,success,0.8571428571428571,0.935495223730518,0.8125,13.0,7.0,-0.5080823613010655,20,0,0,0
SF268,cns,8.0,3.0,1.0,2.0,14.0,11.0,3.0,78.57142857142857,21.428571428571427,78.57,80.0,88.89,0.5833333333333334,success,0.7430555555555556,0.856484718984719,0.8275862068965517,12.0,6.0,-0.4493872147833167,18,16,0,11
SF539,cns,8.0,3.0,1.0,2.0,14.0,11.0,3.0,78.57142857142857,21.428571428571427,78.57,80.0,88.89,0.4545454545454545,success,0.8181818181818182,0.914520202020202,0.7692307692307693,11.0,5.0,-0.5244530029030634,16,15,0,11
SKMG1,cns,6.0,6.0,2.0,0.0,14.0,12.0,2.0,85.71428571428571,14.285714285714285,85.71,100.0,75.0,0.5,success,0.9,0.9058333333333334,0.7142857142857143,10.0,8.0,-0.5160977961555602,18,16,0,11
SKPNDW,cns,8.0,2.0,1.0,3.0,14.0,10.0,4.0,71.42857142857143,28.57142857142857,71.43,72.73,88.89,0.4545454545454545,success,0.4545454545454545,0.5971974994702267,0.7142857142857143,11.0,7.0,-0.4402823079537144,18,16,0,11
SW1088,cns,7.0,4.0,2.0,1.0,14.0,11.0,3.0,78.57142857142857,21.428571428571427,78.57,87.5,77.78,0.4444444444444444,success,0.7098765432098765,0.7558922558922561,0.6153846153846154,9.0,9.0,-0.4402823079537144,18,16,0,11
SW1783,cns,8.0,4.0,1.0,1.0,14.0,12.0,2.0,85.71428571428571,14.285714285714285,85.71,88.89,88.89,0.4545454545454545,success,0.9090909090909092,0.9715909090909092,0.7692307692307693,11.0,5.0,-0.4402823079537144,16,15,0,11
T98G,cns,9.0,3.0,0.0,2.0,14.0,12.0,2.0,85.71428571428571,14.285714285714285,85.71,81.82,100.0,0.4666666666666667,success,0.8888888888888888,0.9805555555555554,0.875,15.0,3.0,-0.4402823079537144,18,16,0,11
U118MG,cns,12.0,7.0,4.0,2.0,25.0,19.0,6.0,76.0,24.0,76.0,85.71,75.0,0.5,success,0.7413194444444444,0.7806086385171354,0.6923076923076923,18.0,16.0,-0.5116160680441351,34,0,0,0
U251,cns,7.0,4.0,2.0,1.0,14.0,11.0,3.0,78.57142857142857,21.428571428571427,78.57,87.5,77.78,0.4545454545454545,success,0.7272727272727273,0.8255280073461893,0.7142857142857143,11.0,7.0,-0.4402823079537144,18,16,0,11
U87MG,cns,12.0,5.0,2.0,6.0,25.0,17.0,8.0,68.0,32.0,68.0,66.67,85.71,0.4772727272727273,success,0.6420454545454546,0.7897853325596076,0.7636363636363637,22.0,12.0,-0.4334848181542373,34,0,0,0
YH13,cns,12.0,5.0,4.0,4.0,25.0,17.0,8.0,68.0,32.0,68.0,75.0,75.0,0.5,success,0.5416666666666666,0.5448595869994649,0.6923076923076923,18.0,16.0,-0.5116160680441351,34,0,0,0
C2BBE1,colon,12.0,5.0,4.0,4.0,25.0,17.0,8.0,68.0,32.0,68.0,75.0,75.0,0.55,success,0.8208333333333333,0.92814230263812,0.8421052631578947,24.0,10.0,-0.5003606278669349,34,0,0,0
CAR1,colon,16.0,5.0,0.0,4.0,25.0,21.0,4.0,84.0,16.0,84.0,80.0,100.0,0.5,success,0.9136904761904764,0.9825040774856952,0.9032258064516128,28.0,6.0,-0.5116160680441351,34,0,0,0
CCK81,colon,22.0,2.0,1.0,0.0,25.0,24.0,1.0,96.0,4.0,96.0,100.0,95.65,0.75,success,0.9208333333333334,0.9872704503108736,0.967741935483871,30.0,4.0,-0.4037357817319463,34,0,0,0
CL11,colon,7.0,2.0,1.0,4.0,14.0,9.0,5.0,64.28571428571429,35.714285714285715,64.29,63.64,87.5,0.5,success,0.8777777777777778,0.9722667528549882,0.9090909090909092,15.0,3.0,-0.5356504755155083,18,16,0,11
CL40,colon,12.0,7.0,3.0,3.0,25.0,19.0,6.0,76.0,24.0,76.0,80.0,80.0,0.5384615384615384,success,0.8571428571428571,0.9019607562363644,0.7777777777777778,21.0,13.0,-0.5339329575289975,34,0,0,0
COLO205,colon,12.0,6.0,4.0,3.0,25.0,18.0,7.0,72.0,28.000000000000004,72.0,80.0,75.0,0.4090909090909091,success,0.6590909090909092,0.8150648111543833,0.6923076923076923,22.0,12.0,-0.4328309368534598,34,0,0,0
COLO320HSR,colon,15.0,4.0,2.0,4.0,25.0,19.0,6.0,76.0,24.0,76.0,78.95,88.24,0.5555555555555556,success,0.6333333333333333,0.7960403287751658,0.8620689655172413,25.0,9.0,-0.5080823613010655,34,0,0,0
COLO678,colon,6.0,10.0,8.0,1.0,25.0,16.0,9.0,64.0,36.0,64.0,85.71,42.86,0.5185185185185185,success,0.7142857142857143,0.4392794486215539,0.35,7.0,27.0,-0.5214734495322828,34,0,0,0
CW2,colon,14.0,6.0,2.0,3.0,25.0,20.0,5.0,80.0,20.0,80.0,82.35,87.5,0.5416666666666666,success,0.6799242424242424,0.791993597352189,0.8,22.0,12.0,-0.5036073954096607,34,0,0,0
DIFI,colon,8.0,1.0,1.0,4.0,14.0,9.0,5.0,64.28571428571429,35.714285714285715,64.29,66.67,88.89,0.46875,success,0.71875,0.9647490887380592,0.9090909090909092,16.0,2.0,-0.5909148158728217,18,16,0,11
GP5D,colon,11.0,2.0,3.0,9.0,25.0,13.0,12.0,52.0,48.0,52.0,55.0,78.57,0.5625,success,0.4519230769230769,0.7838278889759438,0.8813559322033898,26.0,8.0,-0.516303912782518,34,0,0,0
HCC2998,colon,18.0,2.0,1.0,4.0,25.0,20.0,5.0,80.0,20.0,80.0,81.82,94.74,0.4821428571428571,success,0.6458333333333334,0.9020267511070228,0.8852459016393442,28.0,6.0,-0.5052648149324499,34,0,0,0
HCT116,colon,13.0,3.0,2.0,7.0,25.0,16.0,9.0,64.0,36.0,64.0,65.0,86.67,0.5833333333333334,success,0.7351190476190477,0.9237846135576095,0.918032786885246,28.0,6.0,-0.5242523918736672,34,0,0,0
HCT15,colon,18.0,2.0,0.0,5.0,25.0,20.0,5.0,80.0,20.0,80.0,78.26,100.0,0.6666666666666666,success,0.7688172043010754,0.961568452569935,0.96875,31.0,3.0,-0.4592938573100816,34,0,0,0
HT29,colon,9.0,4.0,2.0,10.0,25.0,13.0,12.0,52.0,48.0,52.0,47.37,81.82,0.5,success,0.5264423076923077,0.7718541308207825,0.8666666666666667,26.0,8.0,-0.511351623693959,34,0,0,0
HT55,colon,15.0,7.0,2.0,1.0,25.0,22.0,3.0,88.0,12.0,88.0,93.75,88.24,0.5416666666666666,success,0.7291666666666666,0.7498811378367387,0.8,22.0,12.0,-0.5467360155282758,34,0,0,0
KM12,colon,6.0,2.0,3.0,3.0,14.0,8.0,6.0,57.14285714285714,42.85714285714285,57.14,66.67,66.67,0.4583333333333333,success,0.375,0.665489024864025,0.7586206896551724,12.0,6.0,-0.4413184592891929,18,16,0,11
LOVO,colon,14.0,3.0,0.0,8.0,25.0,17.0,8.0,68.0,32.0,68.0,63.64,100.0,0.4833333333333333,success,0.7416666666666667,0.945725243393418,0.9206349206349206,30.0,4.0,-0.5179465704208286,34,0,0,0
LS123,colon,12.0,7.0,2.0,4.0,25.0,19.0,6.0,76.0,24.0,76.0,75.0,85.71,0.48,success,0.8177777777777778,0.9242018893372372,0.8275862068965517,25.0,9.0,-0.5245425848467651,34,0,0,0
LS180,colon,14.0,3.0,1.0,7.0,25.0,17.0,8.0,68.0,32.0,68.0,66.67,93.33,0.4827586206896552,success,0.7896551724137932,0.95232626291811,0.9032258064516128,29.0,5.0,-0.47013533064043,34,0,0,0
LS411N,colon,17.0,3.0,0.0,5.0,25.0,20.0,5.0,80.0,20.0,80.0,77.27,100.0,0.4833333333333333,success,0.7375,0.947451506402322,0.9206349206349206,30.0,4.0,-0.5224817665100198,34,0,0,0
LS513,colon,10.0,2.0,2.0,5.0,19.0,12.0,7.0,63.1578947368421,36.84210526315789,63.16,66.67,83.33,0.4791666666666667,success,0.671875,0.9234026533517268,0.9019607843137256,24.0,4.0,-0.5179465704208286,28,0,0,0
MDST8,colon,12.0,3.0,0.0,4.0,19.0,15.0,4.0,78.94736842105263,21.052631578947366,78.95,75.0,100.0,0.5714285714285714,success,0.6326530612244898,0.8239732157107117,0.875,21.0,7.0,-0.5329684585401225,28,0,0,0
NCIH716,colon,6.0,5.0,2.0,1.0,14.0,11.0,3.0,78.57142857142857,21.428571428571427,78.57,85.71,75.0,0.5,success,0.948051948051948,0.9757575757575756,0.7586206896551724,11.0,7.0,-0.5260010792533789,18,16,0,11
NCIH747,colon,8.0,3.0,1.0,2.0,14.0,11.0,3.0,78.57142857142857,21.428571428571427,78.57,80.0,88.89,0.5,success,0.7857142857142857,0.9296277252159604,0.875,14.0,4.0,-0.5803024962090577,18,16,0,11
RCM1,colon,10.0,4.0,5.0,6.0,25.0,14.0,11.0,56.00000000000001,44.0,56.0,62.5,66.67,0.4772727272727273,success,0.5890151515151515,0.7579255932184794,0.7636363636363637,22.0,12.0,-0.5088684335681448,34,0,0,0
RKO,colon,12.0,6.0,0.0,7.0,25.0,18.0,7.0,72.0,28.000000000000004,72.0,63.16,100.0,0.5,success,0.8333333333333333,0.94390579062511,0.8852459016393442,27.0,7.0,-0.5107953856848678,34,0,0,0
SKCO1,colon,15.0,4.0,4.0,2.0,25.0,19.0,6.0,76.0,24.0,76.0,88.24,78.95,0.625,success,0.7620192307692308,0.916726240156481,0.896551724137931,26.0,8.0,-0.5756654846087745,34,0,0,0
SNU175,colon,6.0,2.0,5.0,1.0,14.0,8.0,6.0,57.14285714285714,42.85714285714285,57.14,85.71,54.55,0.575,success,0.6875,0.7336387142269496,0.72,10.0,8.0,-0.41929998136984,18,16,0,11
SNU407,colon,13.0,1.0,0.0,5.0,19.0,14.0,5.0,73.68421052631578,26.31578947368421,73.68,72.22,100.0,0.6666666666666666,success,0.72,0.9588541550575876,0.9615384615384616,25.0,3.0,-0.5339329575289975,28,0,0,0
SNU61,colon,6.0,2.0,2.0,0.0,10.0,8.0,2.0,80.0,20.0,80.0,100.0,75.0,0.625,success,0.775,0.9094696969696968,0.8695652173913043,10.0,4.0,-0.573181161922037,14,14,0,9
SNUC1,colon,14.0,3.0,2.0,6.0,25.0,17.0,8.0,68.0,32.0,68.0,70.0,87.5,0.4807692307692308,success,0.7307692307692308,0.9255533870068718,0.8620689655172413,26.0,7.0,-0.5444325123899256,33,0,0,0
SNUC2B,colon,14.0,6.0,4.0,1.0,25.0,20.0,5.0,80.0,20.0,80.0,93.33,77.78,0.5333333333333333,success,0.7368421052631579,0.7911038062339595,0.7307692307692307,19.0,15.0,-0.4563317072917438,34,0,0,0
SNUC5,colon,14.0,6.0,0.0,5.0,25.0,20.0,5.0,80.0,20.0,80.0,73.68,100.0,0.55,success,0.7541666666666667,0.8710366580074895,0.8421052631578947,24.0,10.0,-0.5243898988664886,34,0,0,0
SW1116,colon,13.0,3.0,2.0,7.0,25.0,16.0,9.0,64.0,36.0,64.0,65.0,86.67,0.5833333333333334,success,0.7351190476190477,0.9228607027301292,0.918032786885246,28.0,6.0,-0.5088684335681448,34,0,0,0
SW1417,colon,10.0,7.0,5.0,3.0,25.0,17.0,8.0,68.0,32.0,68.0,76.92,66.67,0.5333333333333333,success,0.55625,0.5266987164405643,0.6956521739130435,16.0,15.0,-0.5247452349306012,31,0,0,0
SW1463,colon,18.0,0.0,5.0,2.0,25.0,18.0,7.0,72.0,28.000000000000004,72.0,90.0,78.26,0.4655172413793103,success,0.8620689655172413,0.9774215329214349,0.8852459016393442,29.0,5.0,-0.4412667087155302,34,0,0,0
SW48,colon,8.0,3.0,1.0,2.0,14.0,11.0,3.0,78.57142857142857,21.428571428571427,78.57,80.0,88.89,0.625,success,0.7857142857142857,0.9002259645116788,0.9032258064516128,14.0,4.0,-0.4772984856008194,18,16,0,11
SW620,colon,11.0,6.0,6.0,2.0,25.0,17.0,8.0,68.0,32.0,68.0,84.62,64.71,0.4705882352941176,success,0.7941176470588235,0.8150786403745791,0.64,17.0,17.0,-0.5467360155282758,34,0,0,0
SW626,colon,13.0,7.0,2.0,3.0,25.0,20.0,5.0,80.0,20.0,80.0,81.25,86.67,0.4736842105263157,success,0.7263157894736842,0.7677703338791819,0.6923076923076923,19.0,15.0,-0.5088684335681448,34,0,0,0
SW837,colon,13.0,6.0,2.0,4.0,25.0,19.0,6.0,76.0,24.0,76.0,76.47,86.67,0.48,success,0.8155555555555556,0.922532749721006,0.8275862068965517,25.0,9.0,-0.528618167218398,34,0,0,0
SW948,colon,11.0,3.0,0.0,11.0,25.0,14.0,11.0,56.00000000000001,44.0,56.0,50.0,100.0,0.5,success,0.7541666666666667,0.9605241880847776,0.9375,30.0,4.0,-0.5183546000490487,34,0,0,0
T84,colon,17.0,1.0,6.0,1.0,25.0,18.0,7.0,72.0,28.000000000000004,72.0,94.44,73.91,0.5432692307692308,success,0.8966346153846154,0.9712022502060452,0.8620689655172413,26.0,8.0,-0.4594939038911098,34,0,0,0
AN3CA,endometrium,7.0,4.0,2.0,1.0,14.0,11.0,3.0,78.57142857142857,21.428571428571427,78.57,87.5,77.78,0.4583333333333333,success,0.7638888888888888,0.805681818181818,0.7586206896551724,12.0,6.0,-0.4402823079537144,18,16,0,11
COLO684,endometrium,7.0,4.0,2.0,1.0,14.0,11.0,3.0,78.57142857142857,21.428571428571427,78.57,87.5,77.78,0.4375,success,0.63125,0.5777243589743589,0.56,8.0,10.0,-0.4398752533902615,18,16,0,11
EN,endometrium,7.0,1.0,2.0,4.0,14.0,8.0,6.0,57.14285714285714,42.85714285714285,57.14,63.64,77.78,0.4642857142857143,success,0.5357142857142857,0.8187063928135356,0.8387096774193549,14.0,4.0,-0.4375741614225621,18,16,0,11
ESS1,endometrium,15.0,4.0,3.0,3.0,25.0,19.0,6.0,76.0,24.0,76.0,83.33,83.33,0.5625,success,0.7524038461538461,0.9016236342849514,0.8813559322033898,26.0,8.0,-0.4489670211516929,34,0,0,0
HEC1,endometrium,12.0,7.0,6.0,0.0,25.0,19.0,6.0,76.0,24.0,76.0,100.0,66.67,0.5277777777777778,success,0.7829861111111112,0.7276640944839474,0.6530612244897959,16.0,18.0,-0.4436812486245005,34,0,0,0
KLE,endometrium,9.0,5.0,8.0,3.0,25.0,14.0,11.0,56.00000000000001,44.0,56.0,75.0,52.94,0.5238095238095238,success,0.4157509157509157,0.3439085762856304,0.5652173913043478,13.0,21.0,-0.5467360155282758,34,0,0,0
MFE280,endometrium,16.0,2.0,7.0,0.0,25.0,18.0,7.0,72.0,28.000000000000004,72.0,100.0,69.57,0.5909090909090909,success,0.7747035573122529,0.8285489227834933,0.8363636363636363,23.0,11.0,-0.4512571360327071,34,0,0,0
MFE296,endometrium,6.0,3.0,3.0,2.0,14.0,9.0,5.0,64.28571428571429,35.714285714285715,64.29,75.0,66.67,0.4444444444444444,success,0.5740740740740741,0.6322109988776656,0.6153846153846154,9.0,9.0,-0.429210648227497,18,16,0,11
MFE319,endometrium,10.0,1.0,13.0,1.0,25.0,11.0,14.0,44.0,56.00000000000001,44.0,90.91,43.48,0.4965277777777778,success,0.7309027777777777,0.7387258652154698,0.625,16.0,18.0,-0.4495682374227175,34,0,0,0
RL952,endometrium,4.0,2.0,5.0,3.0,14.0,6.0,8.0,42.85714285714285,57.14285714285714,42.86,57.14,44.44,0.4444444444444444,success,0.4506172839506173,0.5459034792368126,0.6153846153846154,9.0,9.0,-0.4402823079537144,18,16,0,11
SNGM,endometrium,6.0,4.0,3.0,1.0,14.0,10.0,4.0,71.42857142857143,28.57142857142857,71.43,85.71,66.67,0.4444444444444444,success,0.7222222222222222,0.751851851851852,0.6153846153846154,9.0,9.0,-0.464680793187366,18,16,0,11
COLO680N,esophagus,6.0,5.0,2.0,1.0,14.0,11.0,3.0,78.57142857142857,21.428571428571427,78.57,85.71,75.0,0.5,success,0.7901234567901233,0.7854377104377104,0.6666666666666666,9.0,9.0,-0.5172269990775398,18,16,0,11
ECGI10,esophagus,18.0,2.0,0.0,5.0,25.0,20.0,5.0,80.0,20.0,80.0,78.26,100.0,0.4838709677419355,success,0.6290322580645161,0.9394088618070158,0.9375,31.0,3.0,-0.5432966276848364,34,0,0,0
ESO26,esophagus,18.0,1.0,5.0,1.0,25.0,19.0,6.0,76.0,24.0,76.0,94.74,78.26,0.5291666666666667,success,0.7,0.8590118336800747,0.8214285714285714,24.0,10.0,-0.4439281500035608,34,0,0,0
ESO51,esophagus,14.0,2.0,2.0,6.0,24.0,16.0,8.0,66.66666666666666,33.33333333333333,66.67,70.0,87.5,0.48,success,0.565,0.8355537323232674,0.8421052631578947,25.0,8.0,-0.5467360155282758,33,0,0,0
FLO1,esophagus,7.0,5.0,1.0,1.0,14.0,12.0,2.0,85.71428571428571,14.285714285714285,85.71,87.5,87.5,0.5,success,0.75,0.7681857031857031,0.7407407407407407,10.0,7.0,-0.5172269990775398,17,16,0,11
KYAE1,esophagus,8.0,3.0,1.0,2.0,14.0,11.0,3.0,78.57142857142857,21.428571428571427,78.57,80.0,88.89,0.5,success,0.7857142857142858,0.9307815200672344,0.875,14.0,4.0,-0.5803129371142874,18,16,0,11
KYSE140,esophagus,8.0,4.0,1.0,1.0,14.0,12.0,2.0,85.71428571428571,14.285714285714285,85.71,88.89,88.89,0.4545454545454545,success,0.6753246753246752,0.7522073885710249,0.7142857142857143,11.0,7.0,-0.4340953824909866,18,16,0,11
KYSE150,esophagus,8.0,1.0,0.0,5.0,14.0,9.0,5.0,64.28571428571429,35.714285714285715,64.29,61.54,100.0,0.5,success,0.4888888888888889,0.8377173044820103,0.9090909090909092,15.0,3.0,-0.5172269990775398,18,16,0,11
KYSE180,esophagus,20.0,1.0,3.0,1.0,25.0,21.0,4.0,84.0,16.0,84.0,95.24,86.96,0.5654761904761905,success,0.7976190476190477,0.9397043798752354,0.9,28.0,6.0,-0.4037357817319463,34,0,0,0
KYSE220,esophagus,9.0,1.0,0.0,4.0,14.0,10.0,4.0,71.42857142857143,28.57142857142857,71.43,69.23,100.0,0.4705882352941176,success,0.9411764705882352,0.9967320261437908,0.9411764705882352,17.0,1.0,-0.4884649596818415,18,16,0,11
KYSE270,esophagus,8.0,3.0,1.0,2.0,14.0,11.0,3.0,78.57142857142857,21.428571428571427,78.57,80.0,88.89,0.4642857142857143,success,0.8928571428571428,0.973530437816152,0.8387096774193549,14.0,4.0,-0.5446812307002441,18,16,0,11
KYSE410,esophagus,16.0,2.0,2.0,5.0,25.0,18.0,7.0,72.0,28.000000000000004,72.0,76.19,88.89,0.4833333333333333,success,0.7375,0.9574571488234884,0.9206349206349206,30.0,4.0,-0.5432966276848364,34,0,0,0
KYSE450,esophagus,8.0,2.0,1.0,3.0,14.0,10.0,4.0,71.42857142857143,28.57142857142857,71.43,72.73,88.89,0.4615384615384615,success,0.4846153846153846,0.7375461642429968,0.8,13.0,5.0,-0.5020514182228908,18,16,0,11
KYSE50,esophagus,10.0,5.0,1.0,9.0,25.0,15.0,10.0,60.0,40.0,60.0,52.63,90.91,0.5,success,0.6111111111111112,0.8259055760312127,0.847457627118644,25.0,9.0,-0.5354112718065851,34,0,0,0
KYSE520,esophagus,7.0,3.0,1.0,3.0,14.0,10.0,4.0,71.42857142857143,28.57142857142857,71.43,70.0,87.5,0.5,success,0.7361111111111112,0.8122176434676435,0.8,12.0,6.0,-0.5281479536808062,18,16,0,11
KYSE70,esophagus,7.0,3.0,2.0,2.0,14.0,10.0,4.0,71.42857142857143,28.57142857142857,71.43,77.78,77.78,0.4545454545454545,success,0.7207792207792207,0.8214646464646465,0.7142857142857143,11.0,7.0,-0.5250423451748432,18,16,0,11
OACM51,esophagus,14.0,3.0,4.0,4.0,25.0,17.0,8.0,68.0,32.0,68.0,77.78,77.78,0.48,success,0.7177777777777777,0.8983502317667077,0.8275862068965517,25.0,9.0,-0.5432966276848364,34,0,0,0
OACP4C,esophagus,21.0,0.0,2.0,2.0,25.0,21.0,4.0,84.0,16.0,84.0,91.3,91.3,0.46875,success,0.8125,0.9871130226760154,0.9375,32.0,2.0,-0.4444110715991819,34,0,0,0
OE19,esophagus,22.0,1.0,1.0,1.0,25.0,23.0,2.0,92.0,8.0,92.0,95.65,95.65,0.734375,success,0.953125,0.9970684032869012,0.96875,32.0,2.0,-0.4444110715991819,34,0,0,0
OE21,esophagus,9.0,2.0,0.0,3.0,14.0,11.0,3.0,78.57142857142857,21.428571428571427,78.57,75.0,100.0,0.46875,success,0.875,0.985702614379085,0.9090909090909092,16.0,2.0,-0.5151938279253712,18,16,0,11
OE33,esophagus,12.0,3.0,2.0,8.0,25.0,15.0,10.0,60.0,40.0,60.0,60.0,85.71,0.4807692307692308,success,0.5360576923076923,0.8086597319729347,0.847457627118644,26.0,8.0,-0.5214298902905936,34,0,0,0
SKGT4,esophagus,13.0,3.0,2.0,7.0,25.0,16.0,9.0,64.0,36.0,64.0,65.0,86.67,0.5714285714285714,success,0.7645502645502645,0.9212231238325396,0.9,27.0,7.0,-0.5339329575289975,34,0,0,0
TE1,esophagus,9.0,2.0,0.0,3.0,14.0,11.0,3.0,78.57142857142857,21.428571428571427,78.57,75.0,100.0,0.5,success,0.6339285714285714,0.8575947861662148,0.875,14.0,4.0,-0.5353932359405098,18,16,0,11
TE15,esophagus,8.0,3.0,0.0,3.0,14.0,11.0,3.0,78.57142857142857,21.428571428571427,78.57,72.73,100.0,0.5,success,0.8555555555555556,0.9723622782446312,0.9090909090909092,15.0,3.0,-0.5172269990775398,18,16,0,11
TE4,esophagus,8.0,3.0,1.0,2.0,14.0,11.0,3.0,78.57142857142857,21.428571428571427,78.57,80.0,88.89,0.4642857142857143,success,0.8928571428571428,0.9746031746031744,0.8387096774193549,14.0,4.0,-0.5055221225082631,18,16,0,11
TE5,esophagus,18.0,2.0,5.0,0.0,25.0,20.0,5.0,80.0,20.0,80.0,100.0,78.26,0.625,success,0.9134615384615384,0.9740796754341906,0.896551724137931,26.0,8.0,-0.4037357817319463,34,0,0,0
TE6,esophagus,20.0,2.0,3.0,0.0,25.0,22.0,3.0,88.0,12.0,88.0,100.0,86.96,0.6111111111111112,success,0.6333333333333333,0.8480566597408159,0.8771929824561403,25.0,9.0,-0.4512571360327071,34,0,0,0
TE8,esophagus,8.0,4.0,0.0,2.0,14.0,12.0,2.0,85.71428571428571,14.285714285714285,85.71,80.0,100.0,0.5,success,0.798611111111111,0.8764533532915887,0.8,12.0,6.0,-0.5975784300752206,18,16,0,11
TE9,esophagus,16.0,4.0,2.0,3.0,25.0,20.0,5.0,80.0,20.0,80.0,84.21,88.89,0.4807692307692308,success,0.8341346153846153,0.9518293756786552,0.847457627118644,26.0,8.0,-0.4430582718487318,34,0,0,0
TT,esophagus,10.0,4.0,1.0,10.0,25.0,14.0,11.0,56.00000000000001,44.0,56.0,50.0,90.91,0.5,success,0.6164021164021165,0.8330195085328448,0.8852459016393442,27.0,7.0,-0.5309196982191549,34,0,0,0
A253,head,8.0,2.0,1.0,3.0,14.0,10.0,4.0,71.42857142857143,28.57142857142857,71.43,72.73,88.89,0.4642857142857143,success,0.7232142857142857,0.896451762523191,0.8387096774193549,14.0,4.0,-0.498979945349018,18,16,0,11
BB49HNC,head,5.0,4.0,3.0,4.0,16.0,9.0,7.0,56.25,43.75,56.25,55.56,62.5,0.4545454545454545,success,0.5625,0.6632011786880911,0.6896551724137931,11.0,8.0,-0.4979253252884288,19,0,0,0
BICR10,head,8.0,5.0,1.0,0.0,14.0,13.0,1.0,92.85714285714286,7.142857142857142,92.86,100.0,88.89,0.5833333333333334,success,0.875,0.9131604506604506,0.8275862068965517,12.0,6.0,-0.5492304868922279,18,16,0,11
BICR22,head,14.0,3.0,1.0,7.0,25.0,17.0,8.0,68.0,32.0,68.0,66.67,93.33,0.4833333333333333,success,0.85,0.97880696533361,0.9206349206349206,30.0,4.0,-0.525619118436708,34,0,0,0
BICR78,head,13.0,4.0,4.0,4.0,25.0,17.0,8.0,68.0,32.0,68.0,76.47,76.47,0.4782608695652174,success,0.7549407114624506,0.8700405731860752,0.7857142857142857,23.0,11.0,-0.5080823613010655,34,0,0,0
CA922,head,8.0,3.0,1.0,2.0,14.0,11.0,3.0,78.57142857142857,21.428571428571427,78.57,80.0,88.89,0.4642857142857143,success,0.7142857142857142,0.9083084399260868,0.8387096774193549,14.0,4.0,-0.5504043714221699,18,16,0,11
CAL27,head,8.0,2.0,1.0,3.0,14.0,10.0,4.0,71.42857142857143,28.57142857142857,71.43,72.73,88.89,0.5,success,0.6307692307692309,0.8325951825951825,0.8387096774193549,13.0,5.0,-0.5598937559444164,18,16,0,11
CAL33,head,7.0,4.0,2.0,1.0,14.0,11.0,3.0,78.57142857142857,21.428571428571427,78.57,87.5,77.78,0.45,success,0.8062499999999999,0.8605555555555555,0.6666666666666666,10.0,8.0,-0.4877109084148207,18,16,0,11
DETROIT562,head,11.0,3.0,0.0,11.0,25.0,14.0,11.0,56.00000000000001,44.0,56.0,50.0,100.0,0.5,success,0.8602150537634409,0.9856178828109108,0.953846153846154,31.0,3.0,-0.5354112718065851,34,0,0,0
DOK,head,9.0,2.0,0.0,3.0,14.0,11.0,3.0,78.57142857142857,21.428571428571427,78.57,75.0,100.0,0.5,success,0.7111111111111111,0.9306155064978594,0.9090909090909092,15.0,3.0,-0.5598286741087761,18,16,0,11
FADU,head,9.0,2.0,0.0,3.0,14.0,11.0,3.0,78.57142857142857,21.428571428571427,78.57,75.0,100.0,0.5,success,0.8111111111111112,0.9562715062715064,0.9090909090909092,15.0,3.0,-0.5147715731862468,18,16,0,11
HO1N1,head,8.0,0.0,0.0,6.0,14.0,8.0,6.0,57.14285714285714,42.85714285714285,57.14,57.14,100.0,,single_class,,,,,,,18,16,0,11
HO1U1,head,15.0,1.0,5.0,1.0,22.0,16.0,6.0,72.72727272727273,27.27272727272727,72.73,93.75,75.0,0.5328282828282829,success,0.6792929292929293,0.813941084341542,0.8235294117647058,22.0,9.0,-0.4444110715991819,31,0,0,0
HSC2,head,9.0,3.0,0.0,2.0,14.0,12.0,2.0,85.71428571428571,14.285714285714285,85.71,81.82,100.0,0.4642857142857143,success,0.8660714285714286,0.9610845503702644,0.8387096774193549,14.0,4.0,-0.4816335014628176,18,15,0,11
HSC3,head,9.0,2.0,0.0,3.0,14.0,11.0,3.0,78.57142857142857,21.428571428571427,78.57,75.0,100.0,0.5,success,0.8125,0.9783496732026143,0.9411764705882352,16.0,2.0,-0.5320637814519065,18,16,0,11
HSC4,head,6.0,3.0,3.0,2.0,14.0,9.0,5.0,64.28571428571429,35.714285714285715,64.29,75.0,66.67,0.4545454545454545,success,0.5844155844155845,0.7180899908172634,0.7142857142857143,11.0,7.0,-0.429210648227497,18,16,0,11
JHU022,head,9.0,4.0,7.0,5.0,25.0,13.0,12.0,52.0,48.0,52.0,64.29,56.25,0.5,success,0.3840830449826989,0.4422340194190997,0.6666666666666666,17.0,17.0,-0.5116160680441351,34,0,0,0
LB771HNC,head,11.0,1.0,12.0,1.0,25.0,12.0,13.0,48.0,52.0,48.0,91.67,47.83,0.5,success,0.6782006920415226,0.6659703164565351,0.6530612244897959,17.0,17.0,-0.425090327529419,34,0,0,0
NCIH3118,head,9.0,3.0,0.0,2.0,14.0,12.0,2.0,85.71428571428571,14.285714285714285,85.71,81.82,100.0,0.4642857142857143,success,0.8125,0.9493798684975154,0.8387096774193549,14.0,4.0,-0.5628450075785305,18,16,0,11
OSC20,head,8.0,3.0,1.0,2.0,14.0,11.0,3.0,78.57142857142857,21.428571428571427,78.57,80.0,88.89,0.4615384615384615,success,0.6,0.8029286952363874,0.8,13.0,5.0,-0.5006065458810898,18,16,0,11
PCI30,head,6.0,5.0,3.0,0.0,14.0,11.0,3.0,78.57142857142857,21.428571428571427,78.57,100.0,66.67,0.5555555555555556,success,0.7530864197530864,0.7663170163170163,0.6923076923076923,9.0,9.0,-0.4416568444072342,18,16,0,11
SAS,head,12.0,2.0,4.0,7.0,25.0,14.0,11.0,56.00000000000001,44.0,56.0,63.16,75.0,0.48,success,0.6222222222222222,0.8465155510818356,0.8275862068965517,25.0,9.0,-0.5003606278669349,34,0,0,0
SAT,head,7.0,4.0,2.0,1.0,14.0,11.0,3.0,78.57142857142857,21.428571428571427,78.57,87.5,77.78,0.5,success,0.763888888888889,0.8442501942501942,0.8,12.0,6.0,-0.5474541186697784,18,16,0,11
SCC15,head,16.0,1.0,1.0,7.0,25.0,17.0,8.0,68.0,32.0,68.0,69.57,94.12,0.484375,success,0.671875,0.9710287522594462,0.953846153846154,32.0,2.0,-0.5080823613010655,34,0,0,0
SCC4,head,7.0,2.0,2.0,3.0,14.0,9.0,5.0,64.28571428571429,35.714285714285715,64.29,70.0,77.78,0.4642857142857143,success,0.5714285714285714,0.8441027226741513,0.8387096774193549,14.0,4.0,-0.5499691298963092,18,16,0,11
SCC9,head,13.0,2.0,3.0,7.0,25.0,15.0,10.0,60.0,40.0,60.0,65.0,81.25,0.4814814814814814,success,0.6137566137566137,0.8628565439322735,0.8666666666666667,27.0,7.0,-0.5003606278669349,34,0,0,0
SKN3,head,15.0,2.0,2.0,6.0,25.0,17.0,8.0,68.0,32.0,68.0,71.43,88.24,0.4814814814814814,success,0.6666666666666666,0.8867348360901357,0.8666666666666667,27.0,7.0,-0.5080823613010655,34,0,0,0
769P,kidney,14.0,2.0,1.0,8.0,25.0,16.0,9.0,64.0,36.0,64.0,63.64,93.33,0.4827586206896552,success,0.6853448275862069,0.9509634343214112,0.918032786885246,29.0,4.0,-0.4832001274653994,33,0,0,0
7860,kidney,7.0,3.0,2.0,2.0,14.0,10.0,4.0,71.42857142857143,28.57142857142857,71.43,77.78,77.78,0.4583333333333333,success,0.8333333333333334,0.920695045695046,0.7586206896551724,12.0,6.0,-0.4402823079537144,18,16,0,11
A498,kidney,13.0,5.0,3.0,4.0,25.0,18.0,7.0,72.0,28.000000000000004,72.0,76.47,81.25,0.5416666666666666,success,0.6609848484848485,0.7426849627445451,0.8,22.0,12.0,-0.4459617914833336,34,0,0,0
A704,kidney,11.0,6.0,4.0,4.0,25.0,17.0,8.0,68.0,32.0,68.0,73.33,73.33,0.5454545454545454,success,0.7924901185770751,0.8940602361772776,0.8214285714285714,23.0,11.0,-0.4949105390457723,34,0,0,0
ACHN,kidney,13.0,7.0,3.0,2.0,25.0,20.0,5.0,80.0,20.0,80.0,86.67,81.25,0.5333333333333333,success,0.7719298245614035,0.8086362781269743,0.7307692307692307,19.0,15.0,-0.4459617914833336,34,0,0,0
BFTC909,kidney,7.0,5.0,2.0,0.0,14.0,12.0,2.0,85.71428571428571,14.285714285714285,85.71,100.0,77.78,0.5714285714285714,success,0.7142857142857143,0.7196228014409833,0.7857142857142857,11.0,7.0,-0.5378673749989453,18,16,0,11
CAL54,kidney,11.0,8.0,6.0,0.0,25.0,19.0,6.0,76.0,24.0,76.0,100.0,64.71,0.525,success,0.6288461538461538,0.4501425974729142,0.5777777777777777,13.0,20.0,-0.5240513016719355,33,0,0,0
G401,kidney,12.0,9.0,3.0,1.0,25.0,21.0,4.0,84.0,16.0,84.0,92.31,80.0,0.5384615384615384,success,0.8663003663003663,0.8976930632392817,0.7777777777777778,21.0,13.0,-0.4832001274653994,34,0,0,0
KMRC1,kidney,12.0,5.0,4.0,4.0,25.0,17.0,8.0,68.0,32.0,68.0,75.0,75.0,0.475,success,0.7250000000000001,0.7848900346084944,0.7169811320754716,20.0,14.0,-0.4459617914833336,34,0,0,0
KMRC20,kidney,14.0,5.0,3.0,3.0,25.0,19.0,6.0,76.0,24.0,76.0,82.35,82.35,0.5357142857142857,success,0.6553571428571429,0.7556276043358087,0.7547169811320755,20.0,14.0,-0.5467360155282758,34,0,0,0
LB996RCC,kidney,12.0,7.0,4.0,2.0,25.0,19.0,6.0,76.0,24.0,76.0,85.71,75.0,0.5333333333333333,success,0.775438596491228,0.7743388901803028,0.7307692307692307,19.0,15.0,-0.4459617914833336,34,0,0,0
OSRC2,kidney,8.0,8.0,8.0,1.0,25.0,16.0,9.0,64.0,36.0,64.0,88.89,50.0,0.5208333333333334,success,0.6041666666666667,0.3527087698449928,0.4651162790697674,10.0,24.0,-0.4637401934135765,34,0,0,0
RCC10RGB,kidney,11.0,7.0,5.0,2.0,25.0,18.0,7.0,72.0,28.000000000000004,72.0,84.62,68.75,0.5277777777777778,success,0.5520833333333334,0.4798212591422688,0.6530612244897959,16.0,18.0,-0.4180484771425772,34,0,0,0
RCCJW,kidney,15.0,4.0,2.0,4.0,25.0,19.0,6.0,76.0,24.0,76.0,78.95,88.24,0.5416666666666666,success,0.625,0.7327806317961048,0.8,22.0,12.0,-0.5511145820798068,34,0,0,0
SN12C,kidney,6.0,5.0,2.0,1.0,14.0,11.0,3.0,78.57142857142857,21.428571428571427,78.57,85.71,75.0,0.5,success,0.7222222222222222,0.6995430495430497,0.6666666666666666,9.0,9.0,-0.5172269990775398,18,16,0,11
TK10,kidney,14.0,5.0,2.0,4.0,25.0,19.0,6.0,76.0,24.0,76.0,77.78,87.5,0.5555555555555556,success,0.8444444444444444,0.9435993081966768,0.8620689655172413,25.0,9.0,-0.5449711350628699,34,0,0,0
VMRCRCZ,kidney,11.0,9.0,3.0,2.0,25.0,20.0,5.0,80.0,20.0,80.0,84.62,78.57,0.5,success,0.6961805555555556,0.6238062045930983,0.6923076923076923,18.0,16.0,-0.5230828132945776,34,0,0,0
C3A,liver,10.0,8.0,5.0,2.0,25.0,18.0,7.0,72.0,28.000000000000004,72.0,83.33,66.67,0.5277777777777778,success,0.6875,0.6252776635129577,0.6530612244897959,16.0,18.0,-0.4832001274653994,34,0,0,0
HLE,liver,11.0,3.0,5.0,6.0,25.0,14.0,11.0,56.00000000000001,44.0,56.0,64.71,68.75,0.5384615384615384,success,0.4249084249084249,0.6004867684360174,0.7777777777777778,21.0,13.0,-0.5003606278669349,34,0,0,0
HUH1,liver,13.0,3.0,2.0,7.0,25.0,16.0,9.0,64.0,36.0,64.0,65.0,86.67,0.5625,success,0.6706730769230769,0.8755458497831567,0.8813559322033898,26.0,8.0,-0.4949105390457723,34,0,0,0
HUH7,liver,5.0,3.0,4.0,2.0,14.0,8.0,6.0,57.14285714285714,42.85714285714285,57.14,71.43,55.56,0.5,success,0.66875,0.7267401960784313,0.7142857142857143,10.0,8.0,-0.478958747502187,18,16,0,11
JHH1,liver,11.0,5.0,6.0,3.0,25.0,16.0,9.0,64.0,36.0,64.0,78.57,64.71,0.5384615384615384,success,0.7216117216117216,0.8174427842880225,0.7777777777777778,21.0,13.0,-0.5085691615900784,34,0,0,0
JHH2,liver,15.0,3.0,4.0,3.0,25.0,18.0,7.0,72.0,28.000000000000004,72.0,83.33,78.95,0.4791666666666667,success,0.6125,0.8135406955946817,0.8070175438596491,24.0,10.0,-0.5052648149324499,34,0,0,0
JHH4,liver,15.0,6.0,2.0,2.0,25.0,21.0,4.0,84.0,16.0,84.0,88.24,88.24,0.5416666666666666,success,0.7537878787878788,0.839562807177499,0.8,22.0,12.0,-0.5080823613010655,34,0,0,0
JHH6,liver,8.0,2.0,1.0,3.0,14.0,10.0,4.0,71.42857142857143,28.57142857142857,71.43,72.73,88.89,0.5,success,0.6888888888888889,0.927335083217436,0.9090909090909092,15.0,3.0,-0.5404352326339128,18,16,0,11
JHH7,liver,19.0,2.0,3.0,1.0,25.0,21.0,4.0,84.0,16.0,84.0,95.0,86.36,0.5791666666666667,success,0.59375,0.7184353387133523,0.8363636363636363,24.0,10.0,-0.3994620137947338,34,0,0,0
SKHEP1,liver,7.0,7.0,7.0,4.0,25.0,14.0,11.0,56.00000000000001,44.0,56.0,63.64,50.0,0.5238095238095238,success,0.5054945054945056,0.4764552709346759,0.5652173913043478,13.0,21.0,-0.5218897792194854,34,0,0,0
SNU182,liver,12.0,7.0,3.0,3.0,25.0,19.0,6.0,76.0,24.0,76.0,80.0,80.0,0.5294117647058824,success,0.5847750865051903,0.5386333162796921,0.68,17.0,17.0,-0.4871098483480751,34,0,0,0
SNU387,liver,14.0,4.0,1.0,5.0,24.0,18.0,6.0,75.0,25.0,75.0,73.68,93.33,0.5,success,0.8298611111111112,0.957329262513086,0.8888888888888888,24.0,6.0,-0.5116160680441351,30,0,0,0
SNU398,liver,6.0,9.0,9.0,1.0,25.0,15.0,10.0,60.0,40.0,60.0,85.71,40.0,0.5192307692307693,success,0.6346153846153846,0.3539004271299162,0.3902439024390244,8.0,26.0,-0.4714509701604416,34,0,0,0
SNU423,liver,12.0,7.0,4.0,2.0,25.0,19.0,6.0,76.0,24.0,76.0,85.71,75.0,0.5,success,0.7395833333333334,0.7785116886260678,0.6923076923076923,18.0,16.0,-0.5282607045537444,34,0,0,0
SNU449,liver,8.0,2.0,1.0,3.0,14.0,10.0,4.0,71.42857142857143,28.57142857142857,71.43,72.73,88.89,0.4583333333333333,success,0.6388888888888888,0.8064101407851408,0.7586206896551724,12.0,6.0,-0.4402823079537144,18,16,0,11
A549,lung,12.0,7.0,2.0,4.0,25.0,19.0,6.0,76.0,24.0,76.0,75.0,85.71,0.5384615384615384,success,0.8186813186813187,0.8751696644770361,0.7777777777777778,21.0,13.0,-0.5138427262999866,34,0,0,0
CALU3,lung,18.0,1.0,5.0,1.0,25.0,19.0,6.0,76.0,24.0,76.0,94.74,78.26,0.5432692307692308,success,0.5769230769230769,0.8200242289522685,0.8620689655172413,26.0,8.0,-0.450009692428229,34,0,0,0
CALU6,lung,12.0,3.0,2.0,8.0,25.0,15.0,10.0,60.0,40.0,60.0,60.0,85.71,0.5625,success,0.6322115384615384,0.8507902023684946,0.8813559322033898,26.0,8.0,-0.5245425848467651,34,0,0,0
COLO668,lung,19.0,2.0,4.0,0.0,25.0,21.0,4.0,84.0,16.0,84.0,100.0,82.61,0.625,success,0.7692307692307693,0.9184006355448906,0.896551724137931,26.0,8.0,-0.4427822480869404,34,0,0,0
CORL105,lung,15.0,3.0,2.0,5.0,25.0,18.0,7.0,72.0,28.000000000000004,72.0,75.0,88.24,0.5625,success,0.7980769230769231,0.9355943099454784,0.8813559322033898,26.0,8.0,-0.5147975979047198,34,0,0,0
CORL23,lung,15.0,4.0,0.0,6.0,25.0,19.0,6.0,76.0,24.0,76.0,71.43,100.0,0.4827586206896552,success,0.7482758620689656,0.9372236838445422,0.9032258064516128,29.0,5.0,-0.5088684335681448,34,0,0,0
CORL279,lung,6.0,0.0,6.0,2.0,14.0,6.0,8.0,42.85714285714285,57.14285714285714,42.86,75.0,50.0,0.4090909090909091,success,0.7272727272727274,0.8483467216087537,0.6666666666666666,11.0,7.0,-0.4390554983120183,18,16,0,11
CORL311,lung,14.0,4.0,3.0,4.0,25.0,18.0,7.0,72.0,28.000000000000004,72.0,77.78,82.35,0.5555555555555556,success,0.7555555555555555,0.8713448407650904,0.8620689655172413,25.0,9.0,-0.5080823613010655,34,0,0,0
CORL32,lung,7.0,2.0,2.0,6.0,17.0,9.0,8.0,52.94117647058824,47.05882352941176,52.94,53.85,77.78,0.4666666666666667,success,0.54,0.8208867820632526,0.8235294117647058,15.0,5.0,-0.449306985500624,20,0,0,0
CORL88,lung,7.0,5.0,1.0,1.0,14.0,12.0,2.0,85.71428571428571,14.285714285714285,85.71,87.5,87.5,0.5,success,0.8376623376623377,0.8969777993842164,0.7586206896551724,11.0,7.0,-0.5172269990775398,18,16,0,11
CORL95,lung,6.0,1.0,2.0,1.0,10.0,7.0,3.0,70.0,30.0,70.0,85.71,75.0,0.5,success,0.7555555555555555,0.8774281274281275,0.782608695652174,9.0,5.0,-0.5172269990775398,14,14,0,9
CPCN,lung,15.0,3.0,2.0,5.0,25.0,18.0,7.0,72.0,28.000000000000004,72.0,75.0,88.24,0.6,success,0.7172413793103448,0.8978121583785402,0.935483870967742,29.0,5.0,-0.5080823613010655,34,0,0,0
DMS114,lung,14.0,5.0,2.0,4.0,25.0,19.0,6.0,76.0,24.0,76.0,77.78,87.5,0.5,success,0.625,0.7014591197186679,0.7407407407407407,20.0,14.0,-0.5272551101615156,34,0,0,0
DMS273,lung,7.0,2.0,2.0,3.0,14.0,9.0,5.0,64.28571428571429,35.714285714285715,64.29,70.0,77.78,0.4583333333333333,success,0.5763888888888888,0.7881387403446228,0.7586206896551724,12.0,6.0,-0.4402823079537144,18,15,0,10
DMS53,lung,14.0,2.0,9.0,0.0,25.0,16.0,9.0,64.0,36.0,64.0,100.0,60.87,0.5625,success,0.7552083333333334,0.7932142007873002,0.72,18.0,16.0,-0.4427822480869404,34,0,0,0
EBC1,lung,20.0,0.0,2.0,2.0,24.0,20.0,4.0,83.33333333333334,16.666666666666664,83.33,90.91,90.91,0.4677419354838709,success,0.8870967741935484,0.9928353242497094,0.935483870967742,31.0,2.0,-0.4427822480869404,33,0,0,0
EMCBAC2,lung,12.0,5.0,7.0,1.0,25.0,17.0,8.0,68.0,32.0,68.0,92.31,63.16,0.5555555555555556,success,0.65625,0.6696940996408245,0.6666666666666666,16.0,18.0,-0.536431790359067,34,0,0,0
EPLC272H,lung,15.0,1.0,1.0,8.0,25.0,16.0,9.0,64.0,36.0,64.0,65.22,93.75,0.5,success,0.5137931034482759,0.8858802972757679,0.9206349206349206,29.0,5.0,-0.5272551101615156,34,0,0,0
HARA,lung,14.0,5.0,2.0,4.0,25.0,19.0,6.0,76.0,24.0,76.0,77.78,87.5,0.5454545454545454,success,0.6541501976284585,0.8054634028093168,0.8214285714285714,23.0,11.0,-0.5003606278669349,34,0,0,0
HCC15,lung,10.0,5.0,5.0,5.0,25.0,15.0,10.0,60.0,40.0,60.0,66.67,66.67,0.5333333333333333,success,0.6982456140350878,0.7811377340982604,0.7307692307692307,19.0,15.0,-0.515622040568396,34,0,0,0
HCC44,lung,14.0,4.0,1.0,6.0,25.0,18.0,7.0,72.0,28.000000000000004,72.0,70.0,93.33,0.48,success,0.6266666666666667,0.8296143871247585,0.8275862068965517,25.0,9.0,-0.528618167218398,34,0,0,0
HCC78,lung,13.0,2.0,10.0,0.0,25.0,15.0,10.0,60.0,40.0,60.0,100.0,56.52,0.5555555555555556,success,0.7899305555555556,0.7356228475471897,0.6666666666666666,16.0,18.0,-0.4427822480869404,34,0,0,0
HCC827,lung,8.0,3.0,1.0,2.0,14.0,11.0,3.0,78.57142857142857,21.428571428571427,78.57,80.0,88.89,0.5833333333333334,success,0.6944444444444444,0.7983139001521354,0.8275862068965517,12.0,6.0,-0.5070221981316771,18,16,0,11
HOP62,lung,9.0,7.0,5.0,4.0,25.0,16.0,9.0,64.0,36.0,64.0,69.23,64.29,0.5263157894736842,success,0.6456140350877193,0.6526719843623867,0.625,15.0,19.0,-0.5179465704208286,34,0,0,0
HOP92,lung,12.0,6.0,5.0,2.0,25.0,18.0,7.0,72.0,28.000000000000004,72.0,85.71,70.59,0.5333333333333333,success,0.6807017543859649,0.7405542349388301,0.7307692307692307,19.0,15.0,-0.5080823613010655,34,0,0,0
IALM,lung,12.0,7.0,5.0,1.0,25.0,19.0,6.0,76.0,24.0,76.0,92.31,70.59,0.5333333333333333,success,0.7982456140350878,0.8310283640963549,0.7307692307692307,19.0,15.0,-0.5472219985115245,34,0,0,0
ISTMES1,lung,8.0,7.0,8.0,2.0,25.0,15.0,10.0,60.0,40.0,60.0,80.0,50.0,0.5217391304347826,success,0.5316205533596838,0.3544078803528564,0.5,11.0,23.0,-0.4593573336821808,34,0,0,0
ISTSL2,lung,15.0,1.0,0.0,1.0,17.0,16.0,1.0,94.11764705882352,5.88235294117647,94.12,93.75,100.0,0.7222222222222222,success,0.625,0.9370001684952664,0.9444444444444444,18.0,2.0,-0.4293738967154639,20,0,0,0
KNS62,lung,6.0,2.0,3.0,3.0,14.0,8.0,6.0,57.14285714285714,42.85714285714285,57.14,66.67,66.67,0.4583333333333333,success,0.4722222222222222,0.6849025974025974,0.7586206896551724,12.0,6.0,-0.5397830878869314,18,16,0,11
LC1SQ,lung,10.0,6.0,4.0,5.0,25.0,16.0,9.0,64.0,36.0,64.0,66.67,71.43,0.4761904761904761,success,0.7252747252747253,0.8224073850699238,0.7407407407407407,21.0,13.0,-0.5056240000359584,34,0,0,0
LCLC103H,lung,6.0,3.0,2.0,3.0,14.0,9.0,5.0,64.28571428571429,35.714285714285715,64.29,66.67,75.0,0.5,success,0.4320987654320988,0.4514768637317657,0.6666666666666666,9.0,9.0,-0.5172269990775398,18,16,0,11
LCLC97TM1,lung,12.0,6.0,3.0,4.0,25.0,18.0,7.0,72.0,28.000000000000004,72.0,75.0,80.0,0.5357142857142857,success,0.6178571428571429,0.7125278823877095,0.7547169811320755,20.0,14.0,-0.5088684335681448,34,0,0,0
LK2,lung,7.0,5.0,1.0,1.0,14.0,12.0,2.0,85.71428571428571,14.285714285714285,85.71,87.5,87.5,0.5,success,0.8376623376623377,0.8969777993842164,0.7586206896551724,11.0,7.0,-0.5172269990775398,18,16,0,11
LOUNH91,lung,5.0,5.0,4.0,0.0,14.0,10.0,4.0,71.42857142857143,28.57142857142857,71.43,100.0,55.56,0.55,success,0.8250000000000001,0.7916666666666666,0.64,8.0,10.0,-0.429002364730344,18,16,0,11
LU135,lung,15.0,4.0,2.0,4.0,25.0,19.0,6.0,76.0,24.0,76.0,78.95,88.24,0.5555555555555556,success,0.8078703703703705,0.9244595830173122,0.8571428571428571,24.0,9.0,-0.5080823613010655,33,0,0,0
LU139,lung,15.0,6.0,2.0,2.0,25.0,21.0,4.0,84.0,16.0,84.0,88.24,88.24,0.5416666666666666,success,0.7443181818181819,0.790169381104231,0.8,22.0,12.0,-0.5080823613010655,34,0,0,0
LU165,lung,8.0,3.0,1.0,2.0,14.0,11.0,3.0,78.57142857142857,21.428571428571427,78.57,80.0,88.89,0.4615384615384615,success,0.8,0.9150738150738148,0.8,13.0,5.0,-0.5013545973876232,18,16,0,11
LU65,lung,10.0,1.0,1.0,2.0,14.0,11.0,3.0,78.57142857142857,21.428571428571427,78.57,83.33,90.91,0.6875,success,0.46875,0.8816863181752889,0.9032258064516128,16.0,2.0,-0.3736561009248142,18,16,0,11
LU99A,lung,9.0,7.0,9.0,0.0,25.0,16.0,9.0,64.0,36.0,64.0,100.0,50.0,0.5227272727272727,success,0.7708333333333333,0.7112894415525995,0.5333333333333333,12.0,22.0,-0.5083071603115233,34,0,0,0
LXF289,lung,14.0,4.0,3.0,4.0,25.0,18.0,7.0,72.0,28.000000000000004,72.0,77.78,82.35,0.5625,success,0.8004807692307692,0.92083888521512,0.8813559322033898,26.0,8.0,-0.5080823613010655,34,0,0,0
MPP89,lung,8.0,4.0,0.0,2.0,14.0,12.0,2.0,85.71428571428571,14.285714285714285,85.71,80.0,100.0,0.5,success,0.7692307692307693,0.8528655984538338,0.8387096774193549,13.0,5.0,-0.5172269990775398,18,16,0,11
MS1,lung,6.0,4.0,2.0,2.0,14.0,10.0,4.0,71.42857142857143,28.57142857142857,71.43,75.0,75.0,0.5,success,0.7142857142857143,0.7402567129839857,0.7586206896551724,11.0,7.0,-0.5172269990775398,18,16,0,11
MSTO211H,lung,10.0,5.0,5.0,5.0,25.0,15.0,10.0,60.0,40.0,60.0,66.67,66.67,0.5294117647058824,success,0.6176470588235294,0.6918180692420043,0.68,17.0,17.0,-0.4461236884366604,34,0,0,0
NCIH1048,lung,14.0,7.0,1.0,3.0,25.0,21.0,4.0,84.0,16.0,84.0,82.35,93.33,0.5416666666666666,success,0.7537878787878788,0.835332120489938,0.8,22.0,12.0,-0.5339329575289975,34,0,0,0
NCIH1092,lung,12.0,5.0,4.0,4.0,25.0,17.0,8.0,68.0,32.0,68.0,75.0,75.0,0.5,success,0.6910714285714286,0.7575990878948577,0.7407407407407407,20.0,14.0,-0.5116160680441351,34,0,0,0
NCIH1155,lung,13.0,4.0,6.0,2.0,25.0,17.0,8.0,68.0,32.0,68.0,86.67,68.42,0.4722222222222222,success,0.7430555555555556,0.7562017332629704,0.6666666666666666,18.0,16.0,-0.5024492993852825,34,0,0,0
NCIH1299,lung,15.0,7.0,2.0,1.0,25.0,22.0,3.0,88.0,12.0,88.0,93.75,88.24,0.5357142857142857,success,0.7660714285714286,0.8030145338837289,0.7547169811320755,20.0,14.0,-0.5080823613010655,34,0,0,0
NCIH1341,lung,13.0,7.0,2.0,3.0,25.0,20.0,5.0,80.0,20.0,80.0,81.25,86.67,0.5454545454545454,success,0.849802371541502,0.9121773514657818,0.8214285714285714,23.0,11.0,-0.4409322538057389,34,0,0,0
NCIH1355,lung,11.0,6.0,4.0,4.0,25.0,17.0,8.0,68.0,32.0,68.0,73.33,73.33,0.5357142857142857,success,0.6928571428571428,0.7335518165758104,0.7547169811320755,20.0,14.0,-0.5088684335681448,34,0,0,0
NCIH1417,lung,15.0,3.0,1.0,5.0,24.0,18.0,6.0,75.0,25.0,75.0,75.0,93.75,0.5833333333333334,success,0.7051282051282052,0.90380980382105,0.912280701754386,26.0,6.0,-0.5147975979047198,32,0,0,0
NCIH1435,lung,9.0,1.0,0.0,4.0,14.0,10.0,4.0,71.42857142857143,28.57142857142857,71.43,69.23,100.0,0.5,success,0.8666666666666667,0.9913888888888888,0.967741935483871,15.0,1.0,-0.5135210766724813,16,14,0,10
NCIH1563,lung,13.0,2.0,10.0,0.0,25.0,15.0,10.0,60.0,40.0,60.0,100.0,56.52,0.5625,success,0.8072916666666666,0.8093695875274822,0.72,18.0,16.0,-0.2957359927247593,34,0,0,0
NCIH1568,lung,8.0,3.0,1.0,2.0,14.0,11.0,3.0,78.57142857142857,21.428571428571427,78.57,80.0,88.89,0.6,success,0.8461538461538461,0.9334211540093892,0.8666666666666667,13.0,5.0,-0.584813864945026,18,16,0,11
NCIH1573,lung,7.0,5.0,1.0,1.0,14.0,12.0,2.0,85.71428571428571,14.285714285714285,85.71,87.5,87.5,0.5,success,0.8051948051948051,0.8292780748663101,0.7586206896551724,11.0,7.0,-0.5437985592567065,18,16,0,11
NCIH1581,lung,7.0,3.0,2.0,2.0,14.0,10.0,4.0,71.42857142857143,28.57142857142857,71.43,77.78,77.78,0.5833333333333334,success,0.5902777777777778,0.7355130980130982,0.8275862068965517,12.0,6.0,-0.5431949867338806,18,15,0,11
NCIH1623,lung,15.0,5.0,1.0,4.0,25.0,20.0,5.0,80.0,20.0,80.0,78.95,93.75,0.5,success,0.8756613756613757,0.9684893914686944,0.8852459016393442,27.0,7.0,-0.5116160680441351,34,0,0,0
NCIH1648,lung,17.0,2.0,0.0,6.0,25.0,19.0,6.0,76.0,24.0,76.0,73.91,100.0,0.484375,success,0.921875,0.9951669730392156,0.953846153846154,32.0,2.0,-0.5472219985115245,34,0,0,0
NCIH1650,lung,6.0,3.0,3.0,2.0,14.0,9.0,5.0,64.28571428571429,35.714285714285715,64.29,75.0,66.67,0.4444444444444444,success,0.5864197530864198,0.5980227107678089,0.6153846153846154,9.0,9.0,-0.4445234697651273,18,16,0,11
NCIH1651,lung,3.0,4.0,6.0,1.0,14.0,7.0,7.0,50.0,50.0,50.0,75.0,33.33,0.5,success,0.638888888888889,0.479656862745098,0.5,6.0,12.0,-0.478958747502187,18,16,0,11
NCIH1666,lung,10.0,5.0,4.0,6.0,25.0,15.0,10.0,60.0,40.0,60.0,62.5,71.43,0.55,success,0.7229166666666667,0.8152632516119358,0.8421052631578947,24.0,10.0,-0.5345671354655406,34,0,0,0
NCIH1688,lung,7.0,3.0,1.0,3.0,14.0,10.0,4.0,71.42857142857143,28.57142857142857,71.43,70.0,87.5,0.5,success,0.7946428571428571,0.9428863620040088,0.875,14.0,4.0,-0.5172269990775398,18,16,0,11
NCIH1693,lung,13.0,6.0,5.0,1.0,25.0,19.0,6.0,76.0,24.0,76.0,92.86,72.22,0.5263157894736842,success,0.6000000000000001,0.5303243495669342,0.625,15.0,19.0,-0.5358231076456692,34,0,0,0
NCIH1694,lung,10.0,2.0,3.0,4.0,19.0,12.0,7.0,63.1578947368421,36.84210526315789,63.16,71.43,76.92,0.5625,success,0.7156250000000001,0.8478724866751183,0.851063829787234,20.0,8.0,-0.5339329575289975,28,0,0,0
NCIH1703,lung,7.0,6.0,1.0,0.0,14.0,13.0,1.0,92.85714285714286,7.142857142857142,92.86,100.0,87.5,0.5,success,0.8571428571428571,0.830188246097337,0.7586206896551724,11.0,7.0,-0.5172269990775398,18,16,0,11
NCIH1755,lung,12.0,7.0,3.0,3.0,25.0,19.0,6.0,76.0,24.0,76.0,80.0,80.0,0.5333333333333333,success,0.6947368421052631,0.7482184915329562,0.7307692307692307,19.0,15.0,-0.528618167218398,34,0,0,0
NCIH1781,lung,7.0,3.0,2.0,2.0,14.0,10.0,4.0,71.42857142857143,28.57142857142857,71.43,77.78,77.78,0.4583333333333333,success,0.6527777777777777,0.820970117845118,0.7586206896551724,12.0,6.0,-0.4959343839149658,18,16,0,11
NCIH1792,lung,14.0,0.0,2.0,9.0,25.0,14.0,11.0,56.00000000000001,44.0,56.0,60.87,87.5,0.4827586206896552,success,0.403448275862069,0.8512199290505277,0.9032258064516128,29.0,5.0,-0.5084986617068908,34,0,0,0
NCIH1793,lung,10.0,8.0,6.0,1.0,25.0,18.0,7.0,72.0,28.000000000000004,72.0,90.91,62.5,0.5238095238095238,success,0.6593406593406594,0.5235622037500332,0.5652173913043478,13.0,21.0,-0.5003606278669349,34,0,0,0
NCIH1838,lung,8.0,4.0,1.0,1.0,14.0,12.0,2.0,85.71428571428571,14.285714285714285,85.71,88.89,88.89,0.6,success,0.8769230769230769,0.9425510387048848,0.8666666666666667,13.0,5.0,-0.5398756976055272,18,16,0,11
NCIH1869,lung,6.0,5.0,3.0,0.0,14.0,11.0,3.0,78.57142857142857,21.428571428571427,78.57,100.0,66.67,0.5,success,0.8875,0.8618181818181818,0.7142857142857143,10.0,8.0,-0.5474541186697784,18,16,0,11
NCIH1876,lung,13.0,6.0,1.0,5.0,25.0,19.0,6.0,76.0,24.0,76.0,72.22,92.86,0.55,success,0.85,0.917678478628612,0.8421052631578947,24.0,10.0,-0.5056240000359584,34,0,0,0
NCIH1915,lung,4.0,2.0,5.0,3.0,14.0,6.0,8.0,42.85714285714285,57.14285714285714,42.86,57.14,44.44,0.45,success,0.4499999999999999,0.613269459298871,0.6666666666666666,10.0,8.0,-0.4676621444253515,18,16,0,11
NCIH1944,lung,20.0,1.0,3.0,1.0,25.0,21.0,4.0,84.0,16.0,84.0,95.24,86.96,0.5827586206896552,success,0.8931034482758621,0.9809984751346802,0.918032786885246,29.0,5.0,-0.351524763850612,34,0,0,0
NCIH196,lung,3.0,5.0,6.0,0.0,14.0,8.0,6.0,57.14285714285714,42.85714285714285,57.14,100.0,33.33,0.5384615384615384,success,0.7923076923076924,0.5216666666666667,0.4545454545454545,5.0,13.0,-0.4953922905958,18,16,0,11
NCIH1963,lung,6.0,0.0,2.0,2.0,10.0,6.0,4.0,60.0,40.0,60.0,75.0,75.0,0.5,success,0.5125,0.7577805527805527,0.8333333333333334,10.0,4.0,-0.5172269990775398,14,14,0,9
NCIH1975,lung,8.0,2.0,4.0,0.0,14.0,10.0,4.0,71.42857142857143,28.57142857142857,71.43,100.0,66.67,0.6666666666666666,success,1.0,1.0,0.8571428571428571,12.0,6.0,-0.3427261805832901,18,16,0,11
NCIH1993,lung,18.0,1.0,5.0,1.0,25.0,19.0,6.0,76.0,24.0,76.0,94.74,78.26,0.5432692307692308,success,0.6586538461538461,0.8601619954457851,0.8620689655172413,26.0,8.0,-0.4981142522298688,34,0,0,0
NCIH2009,lung,13.0,2.0,2.0,8.0,25.0,15.0,10.0,60.0,40.0,60.0,61.9,86.67,0.5,success,0.5714285714285714,0.8613958971355767,0.9032258064516128,28.0,6.0,-0.4810650486466922,34,0,0,0
NCIH2023,lung,9.0,2.0,0.0,3.0,14.0,11.0,3.0,78.57142857142857,21.428571428571427,78.57,75.0,100.0,0.75,success,0.9375,0.9924172794117648,0.9696969696969696,16.0,2.0,-0.5246531876162992,18,16,0,11
NCIH2029,lung,3.0,4.0,1.0,2.0,10.0,7.0,3.0,70.0,30.0,70.0,60.0,75.0,0.5,success,0.8166666666666667,0.8722222222222222,0.7058823529411765,6.0,5.0,-0.5172269990775398,11,9,0,7
NCIH2052,lung,7.0,5.0,2.0,0.0,14.0,12.0,2.0,85.71428571428571,14.285714285714285,85.71,100.0,77.78,0.5,success,0.7962962962962963,0.7898860398860399,0.6666666666666666,9.0,9.0,-0.4357627839323716,18,16,0,11
NCIH2066,lung,9.0,2.0,0.0,3.0,14.0,11.0,3.0,78.57142857142857,21.428571428571427,78.57,75.0,100.0,0.5,success,0.6339285714285714,0.8745182222072978,0.875,14.0,4.0,-0.5181790533517443,18,16,0,11
NCIH2085,lung,16.0,2.0,1.0,6.0,25.0,18.0,7.0,72.0,28.000000000000004,72.0,72.73,94.12,0.4814814814814814,success,0.6375661375661376,0.8767680780020464,0.8666666666666667,27.0,7.0,-0.5080823613010655,34,0,0,0
NCIH2087,lung,18.0,1.0,5.0,1.0,25.0,19.0,6.0,76.0,24.0,76.0,94.74,78.26,0.5237154150197628,success,0.5691699604743083,0.8000035331907334,0.8,23.0,11.0,-0.4730376542493911,34,0,0,0
NCIH209,lung,15.0,2.0,0.0,7.0,24.0,17.0,7.0,70.83333333333334,29.166666666666668,70.83,68.18,100.0,0.4827586206896552,success,0.6594827586206897,0.9061205162349903,0.918032786885246,29.0,4.0,-0.5003606278669349,33,0,0,0
NCIH211,lung,16.0,2.0,7.0,0.0,25.0,18.0,7.0,72.0,28.000000000000004,72.0,100.0,69.57,0.5714285714285714,success,0.6446428571428571,0.7138776178996689,0.7692307692307693,20.0,14.0,-0.4444110715991819,34,0,0,0
NCIH2122,lung,14.0,1.0,0.0,10.0,25.0,15.0,10.0,60.0,40.0,60.0,58.33,100.0,0.4848484848484848,success,0.8787878787878788,0.9962659739537868,0.9696969696969696,33.0,1.0,-0.5245425848467651,34,0,0,0
NCIH2141,lung,14.0,3.0,2.0,6.0,25.0,17.0,8.0,68.0,32.0,68.0,70.0,87.5,0.4827586206896552,success,0.8275862068965518,0.9701714627961394,0.9032258064516128,29.0,5.0,-0.5003606278669349,34,0,0,0
NCIH2170,lung,14.0,4.0,4.0,3.0,25.0,18.0,7.0,72.0,28.000000000000004,72.0,82.35,77.78,0.5625,success,0.8509615384615384,0.956188026020802,0.8813559322033898,26.0,8.0,-0.5432966276848364,34,0,0,0
NCIH2228,lung,15.0,7.0,1.0,2.0,25.0,22.0,3.0,88.0,12.0,88.0,88.24,93.75,0.5454545454545454,success,0.7529644268774703,0.8502197479570524,0.8214285714285714,23.0,11.0,-0.5003606278669349,34,0,0,0
NCIH226,lung,9.0,8.0,7.0,1.0,25.0,17.0,8.0,68.0,32.0,68.0,90.0,56.25,0.4583333333333333,success,0.6337719298245614,0.4902646004638414,0.5238095238095238,12.0,19.0,-0.5061017604272404,31,0,0,0
NCIH23,lung,19.0,1.0,4.0,1.0,25.0,20.0,5.0,80.0,20.0,80.0,95.0,82.61,0.5355555555555556,success,0.6733333333333333,0.85797865604123,0.8421052631578947,25.0,9.0,-0.4427822480869404,34,0,0,0
NCIH2342,lung,15.0,4.0,3.0,3.0,25.0,19.0,6.0,76.0,24.0,76.0,83.33,83.33,0.55,success,0.6229166666666667,0.7931998438151688,0.8421052631578947,24.0,10.0,-0.4592938573100816,34,0,0,0
NCIH2347,lung,7.0,7.0,7.0,4.0,25.0,14.0,11.0,56.00000000000001,44.0,56.0,63.64,50.0,0.5294117647058824,success,0.6262975778546713,0.7085842226333126,0.68,17.0,17.0,-0.5179465704208286,34,0,0,0
NCIH2369,lung,9.0,9.0,7.0,0.0,25.0,18.0,7.0,72.0,28.000000000000004,72.0,100.0,56.25,0.5238095238095238,success,0.7106227106227108,0.6098651589955937,0.5652173913043478,13.0,21.0,-0.4429729010250114,34,0,0,0
NCIH2373,lung,11.0,7.0,5.0,2.0,25.0,18.0,7.0,72.0,28.000000000000004,72.0,84.62,68.75,0.5294117647058824,success,0.6280276816608997,0.6213048345628438,0.68,17.0,17.0,-0.4459617914833336,34,0,0,0
NCIH2405,lung,13.0,5.0,4.0,3.0,25.0,18.0,7.0,72.0,28.000000000000004,72.0,81.25,76.47,0.475,success,0.6446428571428571,0.7365729254695217,0.7169811320754716,20.0,14.0,-0.5471383124953171,34,0,0,0
NCIH2452,lung,11.0,10.0,3.0,1.0,25.0,21.0,4.0,84.0,16.0,84.0,91.67,78.57,0.55,success,0.675,0.5437262510290245,0.6086956521739131,14.0,20.0,-0.3939779048260899,34,0,0,0
NCIH2461,lung,5.0,4.0,3.0,2.0,14.0,9.0,5.0,64.28571428571429,35.714285714285715,64.29,71.43,62.5,0.5,success,0.6062500000000001,0.5332553475935828,0.6153846153846154,8.0,10.0,-0.4273161145098658,18,16,0,11
NCIH2591,lung,10.0,8.0,6.0,1.0,25.0,18.0,7.0,72.0,28.000000000000004,72.0,90.91,62.5,0.525,success,0.7017857142857143,0.6208596346566271,0.5957446808510638,14.0,20.0,-0.4513135083173746,34,0,0,0
NCIH2595,lung,6.0,7.0,10.0,2.0,25.0,13.0,12.0,52.0,48.0,52.0,75.0,37.5,0.5,success,0.65625,0.5362493715434892,0.4545454545454545,10.0,24.0,-0.5116160680441351,34,0,0,0
NCIH2722,lung,9.0,9.0,6.0,1.0,25.0,18.0,7.0,72.0,28.000000000000004,72.0,90.0,60.0,0.5208333333333334,success,0.66875,0.4783788107317519,0.4651162790697674,10.0,24.0,-0.4287063451579687,34,0,0,0
NCIH2731,lung,4.0,5.0,5.0,0.0,14.0,9.0,5.0,64.28571428571429,35.714285714285715,64.29,100.0,44.44,0.5416666666666666,success,0.7569444444444444,0.6464646464646464,0.5217391304347826,6.0,12.0,-0.5909148158728217,18,16,0,11
NCIH2795,lung,12.0,3.0,3.0,7.0,25.0,15.0,10.0,60.0,40.0,60.0,63.16,80.0,0.4814814814814814,success,0.7195767195767195,0.9280299143888469,0.8666666666666667,27.0,7.0,-0.4272071552029487,34,0,0,0
NCIH28,lung,9.0,5.0,7.0,4.0,25.0,14.0,11.0,56.00000000000001,44.0,56.0,69.23,56.25,0.4761904761904761,success,0.6959706959706959,0.8037686780978834,0.7407407407407407,21.0,13.0,-0.4459617914833336,34,0,0,0
NCIH2818,lung,5.0,10.0,9.0,1.0,25.0,15.0,10.0,60.0,40.0,60.0,83.33,35.71,0.5,success,0.6011904761904762,0.2263173029191336,0.3,6.0,28.0,-0.5230828132945776,34,0,0,0
NCIH3122,lung,8.0,4.0,0.0,2.0,14.0,12.0,2.0,85.71428571428571,14.285714285714285,85.71,80.0,100.0,0.5,success,0.9821428571428572,0.995238095238095,0.875,14.0,4.0,-0.5172269990775398,18,16,0,11
NCIH322M,lung,10.0,3.0,7.0,5.0,25.0,13.0,12.0,52.0,48.0,52.0,66.67,58.82,0.5277777777777778,success,0.4826388888888889,0.4989788810186883,0.6530612244897959,16.0,18.0,-0.54932470036427,34,0,0,0
NCIH345,lung,5.0,5.0,5.0,2.0,17.0,10.0,7.0,58.82352941176471,41.17647058823529,58.82,71.43,50.0,0.4444444444444444,success,0.6060606060606061,0.6839031339031338,0.5714285714285714,9.0,11.0,-0.5080823613010655,20,0,0,0
NCIH358,lung,21.0,1.0,2.0,1.0,25.0,22.0,3.0,88.0,12.0,88.0,95.45,91.3,0.6505376344086021,success,0.7956989247311828,0.9748801500642664,0.9523809523809524,31.0,3.0,-0.4427822480869404,34,0,0,0
NCIH441,lung,8.0,7.0,9.0,1.0,25.0,15.0,10.0,60.0,40.0,60.0,88.89,47.06,0.5217391304347826,success,0.6521739130434783,0.5437374691843881,0.5,11.0,23.0,-0.5525584459630448,34,0,0,0
NCIH446,lung,8.0,2.0,0.0,4.0,14.0,10.0,4.0,71.42857142857143,28.57142857142857,71.43,66.67,100.0,0.5,success,0.6000000000000001,0.8608006916830446,0.9090909090909092,15.0,3.0,-0.5172269990775398,18,16,0,11
NCIH513,lung,14.0,5.0,2.0,4.0,25.0,19.0,6.0,76.0,24.0,76.0,77.78,87.5,0.5,success,0.7312252964426877,0.841791302824132,0.8070175438596491,23.0,11.0,-0.5083319016172418,34,0,0,0
NCIH520,lung,10.0,6.0,5.0,4.0,25.0,16.0,9.0,64.0,36.0,64.0,71.43,66.67,0.5294117647058824,success,0.5761245674740485,0.5646627580947965,0.68,17.0,17.0,-0.5339329575289975,34,0,0,0
NCIH522,lung,7.0,7.0,9.0,2.0,25.0,14.0,11.0,56.00000000000001,44.0,56.0,77.78,43.75,0.5,success,0.5729166666666667,0.4866140162519473,0.4545454545454545,10.0,24.0,-0.5239709437346223,34,0,0,0
NCIH524,lung,7.0,4.0,2.0,1.0,14.0,11.0,3.0,78.57142857142857,21.428571428571427,78.57,87.5,77.78,0.5714285714285714,success,0.7272727272727272,0.8084385311658039,0.7857142857142857,11.0,7.0,-0.5524584200727934,18,16,0,11
NCIH526,lung,12.0,6.0,4.0,3.0,25.0,18.0,7.0,72.0,28.000000000000004,72.0,80.0,75.0,0.5357142857142857,success,0.6357142857142857,0.6788824778807364,0.7547169811320755,20.0,14.0,-0.5003606278669349,34,0,0,0
NCIH596,lung,9.0,4.0,0.0,1.0,14.0,13.0,1.0,92.85714285714286,7.142857142857142,92.86,90.0,100.0,0.4642857142857143,success,0.9285714285714286,0.984126984126984,0.8387096774193549,14.0,4.0,-0.5030032124535081,18,16,0,11
NCIH64,lung,7.0,3.0,1.0,3.0,14.0,10.0,4.0,71.42857142857143,28.57142857142857,71.43,70.0,87.5,0.5,success,0.6230769230769231,0.8391471273824216,0.8387096774193549,13.0,5.0,-0.5172269990775398,18,16,0,11
NCIH650,lung,17.0,2.0,6.0,0.0,25.0,19.0,6.0,76.0,24.0,76.0,100.0,73.91,0.5769230769230769,success,0.7252747252747254,0.8262228461024363,0.7924528301886793,21.0,13.0,-0.4427822480869404,34,0,0,0
NCIH661,lung,13.0,7.0,4.0,1.0,25.0,20.0,5.0,80.0,20.0,80.0,92.86,76.47,0.5333333333333333,success,0.7508771929824561,0.8050091335212322,0.7307692307692307,19.0,15.0,-0.5467360155282758,34,0,0,0
NCIH69,lung,13.0,4.0,2.0,6.0,25.0,17.0,8.0,68.0,32.0,68.0,68.42,86.67,0.48,success,0.7625000000000001,0.9256735501303496,0.8421052631578947,25.0,8.0,-0.5339329575289975,33,0,0,0
NCIH720,lung,8.0,5.0,0.0,1.0,14.0,13.0,1.0,92.85714285714286,7.142857142857142,92.86,88.89,100.0,0.5,success,0.7847222222222222,0.8443392255892256,0.8,12.0,6.0,-0.5172269990775398,18,16,0,11
NCIH727,lung,8.0,4.0,6.0,7.0,25.0,12.0,13.0,48.0,52.0,48.0,53.33,57.14,0.4761904761904761,success,0.5476190476190477,0.7166957863034051,0.7407407407407407,21.0,13.0,-0.5198980020364616,34,0,0,0
NCIH810,lung,10.0,9.0,3.0,3.0,25.0,19.0,6.0,76.0,24.0,76.0,76.92,76.92,0.5,success,0.6824561403508772,0.586780852968742,0.6122448979591837,15.0,19.0,-0.5096153852211538,34,0,0,0
NCIH82,lung,12.0,5.0,4.0,4.0,25.0,17.0,8.0,68.0,32.0,68.0,75.0,75.0,0.5384615384615384,success,0.6483516483516483,0.7340587110306772,0.7777777777777778,21.0,13.0,-0.4697993575137242,34,0,0,0
NCIH835,lung,7.0,2.0,2.0,3.0,14.0,9.0,5.0,64.28571428571429,35.714285714285715,64.29,70.0,77.78,0.5,success,0.5892857142857143,0.8052489993666464,0.875,14.0,4.0,-0.5555438886801922,18,16,0,11
NCIH841,lung,12.0,4.0,5.0,4.0,25.0,16.0,9.0,64.0,36.0,64.0,75.0,70.59,0.5384615384615384,success,0.6611721611721612,0.786532502783585,0.7777777777777778,21.0,13.0,-0.5080823613010655,34,0,0,0
NCIH847,lung,7.0,4.0,2.0,1.0,14.0,11.0,3.0,78.57142857142857,21.428571428571427,78.57,87.5,77.78,0.4545454545454545,success,0.5389610389610389,0.6198382425655152,0.7142857142857143,11.0,7.0,-0.4402823079537144,18,16,0,11
PC14,lung,8.0,2.0,1.0,3.0,14.0,10.0,4.0,71.42857142857143,28.57142857142857,71.43,72.73,88.89,0.5,success,0.6696428571428571,0.8703196430087187,0.875,14.0,4.0,-0.5474541186697784,18,16,0,11
RERFLCKJ,lung,9.0,4.0,8.0,4.0,25.0,13.0,12.0,52.0,48.0,52.0,69.23,52.94,0.5333333333333333,success,0.6842105263157894,0.7765820495765317,0.7307692307692307,19.0,15.0,-0.538849066326847,34,0,0,0
RERFLCSQ1,lung,20.0,1.0,3.0,1.0,25.0,21.0,4.0,84.0,16.0,84.0,95.24,86.96,0.5827586206896552,success,0.7931034482758621,0.9643532270484968,0.918032786885246,29.0,5.0,-0.4019296403934284,34,0,0,0
SBC3,lung,14.0,7.0,3.0,1.0,25.0,21.0,4.0,84.0,16.0,84.0,93.33,82.35,0.5333333333333333,success,0.7140350877192982,0.7473044577774484,0.7307692307692307,19.0,15.0,-0.5085691615900784,34,0,0,0
SBC5,lung,13.0,3.0,4.0,5.0,25.0,16.0,9.0,64.0,36.0,64.0,72.22,76.47,0.4782608695652174,success,0.5415019762845851,0.7528430146996908,0.7857142857142857,23.0,11.0,-0.5080823613010655,34,0,0,0
SHP77,lung,6.0,4.0,3.0,1.0,14.0,10.0,4.0,71.42857142857143,28.57142857142857,71.43,85.71,66.67,0.5,success,0.78125,0.8357932263814617,0.7142857142857143,10.0,8.0,-0.5537117015692844,18,16,0,11
SKLU1,lung,13.0,3.0,3.0,5.0,24.0,16.0,8.0,66.66666666666666,33.33333333333333,66.67,72.22,81.25,0.4782608695652174,success,0.5962732919254659,0.8437678987678987,0.8461538461538461,23.0,7.0,-0.5467360155282758,30,0,0,0
SKMES1,lung,15.0,0.0,1.0,9.0,25.0,15.0,10.0,60.0,40.0,60.0,62.5,93.75,0.5,success,0.3359375,0.9284801985721768,0.9696969696969696,32.0,2.0,-0.5116160680441351,34,0,0,0
SW1271,lung,13.0,6.0,3.0,3.0,25.0,19.0,6.0,76.0,24.0,76.0,81.25,81.25,0.5,success,0.5285714285714286,0.6703564549256007,0.7407407407407407,20.0,14.0,-0.5116160680441351,34,0,0,0
SW1573,lung,10.0,9.0,5.0,1.0,25.0,19.0,6.0,76.0,24.0,76.0,90.91,66.67,0.5277777777777778,success,0.8142361111111112,0.7971142228156547,0.6530612244897959,16.0,18.0,-0.5065809237723218,34,0,0,0
SW900,lung,10.0,6.0,5.0,4.0,25.0,16.0,9.0,64.0,36.0,64.0,71.43,66.67,0.53125,success,0.6319444444444444,0.6564613423069305,0.7058823529411765,18.0,16.0,-0.4822951629894254,34,0,0,0
UMC11,lung,14.0,2.0,9.0,0.0,25.0,16.0,9.0,64.0,36.0,64.0,100.0,60.87,0.5625,success,0.7777777777777778,0.8303906059174258,0.72,18.0,16.0,-0.4427822480869404,34,0,0,0
VMRCLCD,lung,6.0,5.0,2.0,1.0,14.0,11.0,3.0,78.57142857142857,21.428571428571427,78.57,85.71,75.0,0.5,success,0.625,0.5234068627450981,0.6153846153846154,8.0,10.0,-0.5260010792533789,18,16,0,11
697,lymphoid,13.0,3.0,1.0,7.0,24.0,16.0,8.0,66.66666666666666,33.33333333333333,66.67,65.0,92.86,0.625,success,0.7692307692307693,0.9561842971307074,0.9454545454545454,26.0,4.0,-0.4812981364062488,30,0,0,0
A3KAW,lymphoid,11.0,2.0,4.0,7.0,24.0,13.0,11.0,54.16666666666666,45.83333333333333,54.17,61.11,73.33,0.4782608695652174,success,0.4804347826086956,0.7552494975285999,0.8,23.0,10.0,-0.4459617914833336,33,0,0,0
A4FUK,lymphoid,13.0,2.0,3.0,7.0,25.0,15.0,10.0,60.0,40.0,60.0,65.0,81.25,0.5625,success,0.59375,0.8505160496064826,0.8813559322033898,26.0,8.0,-0.5147270980215325,34,0,0,0
ALLPO,lymphoid,15.0,4.0,2.0,4.0,25.0,19.0,6.0,76.0,24.0,76.0,78.95,88.24,0.5555555555555556,success,0.7476851851851852,0.8829190592947708,0.8571428571428571,24.0,9.0,-0.5080823613010655,33,0,0,0
ALLSIL,lymphoid,13.0,3.0,3.0,6.0,25.0,16.0,9.0,64.0,36.0,64.0,68.42,81.25,0.5714285714285714,success,0.6587301587301587,0.8991945500722072,0.9,27.0,7.0,-0.4459617914833336,34,0,0,0
AMO1,lymphoid,7.0,6.0,1.0,4.0,18.0,13.0,5.0,72.22222222222221,27.77777777777778,72.22,63.64,87.5,0.5555555555555556,success,0.7962962962962963,0.8304486692644588,0.75,12.0,9.0,-0.5179465704208286,21,0,0,0
ARH77,lymphoid,13.0,4.0,3.0,5.0,25.0,17.0,8.0,68.0,32.0,68.0,72.22,81.25,0.5454545454545454,success,0.5165289256198348,0.7280056237086643,0.8148148148148148,22.0,11.0,-0.5003606278669349,33,0,0,0
ATN1,lymphoid,11.0,7.0,5.0,2.0,25.0,18.0,7.0,72.0,28.000000000000004,72.0,84.62,68.75,0.53125,success,0.7279411764705883,0.7501139791580969,0.6938775510204082,17.0,16.0,-0.5003606278669349,33,0,0,0
BALL1,lymphoid,15.0,4.0,1.0,5.0,25.0,19.0,6.0,76.0,24.0,76.0,75.0,93.75,0.48,success,0.637142857142857,0.8497776933165686,0.8571428571428571,25.0,7.0,-0.5003606278669349,32,0,0,0
BC1,lymphoid,10.0,2.0,2.0,0.0,14.0,12.0,2.0,85.71428571428571,14.285714285714285,85.71,100.0,83.33,0.6666666666666666,success,0.625,0.7437562437562437,0.8571428571428571,12.0,6.0,-0.4401209591211318,18,16,0,11
BE13,lymphoid,11.0,6.0,6.0,2.0,25.0,17.0,8.0,68.0,32.0,68.0,84.62,64.71,0.5263157894736842,success,0.6421052631578947,0.5663564415353985,0.625,15.0,19.0,-0.5080823613010655,34,0,0,0
BL41,lymphoid,14.0,4.0,3.0,4.0,25.0,18.0,7.0,72.0,28.000000000000004,72.0,77.78,82.35,0.475,success,0.5807692307692308,0.6941871798793566,0.7307692307692307,20.0,13.0,-0.5472219985115245,33,0,0,0
BV173,lymphoid,4.0,2.0,8.0,0.0,14.0,6.0,8.0,42.85714285714285,57.14285714285714,42.86,100.0,33.33,0.5833333333333334,success,0.6041666666666667,0.4523809523809523,0.5454545454545454,6.0,12.0,-0.4401209591211318,18,16,0,11
CA46,lymphoid,10.0,3.0,7.0,5.0,25.0,13.0,12.0,52.0,48.0,52.0,66.67,58.82,0.5263157894736842,success,0.4192982456140351,0.4511164452831119,0.625,15.0,19.0,-0.5080823613010655,34,0,0,0
CCRFCEM,lymphoid,16.0,2.0,3.0,4.0,25.0,18.0,7.0,72.0,28.000000000000004,72.0,80.0,84.21,0.5833333333333334,success,0.6041666666666666,0.87113883241656,0.918032786885246,28.0,6.0,-0.5052648149324499,34,0,0,0
CESS,lymphoid,11.0,6.0,4.0,4.0,25.0,17.0,8.0,68.0,32.0,68.0,73.33,73.33,0.5416666666666666,success,0.6468253968253969,0.7425739210052422,0.7924528301886793,21.0,12.0,-0.4832001274653994,33,0,0,0
CMLT1,lymphoid,13.0,4.0,3.0,5.0,25.0,17.0,8.0,68.0,32.0,68.0,72.22,81.25,0.5454545454545454,success,0.6086956521739131,0.7732533291229223,0.8214285714285714,23.0,11.0,-0.4459617914833336,34,0,0,0
CTV1,lymphoid,15.0,0.0,8.0,2.0,25.0,15.0,10.0,60.0,40.0,60.0,88.24,65.22,0.4545454545454545,success,0.409090909090909,0.6978047103907354,0.7407407407407407,22.0,12.0,-0.4102583382147888,34,0,0,0
DAUDI,lymphoid,16.0,4.0,1.0,4.0,25.0,20.0,5.0,80.0,20.0,80.0,80.0,94.12,0.48,success,0.7088888888888889,0.8472457949114296,0.8275862068965517,25.0,9.0,-0.5080823613010655,34,0,0,0
DB,lymphoid,10.0,7.0,7.0,1.0,25.0,17.0,8.0,68.0,32.0,68.0,90.91,58.82,0.5238095238095238,success,0.5989010989010989,0.4258698256772202,0.5652173913043478,13.0,21.0,-0.5080823613010655,34,0,0,0
DEL,lymphoid,13.0,4.0,2.0,5.0,24.0,17.0,7.0,70.83333333333334,29.166666666666668,70.83,72.22,86.67,0.5454545454545454,success,0.6053719008264463,0.7686212225575919,0.8148148148148148,22.0,11.0,-0.5003606278669349,33,0,0,0
DG75,lymphoid,14.0,3.0,5.0,3.0,25.0,17.0,8.0,68.0,32.0,68.0,82.35,73.68,0.4782608695652174,success,0.6403162055335968,0.8161912624486929,0.7857142857142857,23.0,11.0,-0.5052648149324499,34,0,0,0
DND41,lymphoid,16.0,3.0,1.0,5.0,25.0,19.0,6.0,76.0,24.0,76.0,76.19,94.12,0.5714285714285714,success,0.5982142857142858,0.8296680395245175,0.8888888888888888,24.0,7.0,-0.54932470036427,31,0,0,0
EB2,lymphoid,14.0,7.0,2.0,2.0,25.0,21.0,4.0,84.0,16.0,84.0,87.5,87.5,0.53125,success,0.6378676470588235,0.6082523341811268,0.6938775510204082,17.0,16.0,-0.5003606278669349,33,0,0,0
EB3,lymphoid,7.0,4.0,2.0,1.0,14.0,11.0,3.0,78.57142857142857,21.428571428571427,78.57,87.5,77.78,0.5833333333333334,success,0.8194444444444444,0.8962183105565459,0.8275862068965517,12.0,6.0,-0.5151938279253712,18,16,0,11
EJM,lymphoid,12.0,7.0,5.0,1.0,25.0,19.0,6.0,76.0,24.0,76.0,92.31,70.59,0.5333333333333333,success,0.8192982456140351,0.8535802038052818,0.7307692307692307,19.0,15.0,-0.5387390211804423,34,0,0,0
EM2,lymphoid,10.0,9.0,6.0,0.0,25.0,19.0,6.0,76.0,24.0,76.0,100.0,62.5,0.5,success,0.8035087719298246,0.7620541549953315,0.6122448979591837,15.0,19.0,-0.5239709437346223,34,0,0,0
EOL1CELL,lymphoid,11.0,4.0,5.0,5.0,25.0,15.0,10.0,60.0,40.0,60.0,68.75,68.75,0.55,success,0.6825,0.8086324059684203,0.8163265306122449,20.0,10.0,-0.4579618201869108,30,0,0,0
GA10,lymphoid,11.0,5.0,6.0,3.0,25.0,16.0,9.0,64.0,36.0,64.0,78.57,64.71,0.5277777777777778,success,0.6018518518518519,0.5937067409809929,0.6382978723404256,15.0,18.0,-0.5080823613010655,33,0,0,0
GDM1,lymphoid,10.0,9.0,5.0,1.0,25.0,19.0,6.0,76.0,24.0,76.0,90.91,66.67,0.6052631578947368,success,0.8456140350877193,0.7996523170671777,0.6666666666666666,15.0,19.0,-0.5022667759779467,34,0,0,0
GRANTA519,lymphoid,11.0,6.0,4.0,4.0,25.0,17.0,8.0,68.0,32.0,68.0,73.33,73.33,0.4705882352941176,success,0.5207612456747405,0.5394273450501824,0.64,17.0,17.0,-0.5563816430478429,34,0,0,0
GRST,lymphoid,11.0,8.0,5.0,1.0,25.0,19.0,6.0,76.0,24.0,76.0,91.67,68.75,0.525,success,0.6821428571428572,0.4993572563400266,0.5957446808510638,14.0,20.0,-0.5003606278669349,34,0,0,0
H9,lymphoid,15.0,6.0,1.0,3.0,25.0,21.0,4.0,84.0,16.0,84.0,83.33,93.75,0.55,success,0.8104166666666667,0.8948131770149089,0.8421052631578947,24.0,10.0,-0.5003606278669349,34,0,0,0
HAL01,lymphoid,11.0,8.0,4.0,2.0,25.0,19.0,6.0,76.0,24.0,76.0,84.62,73.33,0.5333333333333333,success,0.7157894736842105,0.7209615646651251,0.7307692307692307,19.0,15.0,-0.4287063451579687,34,0,0,0
HC1,lymphoid,11.0,2.0,1.0,2.0,16.0,13.0,3.0,81.25,18.75,81.25,84.62,91.67,0.6,success,0.7529411764705882,0.8738119809327239,0.8947368421052632,17.0,5.0,-0.4832001274653994,22,0,0,0
HDLM2,lymphoid,13.0,6.0,3.0,3.0,25.0,19.0,6.0,76.0,24.0,76.0,81.25,81.25,0.55,success,0.66875,0.752378848802175,0.8421052631578947,24.0,10.0,-0.4992679005906141,34,0,0,0
HDMYZ,lymphoid,11.0,6.0,4.0,4.0,25.0,17.0,8.0,68.0,32.0,68.0,73.33,73.33,0.5294117647058824,success,0.6470588235294118,0.6796322078149158,0.68,17.0,17.0,-0.4979253252884288,34,0,0,0
HH,lymphoid,8.0,7.0,8.0,2.0,25.0,15.0,10.0,60.0,40.0,60.0,80.0,50.0,0.5227272727272727,success,0.5890151515151515,0.4264711843294456,0.5333333333333333,12.0,22.0,-0.5003606278669349,34,0,0,0
HL60,lymphoid,14.0,8.0,3.0,0.0,25.0,22.0,3.0,88.0,12.0,88.0,100.0,82.35,0.5416666666666666,success,0.902777777777778,0.9286872192544462,0.7924528301886793,21.0,12.0,-0.5080823613010655,33,0,0,0
HS445,lymphoid,12.0,3.0,4.0,4.0,23.0,15.0,8.0,65.21739130434783,34.78260869565217,65.22,75.0,75.0,0.4782608695652174,success,0.673913043478261,0.8314201688975623,0.8148148148148148,23.0,9.0,-0.5085691615900784,32,0,0,0
IM9,lymphoid,10.0,6.0,4.0,4.0,24.0,16.0,8.0,66.66666666666666,33.33333333333333,66.67,71.43,71.43,0.5416666666666666,success,0.5877192982456141,0.7090174905606117,0.7755102040816326,19.0,12.0,-0.4812981364062488,31,0,0,0
JIYOYEP2003,lymphoid,9.0,2.0,5.0,3.0,19.0,11.0,8.0,57.89473684210527,42.10526315789473,57.89,75.0,64.29,0.5333333333333333,success,0.5512820512820513,0.5673513004508479,0.65,13.0,15.0,-0.5003606278669349,28,0,0,0
JJN3,lymphoid,8.0,2.0,2.0,0.0,12.0,10.0,2.0,83.33333333333334,16.666666666666664,83.33,100.0,80.0,0.7,success,0.6454545454545454,0.7718660127751037,0.88,11.0,5.0,-0.4401209591211318,16,15,0,10
JSC1,lymphoid,11.0,4.0,2.0,1.0,18.0,15.0,3.0,83.33333333333334,16.666666666666664,83.33,91.67,84.62,0.5416666666666666,success,0.7138888888888889,0.7656019704932748,0.7317073170731707,15.0,12.0,-0.5056240000359584,27,0,0,0
JURLMK1,lymphoid,12.0,4.0,5.0,3.0,24.0,16.0,8.0,66.66666666666666,33.33333333333333,66.67,80.0,70.59,0.5357142857142857,success,0.5770676691729323,0.6495595058981337,0.7450980392156863,19.0,14.0,-0.5080823613010655,33,0,0,0
JVM2,lymphoid,10.0,6.0,5.0,4.0,25.0,16.0,9.0,64.0,36.0,64.0,71.43,66.67,0.5357142857142857,success,0.5861344537815126,0.610674851784824,0.723404255319149,17.0,14.0,-0.4957821112022696,31,0,0,0
JVM3,lymphoid,10.0,8.0,3.0,3.0,24.0,18.0,6.0,75.0,25.0,75.0,76.92,76.92,0.5384615384615384,success,0.8371040723981901,0.8562454240842988,0.7391304347826086,17.0,13.0,-0.5076521177491973,30,0,0,0
K562,lymphoid,10.0,4.0,5.0,6.0,25.0,14.0,11.0,56.00000000000001,44.0,56.0,62.5,66.67,0.5333333333333333,success,0.5859649122807017,0.7027753714651024,0.7307692307692307,19.0,15.0,-0.5088684335681448,34,0,0,0
KARPAS1106P,lymphoid,14.0,5.0,2.0,4.0,25.0,19.0,6.0,76.0,24.0,76.0,77.78,87.5,0.5454545454545454,success,0.6422924901185771,0.7613091515405961,0.8214285714285714,23.0,11.0,-0.4459617914833336,34,0,0,0
KARPAS231,lymphoid,10.0,5.0,5.0,5.0,25.0,15.0,10.0,60.0,40.0,60.0,66.67,66.67,0.475,success,0.6339285714285714,0.7201252728214214,0.7169811320754716,20.0,14.0,-0.5247452349306012,34,0,0,0
KARPAS299,lymphoid,8.0,8.0,6.0,1.0,23.0,16.0,7.0,69.56521739130434,30.434782608695656,69.57,88.89,57.14,0.525,success,0.71,0.572922502334267,0.5128205128205128,10.0,20.0,-0.5003606278669349,30,0,0,0
KARPAS422,lymphoid,7.0,3.0,2.0,2.0,14.0,10.0,4.0,71.42857142857143,28.57142857142857,71.43,77.78,77.78,0.5714285714285714,success,0.6103896103896104,0.7183220819584456,0.7857142857142857,11.0,7.0,-0.4402823079537144,18,16,0,11
KARPAS45,lymphoid,19.0,3.0,0.0,3.0,25.0,22.0,3.0,88.0,12.0,88.0,86.36,100.0,0.4827586206896552,success,0.8137931034482759,0.9642030736231204,0.9032258064516128,29.0,5.0,-0.5052648149324499,34,0,0,0
KARPAS620,lymphoid,14.0,3.0,2.0,6.0,25.0,17.0,8.0,68.0,32.0,68.0,70.0,87.5,0.4807692307692308,success,0.6706730769230769,0.8760487399744805,0.847457627118644,26.0,8.0,-0.5186988045107015,34,0,0,0
KCL22,lymphoid,8.0,4.0,1.0,1.0,14.0,12.0,2.0,85.71428571428571,14.285714285714285,85.71,88.89,88.89,0.5833333333333334,success,0.8541666666666667,0.8868326118326118,0.8275862068965517,12.0,6.0,-0.5265462965331922,18,16,0,11
KE37,lymphoid,6.0,4.0,3.0,1.0,14.0,10.0,4.0,71.42857142857143,28.57142857142857,71.43,85.71,66.67,0.5625,success,0.66875,0.7080186480186479,0.7407407407407407,10.0,8.0,-0.4402823079537144,18,16,0,11
KG1,lymphoid,7.0,4.0,1.0,2.0,14.0,11.0,3.0,78.57142857142857,21.428571428571427,78.57,77.78,87.5,0.5,success,0.7923076923076924,0.8977373933256285,0.8387096774193549,13.0,5.0,-0.5172269990775398,18,16,0,11
KMH2,lymphoid,11.0,2.0,3.0,9.0,25.0,13.0,12.0,52.0,48.0,52.0,55.0,78.57,0.4791666666666667,success,0.5666666666666667,0.8021552438449412,0.8070175438596491,24.0,10.0,-0.5179465704208286,34,0,0,0
KMOE2,lymphoid,15.0,4.0,2.0,4.0,25.0,19.0,6.0,76.0,24.0,76.0,78.95,88.24,0.5625,success,0.6971153846153846,0.8657062034854576,0.8813559322033898,26.0,8.0,-0.5080823613010655,34,0,0,0
KMS12BM,lymphoid,6.0,5.0,3.0,0.0,14.0,11.0,3.0,78.57142857142857,21.428571428571427,78.57,100.0,66.67,0.55,success,0.71875,0.577840909090909,0.64,8.0,10.0,-0.5713284400593173,18,16,0,11
KOPN8,lymphoid,11.0,5.0,4.0,5.0,25.0,16.0,9.0,64.0,36.0,64.0,68.75,73.33,0.4761904761904761,success,0.7547619047619049,0.8742424971970202,0.7843137254901961,21.0,10.0,-0.5088684335681448,31,0,0,0
KU812,lymphoid,14.0,5.0,2.0,4.0,25.0,19.0,6.0,76.0,24.0,76.0,77.78,87.5,0.5454545454545454,success,0.7233201581027668,0.8218613900595511,0.8214285714285714,23.0,11.0,-0.5003606278669349,34,0,0,0
KY821,lymphoid,13.0,4.0,3.0,5.0,25.0,17.0,8.0,68.0,32.0,68.0,72.22,81.25,0.5,success,0.6547619047619048,0.8102568367933394,0.7777777777777778,21.0,12.0,-0.5272551101615156,33,0,0,0
L1236,lymphoid,11.0,5.0,6.0,3.0,25.0,16.0,9.0,64.0,36.0,64.0,78.57,64.71,0.5263157894736842,success,0.4849624060150376,0.4606677354633939,0.6086956521739131,14.0,19.0,-0.5080823613010655,33,0,0,0
L363,lymphoid,12.0,4.0,3.0,6.0,25.0,16.0,9.0,64.0,36.0,64.0,66.67,80.0,0.5454545454545454,success,0.6699604743083004,0.8121969210526403,0.8214285714285714,23.0,11.0,-0.4409322538057389,34,0,0,0
L428,lymphoid,14.0,4.0,3.0,4.0,25.0,18.0,7.0,72.0,28.000000000000004,72.0,77.78,82.35,0.475,success,0.4303571428571429,0.5676158549619816,0.7169811320754716,20.0,14.0,-0.5080823613010655,34,0,0,0
L540,lymphoid,10.0,5.0,5.0,5.0,25.0,15.0,10.0,60.0,40.0,60.0,66.67,66.67,0.4411764705882353,success,0.4204152249134948,0.4677461144485418,0.5957446808510638,17.0,17.0,-0.5022667759779467,34,0,0,0
LAMA84,lymphoid,12.0,4.0,5.0,4.0,25.0,16.0,9.0,64.0,36.0,64.0,75.0,70.59,0.5357142857142857,success,0.5589285714285714,0.7026103468766208,0.7547169811320755,20.0,14.0,-0.5080823613010655,34,0,0,0
LC41,lymphoid,13.0,6.0,3.0,3.0,25.0,19.0,6.0,76.0,24.0,76.0,81.25,81.25,0.5384615384615384,success,0.6634615384615384,0.7137936984728157,0.7692307692307693,20.0,13.0,-0.4459617914833336,33,0,0,0
LOUCY,lymphoid,14.0,6.0,2.0,3.0,25.0,20.0,5.0,80.0,20.0,80.0,82.35,87.5,0.5416666666666666,success,0.7443181818181819,0.8010502759426326,0.8,22.0,12.0,-0.5003606278669349,34,0,0,0
MCCAR,lymphoid,13.0,4.0,1.0,4.0,22.0,17.0,5.0,77.27272727272727,22.727272727272727,77.27,76.47,92.86,0.5625,success,0.7472826086956521,0.8841436777594825,0.8679245283018868,23.0,8.0,-0.4957821112022696,31,0,0,0
ME1,lymphoid,9.0,4.0,5.0,6.0,24.0,13.0,11.0,54.16666666666666,45.83333333333333,54.17,60.0,64.29,0.4722222222222222,success,0.5972222222222223,0.7185176987926349,0.723404255319149,18.0,12.0,-0.4832001274653994,30,0,0,0
MEG01,lymphoid,12.0,5.0,5.0,3.0,25.0,17.0,8.0,68.0,32.0,68.0,80.0,70.59,0.5333333333333333,success,0.6403508771929824,0.7244383493711342,0.7307692307692307,19.0,15.0,-0.5080823613010655,34,0,0,0
MHHCALL2,lymphoid,10.0,6.0,5.0,4.0,25.0,16.0,9.0,64.0,36.0,64.0,71.43,66.67,0.46875,success,0.578125,0.6313511488511487,0.6122448979591837,16.0,18.0,-0.5366453204360755,34,0,0,0
MHHPREB1,lymphoid,13.0,4.0,4.0,4.0,25.0,17.0,8.0,68.0,32.0,68.0,76.47,76.47,0.4782608695652174,success,0.5928853754940712,0.783411655567499,0.7857142857142857,23.0,11.0,-0.5080823613010655,34,0,0,0
ML2,lymphoid,11.0,8.0,3.0,2.0,24.0,19.0,5.0,79.16666666666666,20.833333333333336,79.17,84.62,78.57,0.5357142857142857,success,0.7879464285714286,0.7895409125188537,0.7111111111111111,16.0,14.0,-0.5228803423443282,30,0,0,0
MLMA,lymphoid,16.0,1.0,7.0,1.0,25.0,17.0,8.0,68.0,32.0,68.0,94.12,69.57,0.5227272727272727,success,0.6363636363636364,0.777167497761658,0.7924528301886793,22.0,11.0,-0.4981142522298688,33,0,0,0
MM1S,lymphoid,12.0,2.0,1.0,4.0,19.0,14.0,5.0,73.68421052631578,26.31578947368421,73.68,75.0,92.31,0.4791666666666667,success,0.640625,0.9181589841000596,0.9019607843137256,24.0,4.0,-0.47013533064043,28,0,0,0
MN60,lymphoid,8.0,3.0,1.0,2.0,14.0,11.0,3.0,78.57142857142857,21.428571428571427,78.57,80.0,88.89,0.5,success,0.551948051948052,0.6642438666502837,0.7586206896551724,11.0,7.0,-0.5145006254639213,18,16,0,11
MOLM13,lymphoid,7.0,1.0,0.0,4.0,12.0,8.0,4.0,66.66666666666666,33.33333333333333,66.67,63.64,100.0,0.5,success,1.0,1.0,0.967741935483871,15.0,1.0,-0.406401755307906,16,16,0,11
MOLP8,lymphoid,13.0,5.0,3.0,4.0,25.0,18.0,7.0,72.0,28.000000000000004,72.0,76.47,81.25,0.48,success,0.7533333333333333,0.8913391540920954,0.8275862068965517,25.0,9.0,-0.4883562527100168,34,0,0,0
MOLT13,lymphoid,13.0,3.0,3.0,6.0,25.0,16.0,9.0,64.0,36.0,64.0,68.42,81.25,0.4807692307692308,success,0.7115384615384617,0.904022434462881,0.8620689655172413,26.0,7.0,-0.5003606278669349,33,0,0,0
MOLT16,lymphoid,19.0,0.0,3.0,2.0,24.0,19.0,5.0,79.16666666666666,20.833333333333336,79.17,90.48,86.36,0.4666666666666667,success,0.9222222222222224,0.9926952716823406,0.918032786885246,30.0,3.0,-0.4293738967154639,33,0,0,0
MOLT4,lymphoid,16.0,3.0,3.0,3.0,25.0,19.0,6.0,76.0,24.0,76.0,84.21,84.21,0.4814814814814814,success,0.8386243386243387,0.960799019758012,0.8666666666666667,27.0,7.0,-0.5024492993852825,34,0,0,0
MONOMAC6,lymphoid,8.0,2.0,0.0,4.0,14.0,10.0,4.0,71.42857142857143,28.57142857142857,71.43,66.67,100.0,0.5,success,0.9375,0.9926470588235294,0.9411764705882352,16.0,2.0,-0.5172269990775398,18,16,0,11
MOT,lymphoid,11.0,3.0,3.0,8.0,25.0,14.0,11.0,56.00000000000001,44.0,56.0,57.89,78.57,0.4791666666666667,success,0.6041666666666666,0.805922289778812,0.8070175438596491,24.0,10.0,-0.5056240000359584,34,0,0,0
MV411,lymphoid,12.0,1.0,3.0,9.0,25.0,13.0,12.0,52.0,48.0,52.0,57.14,80.0,0.5114285714285715,success,0.4942857142857143,0.825925446638612,0.8301886792452831,25.0,7.0,-0.5022667759779467,32,0,0,0
NALM6,lymphoid,4.0,4.0,5.0,1.0,14.0,8.0,6.0,57.14285714285714,42.85714285714285,57.14,80.0,44.44,0.5,success,0.68,0.4775757575757575,0.5,5.0,10.0,-0.406401755307906,15,15,0,11
NAMALWA,lymphoid,10.0,7.0,7.0,1.0,25.0,17.0,8.0,68.0,32.0,68.0,90.91,58.82,0.5263157894736842,success,0.6860902255639098,0.5630584149593366,0.6086956521739131,14.0,19.0,-0.5080823613010655,33,0,0,0
NKM1,lymphoid,12.0,8.0,4.0,1.0,25.0,20.0,5.0,80.0,20.0,80.0,92.31,75.0,0.53125,success,0.79375,0.7712158701864584,0.6666666666666666,15.0,16.0,-0.4883562527100168,31,0,0,0
NOMO1,lymphoid,13.0,2.0,10.0,0.0,25.0,15.0,10.0,60.0,40.0,60.0,100.0,56.52,0.5666666666666667,success,0.825925925925926,0.8677635327635327,0.7346938775510204,18.0,15.0,-0.4427822480869404,33,0,0,0
OCIAML2,lymphoid,11.0,6.0,3.0,4.0,24.0,17.0,7.0,70.83333333333334,29.166666666666668,70.83,73.33,78.57,0.55,success,0.78125,0.8386655269395207,0.7804878048780488,16.0,10.0,-0.4832001274653994,26,0,0,0
OCIAML3,lymphoid,4.0,2.0,8.0,0.0,14.0,6.0,8.0,42.85714285714285,57.14285714285714,42.86,100.0,33.33,0.5833333333333334,success,0.625,0.4672619047619047,0.5454545454545454,6.0,12.0,-0.4362947329871823,18,16,0,11
OCIAML5,lymphoid,15.0,5.0,1.0,4.0,25.0,20.0,5.0,80.0,20.0,80.0,78.95,93.75,0.5714285714285714,success,0.826923076923077,0.9346869893026716,0.896551724137931,26.0,7.0,-0.4459617914833336,33,0,0,0
OCIM1,lymphoid,15.0,4.0,2.0,4.0,25.0,19.0,6.0,76.0,24.0,76.0,78.95,88.24,0.4807692307692308,success,0.6730769230769231,0.8642405709065213,0.847457627118644,26.0,8.0,-0.54932470036427,34,0,0,0
OPM2,lymphoid,9.0,1.0,0.0,4.0,14.0,10.0,4.0,71.42857142857143,28.57142857142857,71.43,69.23,100.0,0.4705882352941176,success,0.8823529411764706,0.993271818531334,0.9411764705882352,17.0,1.0,-0.4402823079537144,18,16,0,11
P12ICHIKAWA,lymphoid,9.0,3.0,0.0,1.0,13.0,12.0,1.0,92.3076923076923,7.6923076923076925,92.31,90.0,100.0,0.625,success,0.8173076923076923,0.9143459104997564,0.896551724137931,13.0,4.0,-0.4402823079537144,17,16,0,11
P30OHK,lymphoid,13.0,5.0,2.0,5.0,25.0,18.0,7.0,72.0,28.000000000000004,72.0,72.22,86.67,0.5625,success,0.7826086956521738,0.9010667809660896,0.8679245283018868,23.0,8.0,-0.4287063451579687,31,0,0,0
P31FUJ,lymphoid,14.0,2.0,9.0,0.0,25.0,16.0,9.0,64.0,36.0,64.0,100.0,60.87,0.5666666666666667,success,0.6611111111111111,0.6640519354163145,0.7346938775510204,18.0,15.0,-0.4630475925478227,33,0,0,0
P32ISH,lymphoid,16.0,4.0,1.0,4.0,25.0,20.0,5.0,80.0,20.0,80.0,80.0,94.12,0.55,success,0.6395833333333333,0.8180202644504494,0.8421052631578947,24.0,10.0,-0.5080823613010655,34,0,0,0
PF382,lymphoid,17.0,3.0,2.0,3.0,25.0,20.0,5.0,80.0,20.0,80.0,85.0,89.47,0.5714285714285714,success,0.761904761904762,0.9190835049918892,0.9,27.0,7.0,-0.5052648149324499,34,0,0,0
RAJI,lymphoid,14.0,1.0,8.0,1.0,24.0,15.0,9.0,62.5,37.5,62.5,93.33,63.64,0.5134615384615384,success,0.5923076923076922,0.67692323904166,0.7450980392156863,20.0,13.0,-0.4444110715991819,33,0,0,0
RAMOS2G64C10,lymphoid,13.0,5.0,4.0,3.0,25.0,18.0,7.0,72.0,28.000000000000004,72.0,81.25,76.47,0.5357142857142857,success,0.5285714285714286,0.573644488559854,0.7547169811320755,20.0,14.0,-0.5080823613010655,34,0,0,0
RCK8,lymphoid,11.0,5.0,3.0,6.0,25.0,16.0,9.0,64.0,36.0,64.0,64.71,78.57,0.5333333333333333,success,0.5561403508771929,0.6139192015361099,0.7307692307692307,19.0,15.0,-0.5056240000359584,34,0,0,0
REH,lymphoid,12.0,7.0,4.0,2.0,25.0,19.0,6.0,76.0,24.0,76.0,85.71,75.0,0.5416666666666666,success,0.8508771929824561,0.8484761075761537,0.7755102040816326,19.0,12.0,-0.5003606278669349,31,0,0,0
RF48,lymphoid,11.0,2.0,2.0,4.0,19.0,13.0,6.0,68.42105263157895,31.57894736842105,68.42,73.33,84.62,0.5714285714285714,success,0.6190476190476191,0.8074119959477535,0.875,21.0,7.0,-0.4904198959299908,28,0,0,0
RPMI6666,lymphoid,11.0,6.0,4.0,4.0,25.0,17.0,8.0,68.0,32.0,68.0,73.33,73.33,0.5357142857142857,success,0.5945378151260504,0.6343382720286305,0.723404255319149,17.0,14.0,-0.4957821112022696,31,0,0,0
RPMI8226,lymphoid,10.0,7.0,1.0,7.0,25.0,17.0,8.0,68.0,32.0,68.0,58.82,90.91,0.5,success,0.74,0.8717049486634709,0.847457627118644,25.0,9.0,-0.5283723833836107,34,0,0,0
RPMI8402,lymphoid,8.0,3.0,1.0,2.0,14.0,11.0,3.0,78.57142857142857,21.428571428571427,78.57,80.0,88.89,0.4583333333333333,success,0.6333333333333333,0.75168483477307,0.7857142857142857,12.0,5.0,-0.4402823079537144,17,16,0,11
RPMI8866,lymphoid,13.0,1.0,1.0,10.0,25.0,14.0,11.0,56.00000000000001,44.0,56.0,56.52,92.86,0.4821428571428571,success,0.3452380952380952,0.7793760763129158,0.8852459016393442,28.0,6.0,-0.5056240000359584,34,0,0,0
RS411,lymphoid,11.0,7.0,5.0,2.0,25.0,18.0,7.0,72.0,28.000000000000004,72.0,84.62,68.75,0.5333333333333333,success,0.7916666666666666,0.8309904681829738,0.6956521739130435,16.0,15.0,-0.4459617914833336,31,0,0,0
SCC3,lymphoid,8.0,5.0,6.0,6.0,25.0,13.0,12.0,52.0,48.0,52.0,57.14,57.14,0.4736842105263157,success,0.6403508771929824,0.731478606246408,0.6923076923076923,19.0,15.0,-0.5138427262999866,34,0,0,0
SKMM2,lymphoid,14.0,4.0,3.0,4.0,25.0,18.0,7.0,72.0,28.000000000000004,72.0,77.78,82.35,0.5384615384615384,success,0.576923076923077,0.6542369741087928,0.7777777777777778,21.0,13.0,-0.5080823613010655,34,0,0,0
SLVL,lymphoid,13.0,5.0,4.0,3.0,25.0,18.0,7.0,72.0,28.000000000000004,72.0,81.25,76.47,0.53125,success,0.5790441176470589,0.5756520424340494,0.6938775510204082,17.0,16.0,-0.5080823613010655,33,0,0,0
SR,lymphoid,15.0,3.0,0.0,7.0,25.0,18.0,7.0,72.0,28.000000000000004,72.0,68.18,100.0,0.4833333333333333,success,0.7541666666666668,0.9434976685442372,0.9206349206349206,30.0,4.0,-0.4287063451579687,34,0,0,0
ST486,lymphoid,6.0,2.0,2.0,4.0,14.0,8.0,6.0,57.14285714285714,42.85714285714285,57.14,60.0,75.0,0.5,success,0.6076923076923076,0.804235470411941,0.8387096774193549,13.0,5.0,-0.5172269990775398,18,16,0,11
SUDHL10,lymphoid,9.0,1.0,0.0,4.0,14.0,10.0,4.0,71.42857142857143,28.57142857142857,71.43,69.23,100.0,0.4705882352941176,success,0.8823529411764706,0.993271818531334,0.9411764705882352,17.0,1.0,-0.4402823079537144,18,16,0,11
SUDHL5,lymphoid,13.0,4.0,1.0,7.0,25.0,17.0,8.0,68.0,32.0,68.0,65.0,92.86,0.4814814814814814,success,0.6825396825396826,0.8939174283049014,0.8666666666666667,27.0,7.0,-0.4890654921406418,34,0,0,0
SUDHL6,lymphoid,16.0,1.0,0.0,8.0,25.0,17.0,8.0,68.0,32.0,68.0,66.67,100.0,0.5,success,0.6000000000000001,0.9451582367540828,0.9523809523809524,30.0,3.0,-0.5083319016172418,33,0,0,0
SUDHL8,lymphoid,14.0,5.0,3.0,3.0,25.0,19.0,6.0,76.0,24.0,76.0,82.35,82.35,0.4791666666666667,success,0.7187500000000001,0.8290349796263907,0.8070175438596491,24.0,10.0,-0.5467360155282758,34,0,0,0
SUPB15,lymphoid,15.0,3.0,1.0,6.0,25.0,18.0,7.0,72.0,28.000000000000004,72.0,71.43,93.75,0.6,success,0.7620689655172413,0.9366938378383732,0.935483870967742,29.0,5.0,-0.4459617914833336,34,0,0,0
SUPHD1,lymphoid,17.0,3.0,1.0,4.0,25.0,20.0,5.0,80.0,20.0,80.0,80.95,94.44,0.5833333333333334,success,0.7321428571428572,0.9184593615900664,0.918032786885246,28.0,6.0,-0.426340973057442,34,0,0,0
SUPM2,lymphoid,11.0,2.0,4.0,8.0,25.0,13.0,12.0,52.0,48.0,52.0,57.89,73.33,0.48,success,0.5950000000000001,0.8522134548169612,0.8421052631578947,25.0,8.0,-0.4204721182752963,33,0,0,0
SUPT1,lymphoid,14.0,4.0,1.0,6.0,25.0,18.0,7.0,72.0,28.000000000000004,72.0,70.0,93.33,0.5625,success,0.6033653846153846,0.835869458895938,0.8813559322033898,26.0,8.0,-0.5339329575289975,34,0,0,0
TK,lymphoid,13.0,2.0,3.0,7.0,25.0,15.0,10.0,60.0,40.0,60.0,65.0,81.25,0.5,success,0.4407114624505929,0.6566458739595564,0.8070175438596491,23.0,11.0,-0.5116160680441351,34,0,0,0
TUR,lymphoid,8.0,1.0,0.0,3.0,12.0,9.0,3.0,75.0,25.0,75.0,72.73,100.0,0.4642857142857143,success,0.9285714285714286,0.9952380952380953,0.9285714285714286,14.0,1.0,-0.4402823079537144,15,15,0,10
U266,lymphoid,10.0,7.0,5.0,3.0,25.0,17.0,8.0,68.0,32.0,68.0,76.92,66.67,0.5294117647058824,success,0.629757785467128,0.6687826616110926,0.68,17.0,17.0,-0.5247452349306012,34,0,0,0
U698M,lymphoid,8.0,2.0,0.0,4.0,14.0,10.0,4.0,71.42857142857143,28.57142857142857,71.43,66.67,100.0,0.5,success,0.7222222222222222,0.9442195059842118,0.9090909090909092,15.0,3.0,-0.5172269990775398,18,16,0,11
VAL,lymphoid,8.0,2.0,4.0,0.0,14.0,10.0,4.0,71.42857142857143,28.57142857142857,71.43,100.0,66.67,0.625,success,0.73125,0.759155844155844,0.7692307692307693,10.0,8.0,-0.4460177749215597,18,15,0,11
WIL2NS,lymphoid,11.0,5.0,4.0,5.0,25.0,16.0,9.0,64.0,36.0,64.0,68.75,73.33,0.5384615384615384,success,0.6428571428571428,0.7578542212015602,0.7777777777777778,21.0,13.0,-0.5088684335681448,34,0,0,0
WSUDLCL2,lymphoid,15.0,4.0,1.0,2.0,22.0,19.0,3.0,86.36363636363636,13.636363636363637,86.36,88.24,93.75,0.4782608695652174,success,0.7309782608695652,0.8691877691001799,0.8301886792452831,23.0,8.0,-0.5080823613010655,31,0,0,0
WSUNHL,lymphoid,14.0,4.0,1.0,5.0,24.0,18.0,6.0,75.0,25.0,75.0,73.68,93.33,0.5454545454545454,success,0.5167464114832536,0.6424698102687321,0.7916666666666666,19.0,11.0,-0.5003606278669349,30,0,0,0
YT,lymphoid,12.0,2.0,3.0,8.0,25.0,14.0,11.0,56.00000000000001,44.0,56.0,60.0,80.0,0.5555555555555556,success,0.5177777777777778,0.7908177211414534,0.8620689655172413,25.0,9.0,-0.4832001274653994,34,0,0,0
A2780,ovary,14.0,5.0,1.0,5.0,25.0,19.0,6.0,76.0,24.0,76.0,73.68,93.33,0.5454545454545454,success,0.6284584980237153,0.7567068573515681,0.8214285714285714,23.0,11.0,-0.4429246028966401,34,0,0,0
CAOV4,ovary,11.0,4.0,5.0,5.0,25.0,15.0,10.0,60.0,40.0,60.0,68.75,68.75,0.5416666666666666,success,0.6155303030303031,0.7713136578783264,0.8,22.0,12.0,-0.5084986617068908,34,0,0,0
DOV13,ovary,16.0,5.0,0.0,4.0,25.0,21.0,4.0,84.0,16.0,84.0,80.0,100.0,0.5833333333333334,success,0.9434523809523808,0.9874596157354776,0.918032786885246,28.0,6.0,-0.4654732618310502,34,0,0,0
EFO21,ovary,13.0,6.0,3.0,3.0,25.0,19.0,6.0,76.0,24.0,76.0,81.25,81.25,0.5,success,0.8479166666666667,0.9270630263890068,0.8275862068965517,24.0,10.0,-0.5272551101615156,34,0,0,0
ES2,ovary,13.0,4.0,5.0,2.0,24.0,17.0,7.0,70.83333333333334,29.166666666666668,70.83,86.67,72.22,0.5333333333333333,success,0.5777777777777777,0.6712662840443826,0.72,18.0,15.0,-0.5399081169282651,33,0,0,0
FUOV1,ovary,9.0,2.0,6.0,8.0,25.0,11.0,14.0,44.0,56.00000000000001,44.0,52.94,60.0,0.55,success,0.6458333333333333,0.8475836432212526,0.8421052631578947,24.0,10.0,-0.5088684335681448,34,0,0,0
HEY,ovary,12.0,2.0,11.0,0.0,25.0,14.0,11.0,56.00000000000001,44.0,56.0,100.0,52.17,0.55,success,0.6607142857142857,0.6252334448600977,0.6086956521739131,14.0,20.0,-0.3957847830348395,34,0,0,0
IGROV1,ovary,14.0,3.0,4.0,4.0,25.0,17.0,8.0,68.0,32.0,68.0,77.78,77.78,0.55,success,0.6937500000000001,0.8230814369317655,0.8421052631578947,24.0,10.0,-0.4499643471561856,34,0,0,0
KGN,ovary,12.0,7.0,4.0,2.0,25.0,19.0,6.0,76.0,24.0,76.0,85.71,75.0,0.5263157894736842,success,0.6631578947368421,0.6147403997886454,0.625,15.0,19.0,-0.4607786490342233,34,0,0,0
KURAMOCHI,ovary,9.0,2.0,14.0,0.0,25.0,11.0,14.0,44.0,56.00000000000001,44.0,100.0,39.13,0.55,success,0.7375,0.6235406023939859,0.6086956521739131,14.0,20.0,-0.4427703052395265,34,0,0,0
OAW28,ovary,14.0,4.0,4.0,3.0,25.0,18.0,7.0,72.0,28.000000000000004,72.0,82.35,77.78,0.5384615384615384,success,0.684981684981685,0.7679714564710629,0.7777777777777778,21.0,13.0,-0.4474831418421215,34,0,0,0
OAW42,ovary,12.0,8.0,3.0,2.0,25.0,20.0,5.0,80.0,20.0,80.0,85.71,80.0,0.5357142857142857,success,0.8089285714285714,0.84422464996304,0.7547169811320755,20.0,14.0,-0.4429246028966401,34,0,0,0
OC314,ovary,13.0,2.0,2.0,8.0,25.0,15.0,10.0,60.0,40.0,60.0,61.9,86.67,0.4821428571428571,success,0.6190476190476191,0.8698851045234522,0.8852459016393442,28.0,6.0,-0.5242523918736672,34,0,0,0
OV56,ovary,10.0,5.0,9.0,1.0,25.0,15.0,10.0,60.0,40.0,60.0,90.91,52.63,0.4615384615384615,success,0.5879120879120879,0.4474030132234466,0.5217391304347826,13.0,21.0,-0.5285110823169603,34,0,0,0
OV90,ovary,14.0,4.0,3.0,4.0,25.0,18.0,7.0,72.0,28.000000000000004,72.0,77.78,82.35,0.5625,success,0.9014423076923076,0.969993132249504,0.8813559322033898,26.0,8.0,-0.5472219985115245,34,0,0,0
OVCA420,ovary,15.0,1.0,3.0,6.0,25.0,16.0,9.0,64.0,36.0,64.0,71.43,83.33,0.48,success,0.4511111111111111,0.7556711159426438,0.8275862068965517,25.0,9.0,-0.5432966276848364,34,0,0,0
OVCAR3,ovary,8.0,3.0,1.0,2.0,14.0,11.0,3.0,78.57142857142857,21.428571428571427,78.57,80.0,88.89,0.5,success,0.5069444444444444,0.6920140317199142,0.8,12.0,6.0,-0.5211036421995912,18,16,0,11
OVCAR4,ovary,9.0,5.0,9.0,2.0,25.0,14.0,11.0,56.00000000000001,44.0,56.0,81.82,50.0,0.5238095238095238,success,0.5164835164835165,0.4210057396604789,0.5652173913043478,13.0,21.0,-0.5416660605568553,34,0,0,0
OVCAR5,ovary,14.0,2.0,9.0,0.0,25.0,16.0,9.0,64.0,36.0,64.0,100.0,60.87,0.5625,success,0.7465277777777778,0.7881049776987993,0.72,18.0,16.0,-0.2994858106436433,34,0,0,0
OVCAR8,ovary,20.0,2.0,3.0,0.0,25.0,22.0,3.0,88.0,12.0,88.0,100.0,86.96,0.625,success,0.6802884615384615,0.8791458587072788,0.896551724137931,26.0,8.0,-0.4444417835332991,34,0,0,0
OVISE,ovary,9.0,7.0,6.0,3.0,25.0,16.0,9.0,64.0,36.0,64.0,75.0,60.0,0.5263157894736842,success,0.624561403508772,0.5805673160605498,0.625,15.0,19.0,-0.4783340097183196,34,0,0,0
OVKATE,ovary,15.0,5.0,0.0,5.0,25.0,20.0,5.0,80.0,20.0,80.0,75.0,100.0,0.5555555555555556,success,0.6688888888888889,0.8068096632695105,0.8620689655172413,25.0,9.0,-0.525619118436708,34,0,0,0
OVMIU,ovary,13.0,5.0,2.0,5.0,25.0,18.0,7.0,72.0,28.000000000000004,72.0,72.22,86.67,0.5625,success,0.903846153846154,0.9729356618182878,0.8813559322033898,26.0,8.0,-0.4438365847977046,34,0,0,0
OVTOKO,ovary,11.0,8.0,5.0,1.0,25.0,19.0,6.0,76.0,24.0,76.0,91.67,68.75,0.53125,success,0.8524305555555556,0.8128996003996003,0.7058823529411765,18.0,16.0,-0.515213898310545,34,0,0,0
PA1,ovary,14.0,6.0,1.0,4.0,25.0,20.0,5.0,80.0,20.0,80.0,77.78,93.33,0.4791666666666667,success,0.6291666666666667,0.7422706193337966,0.8070175438596491,24.0,10.0,-0.4822951629894254,34,0,0,0
PEO1,ovary,5.0,4.0,4.0,1.0,14.0,9.0,5.0,64.28571428571429,35.714285714285715,64.29,83.33,55.56,0.5,success,0.8703703703703702,0.9106753812636166,0.6666666666666666,9.0,9.0,-0.5257719213107214,18,16,0,11
RMGI,ovary,6.0,6.0,9.0,4.0,25.0,12.0,13.0,48.0,52.0,48.0,60.0,40.0,0.5227272727272727,success,0.3541666666666666,0.2988740374692387,0.5333333333333333,12.0,22.0,-0.5354076074552389,34,0,0,0
SKOV3,ovary,11.0,4.0,7.0,3.0,25.0,15.0,10.0,60.0,40.0,60.0,78.57,61.11,0.5277777777777778,success,0.6545138888888888,0.7261169007076514,0.6530612244897959,16.0,18.0,-0.4648931596031082,34,0,0,0
TOV112D,ovary,14.0,2.0,2.0,7.0,25.0,16.0,9.0,64.0,36.0,64.0,66.67,87.5,0.4821428571428571,success,0.5089285714285714,0.8528626439867452,0.8852459016393442,28.0,6.0,-0.5084986617068908,34,0,0,0
TOV21G,ovary,11.0,4.0,1.0,6.0,22.0,15.0,7.0,68.18181818181817,31.818181818181817,68.18,64.71,91.67,0.4772727272727273,success,0.6590909090909091,0.800049236376122,0.8076923076923077,22.0,9.0,-0.4430129743135256,31,0,0,0
TYKNU,ovary,9.0,7.0,6.0,3.0,25.0,16.0,9.0,64.0,36.0,64.0,75.0,60.0,0.525,success,0.619642857142857,0.6180422027110439,0.5957446808510638,14.0,20.0,-0.5088684335681448,34,0,0,0
ASPC1,pancreas,12.0,8.0,5.0,0.0,25.0,20.0,5.0,80.0,20.0,80.0,100.0,70.59,0.5263157894736842,success,0.6771929824561403,0.5309471511174298,0.625,15.0,19.0,-0.5467360155282758,34,0,0,0
BXPC3,pancreas,14.0,4.0,1.0,6.0,25.0,18.0,7.0,72.0,28.000000000000004,72.0,70.0,93.33,0.5555555555555556,success,0.5422222222222222,0.7868003470631153,0.8620689655172413,25.0,9.0,-0.528618167218398,34,0,0,0
CAPAN1,pancreas,14.0,5.0,4.0,2.0,25.0,19.0,6.0,76.0,24.0,76.0,87.5,77.78,0.5454545454545454,success,0.6996047430830039,0.8230833943169049,0.8214285714285714,23.0,11.0,-0.4436812486245005,34,0,0,0
CAPAN2,pancreas,11.0,7.0,3.0,4.0,25.0,18.0,7.0,72.0,28.000000000000004,72.0,73.33,78.57,0.5454545454545454,success,0.7549407114624506,0.850754972895856,0.8214285714285714,23.0,11.0,-0.5179465704208286,34,0,0,0
CFPAC1,pancreas,15.0,5.0,3.0,2.0,25.0,20.0,5.0,80.0,20.0,80.0,88.24,83.33,0.5416666666666666,success,0.6856060606060607,0.7854493339630669,0.8,22.0,12.0,-0.5432966276848364,34,0,0,0
DANG,pancreas,13.0,5.0,1.0,6.0,25.0,18.0,7.0,72.0,28.000000000000004,72.0,68.42,92.86,0.4821428571428571,success,0.8095238095238096,0.9502878263462868,0.8852459016393442,28.0,6.0,-0.5228803423443282,34,0,0,0
HPAC,pancreas,17.0,2.0,6.0,0.0,25.0,19.0,6.0,76.0,24.0,76.0,100.0,73.91,0.5909090909090909,success,0.717391304347826,0.8384881705688467,0.8363636363636363,23.0,11.0,-0.4427822480869404,34,0,0,0
HPAFII,pancreas,13.0,4.0,2.0,5.0,24.0,17.0,7.0,70.83333333333334,29.166666666666668,70.83,72.22,86.67,0.4782608695652174,success,0.7298136645962733,0.8981002369583556,0.8461538461538461,23.0,7.0,-0.5088684335681448,30,0,0,0
HS766T,pancreas,10.0,4.0,4.0,7.0,25.0,14.0,11.0,56.00000000000001,44.0,56.0,58.82,71.43,0.5333333333333333,success,0.5754385964912281,0.6887643773585601,0.7307692307692307,19.0,15.0,-0.5161685779122271,34,0,0,0
HUPT3,pancreas,16.0,1.0,7.0,1.0,25.0,17.0,8.0,68.0,32.0,68.0,94.12,69.57,0.5355555555555556,success,0.7088888888888889,0.8739267224675574,0.8421052631578947,25.0,9.0,-0.4427822480869404,34,0,0,0
HUPT4,pancreas,12.0,7.0,2.0,4.0,25.0,19.0,6.0,76.0,24.0,76.0,75.0,85.71,0.5357142857142857,success,0.744642857142857,0.7964887643002344,0.7547169811320755,20.0,14.0,-0.5245425848467651,34,0,0,0
KP1N,pancreas,14.0,5.0,3.0,3.0,25.0,19.0,6.0,76.0,24.0,76.0,82.35,82.35,0.55,success,0.8416666666666667,0.9402392899697384,0.8421052631578947,24.0,10.0,-0.5467360155282758,34,0,0,0
KP2,pancreas,17.0,2.0,4.0,2.0,25.0,19.0,6.0,76.0,24.0,76.0,89.47,80.95,0.5529100529100529,success,0.843915343915344,0.9416703384462242,0.8813559322033898,27.0,7.0,-0.504346717625941,34,0,0,0
KP3,pancreas,12.0,7.0,3.0,3.0,25.0,19.0,6.0,76.0,24.0,76.0,80.0,80.0,0.5357142857142857,success,0.6982142857142857,0.7712472288139525,0.7547169811320755,20.0,14.0,-0.5088684335681448,34,0,0,0
KP4,pancreas,11.0,2.0,12.0,0.0,25.0,13.0,12.0,52.0,48.0,52.0,100.0,47.83,0.55,success,0.657142857142857,0.6320955156575334,0.6086956521739131,14.0,20.0,-0.3520197735364468,34,0,0,0
MIAPACA2,pancreas,13.0,2.0,2.0,8.0,25.0,15.0,10.0,60.0,40.0,60.0,61.9,86.67,0.4814814814814814,success,0.5079365079365079,0.831229438017165,0.8666666666666667,27.0,7.0,-0.5088684335681448,34,0,0,0
PANC0203,pancreas,21.0,2.0,2.0,0.0,25.0,23.0,2.0,92.0,8.0,92.0,100.0,91.3,0.75,success,0.8666666666666667,0.9770710882694064,0.967741935483871,30.0,4.0,-0.4427822480869404,34,0,0,0
PANC0327,pancreas,15.0,3.0,2.0,5.0,25.0,18.0,7.0,72.0,28.000000000000004,72.0,75.0,88.24,0.48,success,0.5911111111111111,0.8196359161455945,0.8275862068965517,25.0,9.0,-0.4686234860407198,34,0,0,0
PANC0403,pancreas,15.0,6.0,2.0,2.0,25.0,21.0,4.0,84.0,16.0,84.0,88.24,88.24,0.5416666666666666,success,0.7670454545454546,0.8398011540834212,0.8,22.0,12.0,-0.5467360155282758,34,0,0,0
PANC0813,pancreas,14.0,2.0,9.0,0.0,25.0,16.0,9.0,64.0,36.0,64.0,100.0,60.87,0.5588235294117647,success,0.6799307958477508,0.6633858376717661,0.6938775510204082,17.0,17.0,-0.4427822480869404,34,0,0,0
PANC1005,pancreas,11.0,3.0,4.0,7.0,25.0,14.0,11.0,56.00000000000001,44.0,56.0,61.11,73.33,0.55,success,0.6020833333333333,0.8085193182276901,0.8421052631578947,24.0,10.0,-0.5088684335681448,34,0,0,0
PATU8902,pancreas,15.0,3.0,2.0,5.0,25.0,18.0,7.0,72.0,28.000000000000004,72.0,75.0,88.24,0.48,success,0.6488888888888888,0.8479821986989842,0.8275862068965517,25.0,9.0,-0.5467360155282758,34,0,0,0
PATU8988T,pancreas,17.0,4.0,0.0,4.0,25.0,21.0,4.0,84.0,16.0,84.0,80.95,100.0,0.4807692307692308,success,0.6586538461538461,0.8527457863748271,0.847457627118644,26.0,8.0,-0.5472219985115245,34,0,0,0
PL18,pancreas,13.0,2.0,2.0,8.0,25.0,15.0,10.0,60.0,40.0,60.0,61.9,86.67,0.5714285714285714,success,0.5291005291005291,0.8360068473639957,0.9,27.0,7.0,-0.4832001274653994,34,0,0,0
PL4,pancreas,15.0,3.0,2.0,5.0,25.0,18.0,7.0,72.0,28.000000000000004,72.0,75.0,88.24,0.5714285714285714,success,0.7089947089947091,0.8918967482528937,0.9,27.0,7.0,-0.5472219985115245,34,0,0,0
PSN1,pancreas,11.0,6.0,6.0,2.0,25.0,17.0,8.0,68.0,32.0,68.0,84.62,64.71,0.46875,success,0.6736111111111112,0.6893542526332943,0.6122448979591837,16.0,18.0,-0.5467360155282758,34,0,0,0
SU8686,pancreas,10.0,6.0,5.0,4.0,25.0,16.0,9.0,64.0,36.0,64.0,71.43,66.67,0.4722222222222222,success,0.59375,0.6744891895117866,0.6666666666666666,18.0,16.0,-0.5088684335681448,34,0,0,0
SUIT2,pancreas,12.0,3.0,3.0,7.0,25.0,15.0,10.0,60.0,40.0,60.0,63.16,80.0,0.55,success,0.53125,0.7551706559393994,0.8421052631578947,24.0,10.0,-0.5088684335681448,34,0,0,0
SW1990,pancreas,9.0,8.0,6.0,2.0,25.0,17.0,8.0,68.0,32.0,68.0,81.82,60.0,0.5294117647058824,success,0.7837370242214533,0.7971971555562887,0.68,17.0,17.0,-0.5088684335681448,34,0,0,0
YAPC,pancreas,13.0,6.0,2.0,4.0,25.0,19.0,6.0,76.0,24.0,76.0,76.47,86.67,0.5454545454545454,success,0.6620553359683794,0.795083874599657,0.8214285714285714,23.0,11.0,-0.5088684335681448,34,0,0,0
BE2M17,pns,16.0,4.0,1.0,4.0,25.0,20.0,5.0,80.0,20.0,80.0,80.0,94.12,0.5833333333333334,success,0.8005952380952381,0.9365127118809738,0.918032786885246,28.0,6.0,-0.5080823613010655,34,0,0,0
CHP134,pns,13.0,4.0,2.0,6.0,25.0,17.0,8.0,68.0,32.0,68.0,68.42,86.67,0.4807692307692308,success,0.6899038461538461,0.8551480031388271,0.847457627118644,26.0,8.0,-0.4847504734017553,34,0,0,0
CHP212,pns,18.0,5.0,0.0,1.0,24.0,23.0,1.0,95.83333333333334,4.166666666666666,95.83,94.74,100.0,0.7,success,0.9821428571428572,0.9965437788018432,0.9491525423728814,28.0,5.0,-0.577813807401656,33,0,0,0
GIMEN,pns,9.0,8.0,7.0,1.0,25.0,17.0,8.0,68.0,32.0,68.0,90.0,56.25,0.5238095238095238,success,0.7106227106227105,0.6211911205409657,0.5652173913043478,13.0,21.0,-0.5093099603089282,34,0,0,0
GOTO,pns,15.0,5.0,2.0,3.0,25.0,20.0,5.0,80.0,20.0,80.0,83.33,88.24,0.4782608695652174,success,0.6185770750988142,0.7485264354793433,0.7857142857142857,23.0,11.0,-0.5085691615900784,34,0,0,0
IMR5,pns,4.0,3.0,4.0,1.0,12.0,7.0,5.0,58.333333333333336,41.66666666666667,58.33,80.0,50.0,0.5,success,0.7109375,0.6958333333333333,0.6666666666666666,8.0,8.0,-0.5072737175004496,16,15,0,10
KELLY,pns,14.0,2.0,3.0,6.0,25.0,16.0,9.0,64.0,36.0,64.0,70.0,82.35,0.6,success,0.7862068965517242,0.9615790320130392,0.935483870967742,29.0,5.0,-0.5080823613010655,34,0,0,0
KPNYN,pns,7.0,5.0,6.0,3.0,21.0,12.0,9.0,57.14285714285714,42.85714285714285,57.14,70.0,53.85,0.493006993006993,success,0.6433566433566433,0.6408694661555073,0.6060606060606061,11.0,13.0,-0.5022667759779467,24,0,0,0
NB1,pns,8.0,4.0,5.0,4.0,21.0,12.0,9.0,57.14285714285714,42.85714285714285,57.14,66.67,61.54,0.4230769230769231,success,0.6363636363636364,0.756474310078429,0.6285714285714286,13.0,11.0,-0.5022667759779467,24,0,0,0
NB10,pns,13.0,4.0,2.0,6.0,25.0,17.0,8.0,68.0,32.0,68.0,68.42,86.67,0.4230769230769231,success,0.7091346153846153,0.901742005853751,0.7857142857142857,26.0,8.0,-0.5022667759779467,34,0,0,0
NB12,pns,11.0,6.0,4.0,4.0,25.0,17.0,8.0,68.0,32.0,68.0,73.33,73.33,0.4607142857142857,success,0.6017857142857144,0.6543785662948015,0.68,20.0,14.0,-0.5022667759779467,34,0,0,0
NB13,pns,15.0,1.0,2.0,7.0,25.0,16.0,9.0,64.0,36.0,64.0,68.18,88.24,0.4821428571428571,success,0.5654761904761905,0.8436555074178961,0.8852459016393442,28.0,6.0,-0.5080823613010655,34,0,0,0
NB14,pns,16.0,3.0,1.0,5.0,25.0,19.0,6.0,76.0,24.0,76.0,76.19,94.12,0.5714285714285714,success,0.6693121693121693,0.8820466985690514,0.9,27.0,7.0,-0.5080823613010655,34,0,0,0
NB69,pns,15.0,2.0,2.0,6.0,25.0,17.0,8.0,68.0,32.0,68.0,71.43,88.24,0.6,success,0.693103448275862,0.9263978569030966,0.935483870967742,29.0,5.0,-0.5085691615900784,34,0,0,0
NB7,pns,8.0,8.0,8.0,1.0,25.0,16.0,9.0,64.0,36.0,64.0,88.89,50.0,0.52,success,0.5622222222222223,0.2936802195625725,0.4285714285714285,9.0,25.0,-0.5003606278669349,34,0,0,0
NBTU110,pns,,,,,,,,,,,,,0.5714285714285714,success,0.5052910052910052,0.8214036022694238,0.9,27.0,7.0,-0.54932470036427,34,0,0,0
NH12,pns,14.0,7.0,3.0,1.0,25.0,21.0,4.0,84.0,16.0,84.0,93.33,82.35,0.5454545454545454,success,0.883399209486166,0.9388574738659308,0.8214285714285714,23.0,11.0,-0.5085691615900784,34,0,0,0
SIMA,pns,14.0,5.0,3.0,3.0,25.0,19.0,6.0,76.0,24.0,76.0,82.35,82.35,0.4791666666666667,success,0.7458333333333333,0.8693756822966114,0.8070175438596491,24.0,10.0,-0.5085691615900784,34,0,0,0
SKNAS,pns,10.0,6.0,7.0,2.0,25.0,16.0,9.0,64.0,36.0,64.0,83.33,58.82,0.5277777777777778,success,0.5555555555555556,0.4560437988138165,0.6046511627906976,13.0,18.0,-0.5085691615900784,31,0,0,0
SKNDZ,pns,12.0,7.0,4.0,2.0,25.0,19.0,6.0,76.0,24.0,76.0,85.71,75.0,0.5,success,0.7893772893772893,0.8232931876454286,0.7636363636363637,21.0,13.0,-0.5272551101615156,34,0,0,0
SKNFI,pns,12.0,7.0,4.0,2.0,25.0,19.0,6.0,76.0,24.0,76.0,85.71,75.0,0.5357142857142857,success,0.8267857142857143,0.8707993389479458,0.7547169811320755,20.0,14.0,-0.5003606278669349,34,0,0,0
SKNSH,pns,13.0,6.0,4.0,2.0,25.0,19.0,6.0,76.0,24.0,76.0,86.67,76.47,0.5357142857142857,success,0.7214285714285714,0.7998667721167723,0.7547169811320755,20.0,14.0,-0.5085691615900784,34,0,0,0
TGW,pns,13.0,4.0,4.0,4.0,25.0,17.0,8.0,68.0,32.0,68.0,76.47,76.47,0.5454545454545454,success,0.7312252964426879,0.8594544197994918,0.8214285714285714,23.0,11.0,-0.5080823613010655,34,0,0,0
22RV1,prostate,11.0,9.0,4.0,1.0,25.0,20.0,5.0,80.0,20.0,80.0,91.67,73.33,0.5238095238095238,success,0.706959706959707,0.6033388423317574,0.5652173913043478,13.0,21.0,-0.5370227313179943,34,0,0,0
BPH1,prostate,9.0,2.0,2.0,12.0,25.0,11.0,14.0,44.0,56.00000000000001,44.0,42.86,81.82,0.4,success,0.4133333333333333,0.7597013041204119,0.7407407407407407,25.0,9.0,-0.483080329817562,34,0,0,0
DU145,prostate,12.0,2.0,11.0,0.0,25.0,14.0,11.0,56.00000000000001,44.0,56.0,100.0,52.17,0.5588235294117647,success,0.6384083044982699,0.7075312206426758,0.6938775510204082,17.0,17.0,-0.4427822480869404,34,0,0,0
LNCAPCLONEFGC,prostate,3.0,4.0,6.0,1.0,14.0,7.0,7.0,50.0,50.0,50.0,75.0,33.33,0.4,success,0.4846153846153846,0.3176767676767676,0.3636363636363636,5.0,13.0,-0.4398752533902615,18,16,0,11
PC3,prostate,3.0,4.0,6.0,1.0,14.0,7.0,7.0,50.0,50.0,50.0,75.0,33.33,0.5384615384615384,success,0.5692307692307692,0.3835497835497835,0.4545454545454545,5.0,13.0,-0.5091602994717856,18,16,0,11
PWR1E,prostate,13.0,8.0,2.0,2.0,25.0,21.0,4.0,84.0,16.0,84.0,86.67,86.67,0.5357142857142857,success,0.7857142857142857,0.8122094180329475,0.7547169811320755,20.0,14.0,-0.4957821112022696,34,0,0,0
VCAP,prostate,3.0,4.0,5.0,2.0,14.0,7.0,7.0,50.0,50.0,50.0,60.0,37.5,0.5,success,0.5833333333333333,0.4057692307692308,0.5,6.0,12.0,-0.5172269990775398,18,16,0,11
A101D,skin,11.0,4.0,2.0,7.0,24.0,15.0,9.0,62.5,37.5,62.5,61.11,84.62,0.4772727272727273,success,0.5702479338842975,0.7679175286229346,0.7777777777777778,22.0,11.0,-0.4806418073973935,33,0,0,0
A2058,skin,14.0,3.0,3.0,5.0,25.0,17.0,8.0,68.0,32.0,68.0,73.68,82.35,0.4782608695652174,success,0.5893719806763285,0.8053475475156708,0.8148148148148148,23.0,9.0,-0.5224817665100198,32,0,0,0
A375,skin,12.0,5.0,2.0,6.0,25.0,17.0,8.0,68.0,32.0,68.0,66.67,85.71,0.4791666666666667,success,0.7125,0.8582252225351981,0.8070175438596491,24.0,10.0,-0.5329684585401225,34,0,0,0
C32,skin,9.0,3.0,5.0,8.0,25.0,12.0,13.0,48.0,52.0,48.0,52.94,64.29,0.475,success,0.4267857142857143,0.6320072973045225,0.7169811320754716,20.0,14.0,-0.4806418073973935,34,0,0,0
CHL1,skin,14.0,4.0,1.0,6.0,25.0,18.0,7.0,72.0,28.000000000000004,72.0,70.0,93.33,0.4791666666666667,success,0.5979166666666667,0.804308722009688,0.8070175438596491,24.0,10.0,-0.5088684335681448,34,0,0,0
COLO679,skin,11.0,6.0,3.0,5.0,25.0,17.0,8.0,68.0,32.0,68.0,68.75,78.57,0.4736842105263157,success,0.6473684210526316,0.7189011926198514,0.6923076923076923,19.0,15.0,-0.5107692104698249,34,0,0,0
COLO792,skin,12.0,4.0,3.0,6.0,25.0,16.0,9.0,64.0,36.0,64.0,66.67,80.0,0.5555555555555556,success,0.7555555555555555,0.8969444718046287,0.8620689655172413,25.0,9.0,-0.392924588239585,34,0,0,0
COLO829,skin,9.0,8.0,4.0,3.0,24.0,17.0,7.0,70.83333333333334,29.166666666666668,70.83,75.0,69.23,0.5384615384615384,success,0.8615384615384615,0.9206481495240076,0.7692307692307693,20.0,13.0,-0.5076521177491973,33,0,0,0
G361,skin,10.0,7.0,4.0,4.0,25.0,17.0,8.0,68.0,32.0,68.0,71.43,71.43,0.4705882352941176,success,0.6522491349480969,0.6936522975088057,0.64,17.0,17.0,-0.5329684585401225,34,0,0,0
GAK,skin,9.0,0.0,0.0,5.0,14.0,9.0,5.0,64.28571428571429,35.714285714285715,64.29,64.29,100.0,0.4705882352941176,success,0.088235294117647,0.8858598677370303,0.9411764705882352,17.0,1.0,-0.5263957853092917,18,16,0,11
HMVII,skin,11.0,7.0,4.0,3.0,25.0,18.0,7.0,72.0,28.000000000000004,72.0,78.57,73.33,0.5333333333333333,success,0.756140350877193,0.7884435624394073,0.7307692307692307,19.0,15.0,-0.5247452349306012,34,0,0,0
HT144,skin,12.0,3.0,2.0,8.0,25.0,15.0,10.0,60.0,40.0,60.0,60.0,85.71,0.4807692307692308,success,0.5817307692307693,0.8370988854120881,0.847457627118644,26.0,8.0,-0.5329684585401225,34,0,0,0
IGR1,skin,13.0,7.0,4.0,1.0,25.0,20.0,5.0,80.0,20.0,80.0,92.86,76.47,0.5294117647058824,success,0.7352941176470589,0.7606714983475195,0.68,17.0,17.0,-0.5382580241041758,34,0,0,0
IGR37,skin,12.0,4.0,2.0,6.0,24.0,16.0,8.0,66.66666666666666,33.33333333333333,66.67,66.67,85.71,0.4782608695652174,success,0.6739130434782609,0.8479731689977292,0.8,23.0,10.0,-0.528618167218398,33,0,0,0
ISTMEL1,skin,15.0,5.0,3.0,2.0,25.0,20.0,5.0,80.0,20.0,80.0,88.24,83.33,0.5555555555555556,success,0.9266666666666667,0.9746274226941828,0.8620689655172413,25.0,9.0,-0.5390605138778948,34,0,0,0
LOXIMVI,skin,12.0,1.0,2.0,10.0,25.0,13.0,12.0,52.0,48.0,52.0,54.55,85.71,0.6,success,0.5586206896551724,0.8875097096218296,0.935483870967742,29.0,5.0,-0.5217653719675148,34,0,0,0
M14,skin,15.0,4.0,0.0,6.0,25.0,19.0,6.0,76.0,24.0,76.0,71.43,100.0,0.5833333333333334,success,0.7976190476190477,0.934964705378158,0.918032786885246,28.0,6.0,-0.528618167218398,34,0,0,0
MELJUSO,skin,7.0,2.0,4.0,1.0,14.0,9.0,5.0,64.28571428571429,35.714285714285715,64.29,87.5,63.64,0.625,success,0.7916666666666666,0.8565057083439436,0.8148148148148148,12.0,6.0,-0.4193713772176455,18,16,0,11
MEWO,skin,11.0,4.0,5.0,5.0,25.0,15.0,10.0,60.0,40.0,60.0,68.75,68.75,0.5416666666666666,success,0.6742424242424242,0.8175617597590509,0.8,22.0,12.0,-0.5003606278669349,34,0,0,0
RPMI7951,skin,12.0,6.0,3.0,2.0,23.0,18.0,5.0,78.26086956521739,21.73913043478261,78.26,85.71,80.0,0.475,success,0.7229166666666667,0.7779850934108743,0.7450980392156863,20.0,12.0,-0.5467360155282758,32,0,0,0
SH4,skin,12.0,5.0,2.0,6.0,25.0,17.0,8.0,68.0,32.0,68.0,66.67,85.71,0.5416666666666666,success,0.6003787878787878,0.7126669386642361,0.8,22.0,12.0,-0.5345671354655406,34,0,0,0
SKMEL1,skin,11.0,6.0,4.0,4.0,25.0,17.0,8.0,68.0,32.0,68.0,73.33,73.33,0.5333333333333333,success,0.6736842105263159,0.7328534617797222,0.7307692307692307,19.0,15.0,-0.5454040892018126,34,0,0,0
SKMEL2,skin,13.0,4.0,4.0,4.0,25.0,17.0,8.0,68.0,32.0,68.0,76.47,76.47,0.5357142857142857,success,0.5964285714285714,0.715239105392036,0.7547169811320755,20.0,14.0,-0.5080823613010655,34,0,0,0
SKMEL24,skin,21.0,1.0,2.0,1.0,25.0,22.0,3.0,88.0,12.0,88.0,95.45,91.3,0.5654761904761905,success,0.5922619047619048,0.887886012563685,0.9,28.0,6.0,-0.3968747308726079,34,0,0,0
UACC257,skin,12.0,2.0,11.0,0.0,25.0,14.0,11.0,56.00000000000001,44.0,56.0,100.0,52.17,0.55,success,0.6642857142857143,0.6493744137753354,0.6086956521739131,14.0,20.0,-0.4723236788225392,34,0,0,0
UACC62,skin,11.0,6.0,3.0,5.0,25.0,17.0,8.0,68.0,32.0,68.0,68.75,78.57,0.475,success,0.7295454545454545,0.8159005830286206,0.76,20.0,11.0,-0.4806418073973935,31,0,0,0
WM115,skin,11.0,4.0,3.0,7.0,25.0,15.0,10.0,60.0,40.0,60.0,61.11,78.57,0.4772727272727273,success,0.4981060606060605,0.7132062547876294,0.7636363636363637,22.0,12.0,-0.5329684585401225,34,0,0,0
WM1552C,skin,14.0,5.0,3.0,3.0,25.0,19.0,6.0,76.0,24.0,76.0,82.35,82.35,0.4782608695652174,success,0.7450592885375494,0.8677278373662747,0.7857142857142857,23.0,11.0,-0.5069813189986212,34,0,0,0
WM278,skin,13.0,3.0,0.0,8.0,24.0,16.0,8.0,66.66666666666666,33.33333333333333,66.67,61.9,100.0,0.4821428571428571,success,0.6464285714285714,0.8893471130454543,0.9,28.0,5.0,-0.5329684585401225,33,0,0,0
WM35,skin,13.0,5.0,1.0,6.0,25.0,18.0,7.0,72.0,28.000000000000004,72.0,68.42,92.86,0.4791666666666667,success,0.6916666666666667,0.8259505799345495,0.8070175438596491,24.0,10.0,-0.5076521177491973,34,0,0,0
WM793B,skin,13.0,5.0,1.0,6.0,25.0,18.0,7.0,72.0,28.000000000000004,72.0,68.42,92.86,0.5454545454545454,success,0.6205533596837944,0.7771431518022655,0.8214285714285714,23.0,11.0,-0.4799931434342679,34,0,0,0
A204,soft_tissue,10.0,5.0,5.0,5.0,25.0,15.0,10.0,60.0,40.0,60.0,66.67,66.67,0.5333333333333333,success,0.631578947368421,0.7278348400252426,0.7307692307692307,19.0,15.0,-0.4979253252884288,34,0,0,0
G402,soft_tissue,12.0,5.0,3.0,5.0,25.0,17.0,8.0,68.0,32.0,68.0,70.59,80.0,0.5454545454545454,success,0.6640316205533597,0.8231264910612738,0.8214285714285714,23.0,11.0,-0.4904198959299908,34,0,0,0
GCT,soft_tissue,13.0,6.0,4.0,2.0,25.0,19.0,6.0,76.0,24.0,76.0,86.67,76.47,0.5263157894736842,success,0.5035087719298246,0.4840154431338641,0.625,15.0,19.0,-0.5467360155282758,34,0,0,0
HS633T,soft_tissue,15.0,4.0,1.0,5.0,25.0,19.0,6.0,76.0,24.0,76.0,75.0,93.75,0.5714285714285714,success,0.6798941798941799,0.876830928589373,0.9,27.0,7.0,-0.5444325123899256,34,0,0,0
HT1080,soft_tissue,7.0,8.0,8.0,2.0,25.0,15.0,10.0,60.0,40.0,60.0,77.78,46.67,0.5217391304347826,success,0.6778656126482214,0.6653931085749267,0.5,11.0,23.0,-0.4287063451579687,34,0,0,0
KYM1,soft_tissue,12.0,10.0,2.0,1.0,25.0,22.0,3.0,88.0,12.0,88.0,92.31,85.71,0.5294117647058824,success,0.7923875432525951,0.7237490676715338,0.68,17.0,17.0,-0.5056240000359584,34,0,0,0
MFHINO,soft_tissue,11.0,8.0,5.0,1.0,25.0,19.0,6.0,76.0,24.0,76.0,91.67,68.75,0.525,success,0.7839285714285714,0.679138415272869,0.5957446808510638,14.0,20.0,-0.460511523056006,34,0,0,0
RD,soft_tissue,14.0,6.0,2.0,3.0,25.0,20.0,5.0,80.0,20.0,80.0,82.35,87.5,0.5,success,0.7625,0.887364731808122,0.8275862068965517,24.0,10.0,-0.5116160680441351,34,0,0,0
RH41,soft_tissue,15.0,2.0,2.0,6.0,25.0,17.0,8.0,68.0,32.0,68.0,71.43,88.24,0.4814814814814814,success,0.6481481481481481,0.8778462285771307,0.8666666666666667,27.0,7.0,-0.5080823613010655,34,0,0,0
RKN,soft_tissue,8.0,5.0,9.0,3.0,25.0,13.0,12.0,52.0,48.0,52.0,72.73,47.06,0.5238095238095238,success,0.5531135531135531,0.5797750170309759,0.5652173913043478,13.0,21.0,-0.5467360155282758,34,0,0,0
SJRH30,soft_tissue,9.0,4.0,0.0,1.0,14.0,13.0,1.0,92.85714285714286,7.142857142857142,92.86,90.0,100.0,0.4615384615384615,success,0.8846153846153847,0.9593120554659016,0.8,13.0,5.0,-0.5070221981316771,18,16,0,11
SKLMS1,soft_tissue,11.0,6.0,5.0,3.0,25.0,17.0,8.0,68.0,32.0,68.0,78.57,68.75,0.5,success,0.7403508771929824,0.7937934698343581,0.7169811320754716,19.0,15.0,-0.5116160680441351,34,0,0,0
SW684,soft_tissue,15.0,5.0,1.0,4.0,25.0,20.0,5.0,80.0,20.0,80.0,78.95,93.75,0.5,success,0.7577777777777778,0.8955229887305045,0.847457627118644,25.0,9.0,-0.5116160680441351,34,0,0,0
SW872,soft_tissue,9.0,2.0,14.0,0.0,25.0,11.0,14.0,44.0,56.00000000000001,44.0,100.0,39.13,0.5454545454545454,success,0.7064393939393939,0.5632908743096103,0.5454545454545454,12.0,22.0,-0.4615309172007168,34,0,0,0
SW982,soft_tissue,9.0,5.0,4.0,6.0,24.0,14.0,10.0,58.333333333333336,41.66666666666667,58.33,60.0,69.23,0.475,success,0.6788461538461539,0.7987611883983948,0.7307692307692307,20.0,13.0,-0.5076521177491973,33,0,0,0
VAESBJ,soft_tissue,10.0,5.0,7.0,3.0,25.0,15.0,10.0,60.0,40.0,60.0,76.92,58.82,0.4722222222222222,success,0.6875,0.711453899525795,0.6666666666666666,18.0,16.0,-0.5085691615900784,34,0,0,0
2313287,stomach,10.0,1.0,2.0,1.0,14.0,11.0,3.0,78.57142857142857,21.428571428571427,78.57,90.91,83.33,0.5892857142857143,success,0.8482142857142857,0.9539416932274074,0.8666666666666667,14.0,4.0,-0.4355890337830564,18,16,0,11
AGS,stomach,23.0,1.0,0.0,1.0,25.0,24.0,1.0,96.0,4.0,96.0,95.83,100.0,0.9848484848484848,success,1.0,1.0,0.9846153846153848,33.0,1.0,-0.4615839452637515,34,0,0,0
ECC10,stomach,15.0,2.0,3.0,5.0,25.0,17.0,8.0,68.0,32.0,68.0,75.0,83.33,0.5714285714285714,success,0.6772486772486772,0.8940102019412948,0.9,27.0,7.0,-0.5352975790684218,34,0,0,0
FU97,stomach,14.0,2.0,9.0,0.0,25.0,16.0,9.0,64.0,36.0,64.0,100.0,60.87,0.5666666666666667,success,0.8035087719298245,0.8115903002019154,0.7450980392156863,19.0,15.0,-0.4727928445201202,34,0,0,0
GCIY,stomach,8.0,1.0,1.0,4.0,14.0,9.0,5.0,64.28571428571429,35.714285714285715,64.29,66.67,88.89,0.5,success,0.875,0.984016106442577,0.9411764705882352,16.0,2.0,-0.5206106735464732,18,16,0,11
HGC27,stomach,7.0,4.0,2.0,1.0,14.0,11.0,3.0,78.57142857142857,21.428571428571427,78.57,87.5,77.78,0.5714285714285714,success,0.6298701298701298,0.7054082281355009,0.7857142857142857,11.0,7.0,-0.5218409030831723,18,16,0,11
HS746T,stomach,7.0,3.0,2.0,2.0,14.0,10.0,4.0,71.42857142857143,28.57142857142857,71.43,77.78,77.78,0.5,success,0.7708333333333334,0.8692009379509381,0.8,12.0,6.0,-0.5035748189694114,18,16,0,11
HSC39,stomach,15.0,5.0,1.0,3.0,24.0,20.0,4.0,83.33333333333334,16.666666666666664,83.33,83.33,93.75,0.5714285714285714,success,0.903846153846154,0.976103661640262,0.896551724137931,26.0,7.0,-0.5080823613010655,33,0,0,0
IM95,stomach,12.0,7.0,4.0,2.0,25.0,19.0,6.0,76.0,24.0,76.0,85.71,75.0,0.5333333333333333,success,0.7736842105263158,0.8164740731919715,0.7307692307692307,19.0,15.0,-0.5418581414729522,34,0,0,0
KATOIII,stomach,11.0,7.0,5.0,2.0,25.0,18.0,7.0,72.0,28.000000000000004,72.0,84.62,68.75,0.5384615384615384,success,0.8663003663003663,0.9178504120742068,0.7777777777777778,21.0,13.0,-0.5003606278669349,34,0,0,0
MKN1,stomach,11.0,5.0,0.0,9.0,25.0,16.0,9.0,64.0,36.0,64.0,55.0,100.0,0.5,success,0.9077380952380952,0.97908974215526,0.9032258064516128,28.0,6.0,-0.5170903350271434,34,0,0,0
MKN28,stomach,7.0,4.0,1.0,2.0,14.0,11.0,3.0,78.57142857142857,21.428571428571427,78.57,77.78,87.5,0.5,success,0.7847222222222222,0.8345550283050284,0.8,12.0,6.0,-0.5172269990775398,18,16,0,11
MKN45,stomach,21.0,1.0,2.0,1.0,25.0,22.0,3.0,88.0,12.0,88.0,95.45,91.3,0.5827586206896552,success,0.4758620689655172,0.8652044291364991,0.918032786885246,29.0,5.0,-0.4981142522298688,34,0,0,0
NCIN87,stomach,12.0,4.0,5.0,3.0,24.0,16.0,8.0,66.66666666666666,33.33333333333333,66.67,80.0,70.59,0.5416666666666666,success,0.5694444444444444,0.7269626977960312,0.7659574468085106,18.0,12.0,-0.5432966276848364,30,0,0,0
NUGC3,stomach,15.0,2.0,2.0,6.0,25.0,17.0,8.0,68.0,32.0,68.0,71.43,88.24,0.4827586206896552,success,0.8068965517241379,0.967000144658967,0.9032258064516128,29.0,5.0,-0.5080823613010655,34,0,0,0
NUGC4,stomach,8.0,2.0,1.0,3.0,14.0,10.0,4.0,71.42857142857143,28.57142857142857,71.43,72.73,88.89,0.4615384615384615,success,0.523076923076923,0.7422359691590461,0.8,13.0,5.0,-0.3866626494779472,18,16,0,11
OCUM1,stomach,12.0,6.0,5.0,2.0,25.0,18.0,7.0,72.0,28.000000000000004,72.0,85.71,70.59,0.5357142857142857,success,0.6892857142857143,0.779862367065389,0.7547169811320755,20.0,14.0,-0.5472219985115245,34,0,0,0
RERFGC1B,stomach,15.0,2.0,1.0,7.0,25.0,17.0,8.0,68.0,32.0,68.0,68.18,93.75,0.4827586206896552,success,0.5,0.8226276837717631,0.9032258064516128,29.0,5.0,-0.5003606278669349,34,0,0,0
SKGT2,stomach,17.0,2.0,1.0,5.0,25.0,19.0,6.0,76.0,24.0,76.0,77.27,94.44,0.4821428571428571,success,0.5,0.8518720608590542,0.8852459016393442,28.0,6.0,-0.5428507657859891,34,0,0,0
SNU1,stomach,12.0,1.0,2.0,9.0,24.0,13.0,11.0,54.16666666666666,45.83333333333333,54.17,57.14,85.71,0.4821428571428571,success,0.5035714285714286,0.8838100107578292,0.9,28.0,5.0,-0.4832001274653994,33,0,0,0
SNU16,stomach,14.0,3.0,2.0,6.0,25.0,17.0,8.0,68.0,32.0,68.0,70.0,87.5,0.4821428571428571,success,0.6755952380952381,0.9062383966559434,0.8852459016393442,28.0,6.0,-0.5084986617068908,34,0,0,0
SNU5,stomach,12.0,5.0,4.0,1.0,22.0,17.0,5.0,77.27272727272727,22.727272727272727,77.27,92.31,75.0,0.5416666666666666,success,0.8267543859649121,0.8753316039091066,0.7755102040816326,19.0,12.0,-0.5467360155282758,31,0,0,0
TGBC11TKB,stomach,10.0,6.0,4.0,5.0,25.0,16.0,9.0,64.0,36.0,64.0,66.67,71.43,0.5384615384615384,success,0.8058608058608059,0.8871154415815108,0.7777777777777778,21.0,13.0,-0.527434164683038,34,0,0,0
NCCIT,testis,3.0,4.0,6.0,1.0,14.0,7.0,7.0,50.0,50.0,50.0,75.0,33.33,0.375,success,0.6696428571428572,0.4722222222222222,0.2857142857142857,4.0,14.0,-0.4266818533476327,18,16,0,11
NEC8,testis,13.0,6.0,1.0,5.0,25.0,19.0,6.0,76.0,24.0,76.0,72.22,92.86,0.5625,success,0.8341346153846154,0.9319606813979504,0.8813559322033898,26.0,8.0,-0.5279749508746887,34,0,0,0
8305C,thyroid,14.0,3.0,3.0,5.0,25.0,17.0,8.0,68.0,32.0,68.0,73.68,82.35,0.4807692307692308,success,0.6490384615384615,0.828749439723861,0.847457627118644,26.0,8.0,-0.5472219985115245,34,0,0,0
8505C,thyroid,15.0,5.0,2.0,3.0,25.0,20.0,5.0,80.0,20.0,80.0,83.33,88.24,0.5357142857142857,success,0.6232142857142857,0.7253784926654089,0.7547169811320755,20.0,14.0,-0.5467360155282758,34,0,0,0
ASH3,thyroid,9.0,2.0,0.0,3.0,14.0,11.0,3.0,78.57142857142857,21.428571428571427,78.57,75.0,100.0,0.6666666666666666,success,0.8777777777777778,0.9698826173826174,0.9375,15.0,3.0,-0.4646012309668812,18,16,0,11
BCPAP,thyroid,13.0,7.0,4.0,1.0,25.0,20.0,5.0,80.0,20.0,80.0,92.86,76.47,0.5333333333333333,success,0.7228070175438596,0.7728067322396179,0.7307692307692307,19.0,15.0,-0.5467360155282758,34,0,0,0
BHT101,thyroid,23.0,2.0,0.0,0.0,25.0,25.0,0.0,100.0,0.0,100.0,100.0,100.0,0.6666666666666666,success,0.6071428571428572,0.8901090252728697,0.9333333333333332,28.0,6.0,-0.4760157146927918,34,0,0,0
CAL62,thyroid,15.0,3.0,0.0,7.0,25.0,18.0,7.0,72.0,28.000000000000004,72.0,68.18,100.0,0.4827586206896552,success,0.6620689655172414,0.9064264390219228,0.9032258064516128,29.0,5.0,-0.5088684335681448,34,0,0,0
CGTHW1,thyroid,12.0,3.0,5.0,5.0,25.0,15.0,10.0,60.0,40.0,60.0,70.59,70.59,0.4772727272727273,success,0.5890151515151515,0.7622178178772875,0.7636363636363637,22.0,12.0,-0.5467360155282758,34,0,0,0
FTC133,thyroid,13.0,3.0,4.0,5.0,25.0,16.0,9.0,64.0,36.0,64.0,72.22,76.47,0.4761904761904761,success,0.5,0.64798004945685,0.7407407407407407,21.0,13.0,-0.5224817665100198,34,0,0,0
HTCC3,thyroid,17.0,5.0,0.0,3.0,25.0,22.0,3.0,88.0,12.0,88.0,85.0,100.0,0.4821428571428571,success,0.8303571428571429,0.9446031627178209,0.8852459016393442,28.0,6.0,-0.5472219985115245,34,0,0,0
IHH4,thyroid,15.0,2.0,8.0,0.0,25.0,17.0,8.0,68.0,32.0,68.0,100.0,65.22,0.5588235294117647,success,0.6955017301038062,0.7063150008564973,0.6938775510204082,17.0,17.0,-0.4288720241114228,34,0,0,0
K5,thyroid,14.0,4.0,1.0,6.0,25.0,18.0,7.0,72.0,28.000000000000004,72.0,70.0,93.33,0.48,success,0.7244444444444444,0.8891039775608836,0.8275862068965517,25.0,9.0,-0.4944744998639694,34,0,0,0
RO82W1,thyroid,12.0,7.0,4.0,2.0,25.0,19.0,6.0,76.0,24.0,76.0,85.71,75.0,0.5,success,0.7210526315789474,0.7899588675812808,0.7169811320754716,19.0,15.0,-0.5272551101615156,34,0,0,0
TT,thyroid,14.0,3.0,8.0,0.0,25.0,17.0,8.0,68.0,32.0,68.0,100.0,63.64,0.5714285714285714,success,0.7794117647058822,0.7312060802082022,0.7391304347826086,17.0,14.0,-0.4229754179800012,31,0,0,0
TT2609C02,thyroid,12.0,8.0,5.0,0.0,25.0,20.0,5.0,80.0,20.0,80.0,100.0,70.59,0.5263157894736842,success,0.7842105263157895,0.7401109611635928,0.625,15.0,19.0,-0.5003542023748149,34,0,0,0
MESSA,uterus,11.0,7.0,3.0,4.0,25.0,18.0,7.0,72.0,28.000000000000004,72.0,73.33,78.57,0.4722222222222222,success,0.6197916666666666,0.5940063971266017,0.6666666666666666,18.0,16.0,-0.4334848181542373,34,0,0,0
SKN,uterus,5.0,3.0,4.0,2.0,14.0,8.0,6.0,57.14285714285714,42.85714285714285,57.14,71.43,55.56,0.4444444444444444,success,0.5802469135802469,0.6425925925925926,0.6153846153846154,9.0,9.0,-0.4402823079537144,18,16,0,11
SKUT1,uterus,7.0,2.0,2.0,3.0,14.0,9.0,5.0,64.28571428571429,35.714285714285715,64.29,70.0,77.78,0.4583333333333333,success,0.6944444444444444,0.8455160852219678,0.7586206896551724,12.0,6.0,-0.4375741614225621,18,16,0,11
CAL39,vulva,16.0,1.0,0.0,8.0,25.0,17.0,8.0,68.0,32.0,68.0,66.67,100.0,0.4833333333333333,success,0.5125000000000001,0.8936471547997379,0.9206349206349206,30.0,4.0,-0.5024415759753151,34,0,0,0
