Perturbation,Excess,cell_line,tissue
PD_01_PD_02,-0.0730802851194445,SW13,adrenal
PD_01_PD_03,-0.1050734495664122,SW13,adrenal
PD_01_PD_08,-0.1564679351799521,SW13,adrenal
PD_01_PD_10,-0.1203299839681889,SW13,adrenal
PD_03_PD_05,-0.0061752971239784,SW13,adrenal
PD_03_PD_06,-0.1173610482222828,SW13,adrenal
PD_03_PD_07,-0.0022591628118397,SW13,adrenal
PD_03_PD_08,-0.0836740949907391,SW13,adrenal
PD_03_PD_09,-0.0072437954698312,SW13,adrenal
PD_03_PD_10,-0.0121370195580473,SW13,adrenal
PD_03_PD_11,-0.0131903838359784,SW13,adrenal
PD_03_PD_12,-0.0009337982660855,SW13,adrenal
PD_03_PD_15,-0.0003127590379554,SW13,adrenal
PD_06_PD_08,0.00827482825008,SW13,adrenal
PD_06_PD_10,-0.4037357817319463,SW13,adrenal
PD_06_PD_14,-0.0695266564978535,SW13,adrenal
PD_07_PD_08,-0.0076366546072232,SW13,adrenal
PD_07_PD_10,-0.0017935598021854,SW13,adrenal
PD_08_PD_10,-0.3382753330177018,SW13,adrenal
PD_08_PD_12,-0.0874169910255293,SW13,adrenal
PD_08_PD_14,-0.1567605112153233,SW13,adrenal
PD_08_PD_15,-0.0017522188328293,SW13,adrenal
PD_10_PD_12,-0.0012985938820423,SW13,adrenal
PD_10_PD_13,0.0012365429887641,SW13,adrenal
PD_10_PD_15,-0.0002416390641248,SW13,adrenal
PD_01_PD_02,-0.0057848004657595,EGI1,biliary
PD_01_PD_03,-0.011054396349348,EGI1,biliary
PD_01_PD_08,-0.1678309873559483,EGI1,biliary
PD_01_PD_10,-0.011883848120045,EGI1,biliary
PD_03_PD_05,-3.1296354174870096e-08,EGI1,biliary
PD_03_PD_06,-0.1418298236293572,EGI1,biliary
PD_03_PD_07,-3.823837468885927e-09,EGI1,biliary
PD_03_PD_08,-0.1592737105263094,EGI1,biliary
PD_03_PD_09,-4.4322119752138185e-08,EGI1,biliary
PD_03_PD_10,-7.474431663601067e-07,EGI1,biliary
PD_03_PD_11,-7.477537871114492e-07,EGI1,biliary
PD_03_PD_12,0.0,EGI1,biliary
PD_03_PD_15,-4.9647619349002525e-11,EGI1,biliary
PD_06_PD_08,0.0507070559760273,EGI1,biliary
PD_06_PD_10,-0.4994108128033015,EGI1,biliary
PD_06_PD_14,-0.1005535801547671,EGI1,biliary
PD_07_PD_08,-0.0497602950589318,EGI1,biliary
PD_07_PD_10,-5.098480748699785e-09,EGI1,biliary
PD_08_PD_10,-0.3517810138521546,EGI1,biliary
PD_08_PD_12,-0.0174438868980184,EGI1,biliary
PD_08_PD_14,-0.1179974670527492,EGI1,biliary
PD_08_PD_15,-0.0040775943050562,EGI1,biliary
PD_10_PD_12,-3.6017171467506166e-08,EGI1,biliary
PD_10_PD_13,3.1062330485553957e-10,EGI1,biliary
PD_10_PD_15,-1.6339085640026951e-10,EGI1,biliary
PD_01_PD_02,-0.0047742872282622,ETK1,biliary
PD_01_PD_03,-0.0094280435837277,ETK1,biliary
PD_01_PD_08,-0.0344020503382035,ETK1,biliary
PD_01_PD_10,-0.0101548231594438,ETK1,biliary
PD_03_PD_05,-3.7121689056007763e-09,ETK1,biliary
PD_03_PD_06,-0.022071764893557,ETK1,biliary
PD_03_PD_07,-7.658929046527874e-10,ETK1,biliary
PD_03_PD_08,-0.022158611615198,ETK1,biliary
PD_03_PD_09,-1.8593978545755618e-07,ETK1,biliary
PD_03_PD_10,-1.3005333221460802e-07,ETK1,biliary
PD_03_PD_11,-1.3006979304730493e-07,ETK1,biliary
PD_03_PD_12,-5.850875339774575e-14,ETK1,biliary
PD_03_PD_15,-3.584355035002318e-12,ETK1,biliary
PD_06_PD_08,0.0027946573874418,ETK1,biliary
PD_06_PD_10,-0.5003606278669349,ETK1,biliary
PD_06_PD_14,-0.0127096456048813,ETK1,biliary
PD_07_PD_08,-0.006187040998002,ETK1,biliary
PD_07_PD_10,-6.010786313126458e-10,ETK1,biliary
PD_08_PD_10,-0.2969752047454816,ETK1,biliary
PD_08_PD_12,-8.756618552219209e-05,ETK1,biliary
PD_08_PD_14,-0.0127972117904034,ETK1,biliary
PD_08_PD_15,-0.0003643379958457,ETK1,biliary
PD_10_PD_12,-4.9631524112747634e-08,ETK1,biliary
PD_10_PD_13,1.6462387009141818e-11,ETK1,biliary
PD_10_PD_15,-1.2853162978387898e-11,ETK1,biliary
PD_01_PD_02,-0.0023856833648613,HUCCT1,biliary
PD_01_PD_03,-0.0057677380939731,HUCCT1,biliary
PD_01_PD_08,-0.0348228687259601,HUCCT1,biliary
PD_01_PD_10,-0.0042533550989648,HUCCT1,biliary
PD_03_PD_05,-1.040416189090898e-06,HUCCT1,biliary
PD_03_PD_06,-0.0177345159048986,HUCCT1,biliary
PD_03_PD_07,-1.1577143776975165e-07,HUCCT1,biliary
PD_03_PD_08,-0.0177345159048986,HUCCT1,biliary
PD_03_PD_09,-1.0404151353782254e-06,HUCCT1,biliary
PD_03_PD_10,-1.2442325994621584e-05,HUCCT1,biliary
PD_03_PD_11,-1.244767172547956e-05,HUCCT1,biliary
PD_03_PD_12,0.0,HUCCT1,biliary
PD_03_PD_15,-7.484296626891762e-09,HUCCT1,biliary
PD_06_PD_08,0.00150704848052,HUCCT1,biliary
PD_06_PD_10,-0.5467360155282758,HUCCT1,biliary
PD_06_PD_14,-0.0088525119661178,HUCCT1,biliary
PD_07_PD_08,-0.0026721907614345,HUCCT1,biliary
PD_07_PD_10,-9.115326371489375e-08,HUCCT1,biliary
PD_08_PD_10,-0.4663629382032963,HUCCT1,biliary
PD_08_PD_12,0.0,HUCCT1,biliary
PD_08_PD_14,-0.0088525119661178,HUCCT1,biliary
PD_08_PD_15,-0.0002361128279857,HUCCT1,biliary
PD_10_PD_12,-6.102119920470273e-10,HUCCT1,biliary
PD_10_PD_13,5.351377674323032e-09,HUCCT1,biliary
PD_10_PD_15,-3.746896459766447e-09,HUCCT1,biliary
PD_01_PD_08,-0.0498512922094895,TGBC1TKB,biliary
PD_01_PD_10,-0.0022227022422433,TGBC1TKB,biliary
PD_06_PD_08,1.4080706872698912e-06,TGBC1TKB,biliary
PD_06_PD_10,-0.4402823079537144,TGBC1TKB,biliary
PD_06_PD_14,-0.0392970820510766,TGBC1TKB,biliary
PD_07_PD_08,-3.802570922517568e-05,TGBC1TKB,biliary
PD_07_PD_10,-1.2856826714369164e-11,TGBC1TKB,biliary
PD_08_PD_10,-0.0046115301380522,TGBC1TKB,biliary
PD_08_PD_12,-0.1063676399285015,TGBC1TKB,biliary
PD_08_PD_14,-0.1456235971501329,TGBC1TKB,biliary
PD_08_PD_15,-3.0968489012073164e-06,TGBC1TKB,biliary
PD_10_PD_12,-7.888134589961737e-12,TGBC1TKB,biliary
PD_10_PD_13,7.438494264988549e-15,TGBC1TKB,biliary
PD_10_PD_15,-6.772360450213455e-15,TGBC1TKB,biliary
PD_01_PD_02,-0.0042197626085886,TGBC24TKB,biliary
PD_01_PD_03,-0.0086878862227768,TGBC24TKB,biliary
PD_01_PD_08,-0.0374601940025105,TGBC24TKB,biliary
PD_01_PD_10,-0.0098364108917604,TGBC24TKB,biliary
PD_03_PD_05,-6.768175242477524e-09,TGBC24TKB,biliary
PD_03_PD_06,-0.022957521377409,TGBC24TKB,biliary
PD_03_PD_07,-1.9366147574473302e-09,TGBC24TKB,biliary
PD_03_PD_08,-0.0230799829848694,TGBC24TKB,biliary
PD_03_PD_09,-3.55580345390294e-07,TGBC24TKB,biliary
PD_03_PD_10,-2.250390258584645e-07,TGBC24TKB,biliary
PD_03_PD_11,-2.250850903440238e-07,TGBC24TKB,biliary
PD_03_PD_12,-2.3003821070233244e-13,TGBC24TKB,biliary
PD_03_PD_15,-8.475775636895833e-12,TGBC24TKB,biliary
PD_06_PD_08,0.003296686295042,TGBC24TKB,biliary
PD_06_PD_10,-0.5080823613010655,TGBC24TKB,biliary
PD_06_PD_14,-0.0136966256856706,TGBC24TKB,biliary
PD_07_PD_08,-0.0066378265274648,TGBC24TKB,biliary
PD_07_PD_10,-1.5203118763906787e-09,TGBC24TKB,biliary
PD_08_PD_10,-0.2989615155606342,TGBC24TKB,biliary
PD_08_PD_12,-0.0001237476126986,TGBC24TKB,biliary
PD_08_PD_14,-0.0138203732983692,TGBC24TKB,biliary
PD_08_PD_15,-0.0004057215935638,TGBC24TKB,biliary
PD_10_PD_12,-1.010296346581896e-07,TGBC24TKB,biliary
PD_10_PD_13,4.606870440682087e-11,TGBC24TKB,biliary
PD_10_PD_15,-3.3994140835602587e-11,TGBC24TKB,biliary
PD_01_PD_02,-0.0016981018779986,5637,bladder
PD_01_PD_03,-0.0085414970174401,5637,bladder
PD_01_PD_08,-0.0330456743983824,5637,bladder
PD_01_PD_10,-0.0045983179507216,5637,bladder
PD_03_PD_05,-2.9110792091335824e-06,5637,bladder
PD_03_PD_06,-0.0213158454941024,5637,bladder
PD_03_PD_07,-3.827862313787733e-07,5637,bladder
PD_03_PD_08,-0.0213158454941024,5637,bladder
PD_03_PD_09,-2.911078869405337e-06,5637,bladder
PD_03_PD_10,-2.8303563660125874e-05,5637,bladder
PD_03_PD_11,-2.831010206838513e-05,5637,bladder
PD_03_PD_12,0.0,5637,bladder
PD_03_PD_15,-2.8315756184227325e-08,5637,bladder
PD_06_PD_08,0.0013638188136543,5637,bladder
PD_06_PD_10,-0.5428507657859891,5637,bladder
PD_06_PD_14,-0.0085011877919436,5637,bladder
PD_07_PD_08,-0.0025185867934751,5637,bladder
PD_07_PD_10,-1.0764625790748995e-07,5637,bladder
PD_08_PD_10,-0.4692163345612985,5637,bladder
PD_08_PD_12,0.0,5637,bladder
PD_08_PD_14,-0.0085011877919436,5637,bladder
PD_08_PD_15,-0.0001945437354856,5637,bladder
PD_10_PD_12,-1.1836241986529215e-09,5637,bladder
PD_10_PD_13,6.548558362240442e-09,5637,bladder
PD_10_PD_15,-4.095149996885539e-09,5637,bladder
PD_01_PD_08,-0.0569481787526741,639V,bladder
PD_01_PD_10,-0.0006110258510928,639V,bladder
PD_06_PD_08,2.5287848123167755e-05,639V,bladder
PD_06_PD_10,-0.4959343839149658,639V,bladder
PD_06_PD_14,-0.0619712784364769,639V,bladder
PD_07_PD_08,-0.0003040741388791,639V,bladder
PD_07_PD_10,-1.4435119766176285e-12,639V,bladder
PD_08_PD_10,-0.0221349798847309,639V,bladder
PD_08_PD_12,-0.0150429628290826,639V,bladder
PD_08_PD_14,-0.0770142412627381,639V,bladder
PD_08_PD_15,-3.932485310975675e-05,639V,bladder
PD_10_PD_12,-2.2562951507154597e-11,639V,bladder
PD_10_PD_13,1.3100631690576847e-14,639V,bladder
PD_10_PD_15,-8.437694987151191e-15,639V,bladder
PD_01_PD_08,-0.0159616852861739,647V,bladder
PD_01_PD_10,-0.0012784955273829,647V,bladder
PD_06_PD_08,2.2427956158921347e-08,647V,bladder
PD_06_PD_10,-0.5592606042816772,647V,bladder
PD_06_PD_14,-0.0203174100245874,647V,bladder
PD_07_PD_08,-1.7620048595734517e-06,647V,bladder
PD_07_PD_10,-1.3010592603279749e-11,647V,bladder
PD_08_PD_10,-0.0016300795595265,647V,bladder
PD_08_PD_12,-0.002062864874026,647V,bladder
PD_08_PD_14,-0.0223802748975214,647V,bladder
PD_08_PD_15,-7.800482526576502e-08,647V,bladder
PD_10_PD_12,1.9539925233402758e-13,647V,bladder
PD_10_PD_13,1.9539925233402758e-13,647V,bladder
PD_10_PD_15,-2.383648833870211e-13,647V,bladder
PD_01_PD_02,-0.0730802851194445,BFTC905,bladder
PD_01_PD_03,-0.1050734495664122,BFTC905,bladder
PD_01_PD_08,-0.1564679351799521,BFTC905,bladder
PD_01_PD_10,-0.1203299839681889,BFTC905,bladder
PD_03_PD_05,-0.0061752971239784,BFTC905,bladder
PD_03_PD_06,-0.1173610482222828,BFTC905,bladder
PD_03_PD_07,-0.0022591628118397,BFTC905,bladder
PD_03_PD_08,-0.0836740949907391,BFTC905,bladder
PD_03_PD_09,-0.0072437954698312,BFTC905,bladder
PD_03_PD_10,-0.0121370195580473,BFTC905,bladder
PD_03_PD_11,-0.0131903838359784,BFTC905,bladder
PD_03_PD_12,-0.0009337982660855,BFTC905,bladder
PD_03_PD_15,-0.0003127590379554,BFTC905,bladder
PD_06_PD_08,0.00827482825008,BFTC905,bladder
PD_06_PD_10,-0.4037357817319463,BFTC905,bladder
PD_06_PD_14,-0.0695266564978535,BFTC905,bladder
PD_07_PD_08,-0.0076366546072232,BFTC905,bladder
PD_07_PD_10,-0.0017935598021854,BFTC905,bladder
PD_08_PD_10,-0.3382753330177018,BFTC905,bladder
PD_08_PD_12,-0.0874169910255293,BFTC905,bladder
PD_08_PD_14,-0.1567605112153233,BFTC905,bladder
PD_08_PD_15,-0.0017522188328293,BFTC905,bladder
PD_10_PD_12,-0.0012985938820423,BFTC905,bladder
PD_10_PD_13,0.0012365429887641,BFTC905,bladder
PD_10_PD_15,-0.0002416390641248,BFTC905,bladder
PD_01_PD_02,-0.0046692073337697,CAL29,bladder
PD_01_PD_03,-0.0100423731124914,CAL29,bladder
PD_01_PD_08,-0.0527898422001669,CAL29,bladder
PD_01_PD_10,-0.0074000781394721,CAL29,bladder
PD_03_PD_05,-1.0581250320385036e-09,CAL29,bladder
PD_03_PD_06,-0.0312828394892034,CAL29,bladder
PD_03_PD_07,-8.416989327741929e-11,CAL29,bladder
PD_03_PD_08,-0.0314568929162953,CAL29,bladder
PD_03_PD_09,-5.843504502500708e-08,CAL29,bladder
PD_03_PD_10,-5.347230097596523e-07,CAL29,bladder
PD_03_PD_11,-5.347695934965202e-07,CAL29,bladder
PD_03_PD_12,0.0,CAL29,bladder
PD_03_PD_15,-4.732880753977042e-13,CAL29,bladder
PD_06_PD_08,0.0043542424348906,CAL29,bladder
PD_06_PD_10,-0.5339329575289975,CAL29,bladder
PD_06_PD_14,-0.0189381649356242,CAL29,bladder
PD_07_PD_08,-0.007530417655879,CAL29,bladder
PD_07_PD_10,-1.1315953729607031e-09,CAL29,bladder
PD_08_PD_10,-0.376251653503445,CAL29,bladder
PD_08_PD_12,-0.000174053427092,CAL29,bladder
PD_08_PD_14,-0.0191122183627163,CAL29,bladder
PD_08_PD_15,-0.0005311300305461,CAL29,bladder
PD_10_PD_12,-3.3306690738754696e-16,CAL29,bladder
PD_10_PD_13,4.658373686794448e-11,CAL29,bladder
PD_10_PD_15,-4.3286374484807766e-11,CAL29,bladder
PD_01_PD_02,-0.0016981018779986,DSH1,bladder
PD_01_PD_03,-0.0085414970174401,DSH1,bladder
PD_01_PD_08,-0.0330456743983824,DSH1,bladder
PD_01_PD_10,-0.0045983179507216,DSH1,bladder
PD_03_PD_05,-2.9110792091335824e-06,DSH1,bladder
PD_03_PD_06,-0.0213158454941024,DSH1,bladder
PD_03_PD_07,-3.827862313787733e-07,DSH1,bladder
PD_03_PD_08,-0.0213158454941024,DSH1,bladder
PD_03_PD_09,-2.911078869405337e-06,DSH1,bladder
PD_03_PD_10,-2.8303563660125874e-05,DSH1,bladder
PD_03_PD_11,-2.831010206838513e-05,DSH1,bladder
PD_03_PD_12,0.0,DSH1,bladder
PD_03_PD_15,-2.8315756184227325e-08,DSH1,bladder
PD_06_PD_08,0.0013638188136543,DSH1,bladder
PD_06_PD_10,-0.5428507657859891,DSH1,bladder
PD_06_PD_14,-0.0085011877919436,DSH1,bladder
PD_07_PD_08,-0.0025185867934751,DSH1,bladder
PD_07_PD_10,-1.0764625790748995e-07,DSH1,bladder
PD_08_PD_10,-0.4692163345612985,DSH1,bladder
PD_08_PD_12,0.0,DSH1,bladder
PD_08_PD_14,-0.0085011877919436,DSH1,bladder
PD_08_PD_15,-0.0001945437354856,DSH1,bladder
PD_10_PD_12,-1.1836241986529215e-09,DSH1,bladder
PD_10_PD_13,6.548558362240442e-09,DSH1,bladder
PD_10_PD_15,-4.095149996885539e-09,DSH1,bladder
PD_01_PD_02,-0.0052770052003378,HT1197,bladder
PD_01_PD_03,-0.0108164541141103,HT1197,bladder
PD_01_PD_08,-0.037905652936795,HT1197,bladder
PD_01_PD_10,-0.0077984617238979,HT1197,bladder
PD_03_PD_05,-4.6587396829167467e-08,HT1197,bladder
PD_03_PD_06,-0.0811611762438822,HT1197,bladder
PD_03_PD_07,-1.293955165238003e-09,HT1197,bladder
PD_03_PD_08,-0.060403895190398,HT1197,bladder
PD_03_PD_09,-6.567809496260679e-08,HT1197,bladder
PD_03_PD_10,-2.1744289335767775e-07,HT1197,bladder
PD_03_PD_11,-2.174572717450474e-07,HT1197,bladder
PD_03_PD_12,-2.4797941478027496e-12,HT1197,bladder
PD_03_PD_15,-9.268064093959083e-11,HT1197,bladder
PD_06_PD_08,0.0521182781348723,HT1197,bladder
PD_06_PD_10,-0.4409322538057389,HT1197,bladder
PD_06_PD_14,-0.0488236530356228,HT1197,bladder
PD_07_PD_08,-0.0405369035426381,HT1197,bladder
PD_07_PD_10,-5.531101132660865e-10,HT1197,bladder
PD_08_PD_10,-0.2150019920321925,HT1197,bladder
PD_08_PD_12,-0.0204732737199465,HT1197,bladder
PD_08_PD_14,-0.0689504988415208,HT1197,bladder
PD_08_PD_15,-0.0019629661845314,HT1197,bladder
PD_10_PD_12,-2.553578459796313e-09,HT1197,bladder
PD_10_PD_13,1.4389378577561727e-11,HT1197,bladder
PD_10_PD_15,-1.2322032283407223e-11,HT1197,bladder
PD_01_PD_02,-0.0002843904970245,HT1376,bladder
PD_01_PD_03,-0.0006944716791988,HT1376,bladder
PD_01_PD_08,-0.0015130498598873,HT1376,bladder
PD_01_PD_10,-0.0015476553189356,HT1376,bladder
PD_03_PD_05,-1.5101331296563103e-10,HT1376,bladder
PD_03_PD_06,-0.0763474120441949,HT1376,bladder
PD_03_PD_07,-1.1400924648796718e-10,HT1376,bladder
PD_03_PD_08,-3.1576676361444456e-06,HT1376,bladder
PD_03_PD_09,-1.5101309092102608e-10,HT1376,bladder
PD_03_PD_10,-3.2920935566505e-07,HT1376,bladder
PD_03_PD_11,-3.313222260992177e-07,HT1376,bladder
PD_03_PD_12,-8.191864964146588e-10,HT1376,bladder
PD_03_PD_15,-6.628031457012186e-13,HT1376,bladder
PD_06_PD_08,3.1946334466681485e-11,HT1376,bladder
PD_06_PD_10,-0.4807934056018341,HT1376,bladder
PD_06_PD_14,-0.0538253944527813,HT1376,bladder
PD_07_PD_08,-2.953056577048585e-09,HT1376,bladder
PD_07_PD_10,-1.3903467066533892e-07,HT1376,bladder
PD_08_PD_10,-0.019176158934363,HT1376,bladder
PD_08_PD_12,-0.0473774372969456,HT1376,bladder
PD_08_PD_14,-0.1012028317347296,HT1376,bladder
PD_08_PD_15,-4.0757175412409197e-11,HT1376,bladder
PD_10_PD_12,-2.068871407523432e-09,HT1376,bladder
PD_10_PD_13,2.112871322346166e-09,HT1376,bladder
PD_10_PD_15,-1.3950284261099455e-09,HT1376,bladder
PD_01_PD_02,-0.0018990666800083,J82,bladder
PD_01_PD_03,-0.0082599045693277,J82,bladder
PD_01_PD_08,-0.0171435604892644,J82,bladder
PD_01_PD_10,-0.0053130444853958,J82,bladder
PD_03_PD_05,-6.718337307476396e-06,J82,bladder
PD_03_PD_06,-0.0704184488425584,J82,bladder
PD_03_PD_07,-5.746241337201141e-07,J82,bladder
PD_03_PD_08,-0.0201283674109902,J82,bladder
PD_03_PD_09,-6.71831616316787e-06,J82,bladder
PD_03_PD_10,-1.9283209039322458e-05,J82,bladder
PD_03_PD_11,-1.9290953852668657e-05,J82,bladder
PD_03_PD_12,-3.1623826890481155e-09,J82,bladder
PD_03_PD_15,-7.470608964776916e-08,J82,bladder
PD_06_PD_08,0.0166697176703448,J82,bladder
PD_06_PD_10,-0.4563317072917438,J82,bladder
PD_06_PD_14,-0.0467024248118342,J82,bladder
PD_07_PD_08,-0.0116712522090262,J82,bladder
PD_07_PD_10,-7.190696560410714e-08,J82,bladder
PD_08_PD_10,-0.2672567300361159,J82,bladder
PD_08_PD_12,-0.0707073313228004,J82,bladder
PD_08_PD_14,-0.1170681678400371,J82,bladder
PD_08_PD_15,-0.0007216944455017,J82,bladder
PD_10_PD_12,-4.940262865460454e-09,J82,bladder
PD_10_PD_13,8.094369285949199e-09,J82,bladder
PD_10_PD_15,-4.741274484132418e-09,J82,bladder
PD_01_PD_02,-0.0848764636020126,KU1919,bladder
PD_01_PD_03,-0.1199485639298231,KU1919,bladder
PD_01_PD_08,-0.185375671572217,KU1919,bladder
PD_01_PD_10,-0.1246550994299708,KU1919,bladder
PD_03_PD_05,-0.0042123741775383,KU1919,bladder
PD_03_PD_06,-0.1003416700071908,KU1919,bladder
PD_03_PD_07,-0.0013759110110876,KU1919,bladder
PD_03_PD_08,-0.0953268743436906,KU1919,bladder
PD_03_PD_09,-0.0066726085098219,KU1919,bladder
PD_03_PD_10,-0.0093122647005651,KU1919,bladder
PD_03_PD_11,-0.0099961135894458,KU1919,bladder
PD_03_PD_12,-0.0002993291435461,KU1919,bladder
PD_03_PD_15,-0.0001758667697914,KU1919,bladder
PD_06_PD_08,0.0069039688871872,KU1919,bladder
PD_06_PD_10,-0.3942096564973912,KU1919,bladder
PD_06_PD_14,-0.0694059588609619,KU1919,bladder
PD_07_PD_08,-0.0074355031403028,KU1919,bladder
PD_07_PD_10,-0.0011759506196631,KU1919,bladder
PD_08_PD_10,-0.3569531765930752,KU1919,bladder
PD_08_PD_12,-0.0979511475327644,KU1919,bladder
PD_08_PD_14,-0.1671985021268627,KU1919,bladder
PD_08_PD_15,-0.0019632075505889,KU1919,bladder
PD_10_PD_12,-0.0009034946378358,KU1919,bladder
PD_10_PD_13,0.0007298678050384,KU1919,bladder
PD_10_PD_15,-0.0001492223805558,KU1919,bladder
PD_01_PD_02,-0.0002201507571135,LB831BLC,bladder
PD_01_PD_03,-0.000867319321625,LB831BLC,bladder
PD_01_PD_08,-0.0132162468196767,LB831BLC,bladder
PD_01_PD_10,-0.0011707636709782,LB831BLC,bladder
PD_03_PD_05,-3.3747302952136244e-08,LB831BLC,bladder
PD_03_PD_06,-0.0012343546920215,LB831BLC,bladder
PD_03_PD_07,-3.611615340126661e-09,LB831BLC,bladder
PD_03_PD_08,-0.0013154590738689,LB831BLC,bladder
PD_03_PD_09,-5.209743068945727e-06,LB831BLC,bladder
PD_03_PD_10,-4.620490670070865e-07,LB831BLC,bladder
PD_03_PD_11,-4.620632562124527e-07,LB831BLC,bladder
PD_03_PD_12,-2.220446049250313e-16,LB831BLC,bladder
PD_03_PD_15,-6.798772655969286e-11,LB831BLC,bladder
PD_06_PD_08,5.944834491344864e-08,LB831BLC,bladder
PD_06_PD_10,-0.5116160680441351,LB831BLC,bladder
PD_06_PD_14,-0.0039957249811315,LB831BLC,bladder
PD_07_PD_08,-1.1553692378374336e-06,LB831BLC,bladder
PD_07_PD_10,-6.704187205386346e-10,LB831BLC,bladder
PD_08_PD_10,-0.0675935697951697,LB831BLC,bladder
PD_08_PD_12,-0.0001336535055094,LB831BLC,bladder
PD_08_PD_14,-0.0041293784866286,LB831BLC,bladder
PD_08_PD_15,-5.362108468354165e-08,LB831BLC,bladder
PD_10_PD_12,-2.4586604430165693e-07,LB831BLC,bladder
PD_10_PD_13,1.4190648656153826e-11,LB831BLC,bladder
PD_10_PD_15,-1.4712675522332574e-11,LB831BLC,bladder
PD_01_PD_02,-0.0042197626085886,RT112,bladder
PD_01_PD_03,-0.0086878862227768,RT112,bladder
PD_01_PD_08,-0.0374601940025105,RT112,bladder
PD_01_PD_10,-0.0098364108917604,RT112,bladder
PD_03_PD_05,-6.768175242477524e-09,RT112,bladder
PD_03_PD_06,-0.022957521377409,RT112,bladder
PD_03_PD_07,-1.9366147574473302e-09,RT112,bladder
PD_03_PD_08,-0.0230799829848694,RT112,bladder
PD_03_PD_09,-3.55580345390294e-07,RT112,bladder
PD_03_PD_10,-2.250390258584645e-07,RT112,bladder
PD_03_PD_11,-2.250850903440238e-07,RT112,bladder
PD_03_PD_12,-2.3003821070233244e-13,RT112,bladder
PD_03_PD_15,-8.475775636895833e-12,RT112,bladder
PD_06_PD_08,0.003296686295042,RT112,bladder
PD_06_PD_10,-0.5080823613010655,RT112,bladder
PD_06_PD_14,-0.0136966256856706,RT112,bladder
PD_07_PD_08,-0.0066378265274648,RT112,bladder
PD_07_PD_10,-1.5203118763906787e-09,RT112,bladder
PD_08_PD_10,-0.2989615155606342,RT112,bladder
PD_08_PD_12,-0.0001237476126986,RT112,bladder
PD_08_PD_14,-0.0138203732983692,RT112,bladder
PD_08_PD_15,-0.0004057215935638,RT112,bladder
PD_10_PD_12,-1.010296346581896e-07,RT112,bladder
PD_10_PD_13,4.606870440682087e-11,RT112,bladder
PD_10_PD_15,-3.3994140835602587e-11,RT112,bladder
PD_01_PD_02,-0.0077404045705469,RT4,bladder
PD_01_PD_03,-0.0144859222894602,RT4,bladder
PD_01_PD_08,-0.0737862397424935,RT4,bladder
PD_01_PD_10,-0.004324758770227,RT4,bladder
PD_03_PD_05,-1.9923435123914143e-08,RT4,bladder
PD_03_PD_06,-0.0487145324469839,RT4,bladder
PD_03_PD_07,-3.843342311071751e-10,RT4,bladder
PD_03_PD_08,-0.0804460549221783,RT4,bladder
PD_03_PD_09,-0.0977016804028029,RT4,bladder
PD_03_PD_10,-7.713630872929755e-07,RT4,bladder
PD_03_PD_11,-7.717672948492904e-07,RT4,bladder
PD_03_PD_12,0.0,RT4,bladder
PD_03_PD_15,-2.6773472328045497e-11,RT4,bladder
PD_06_PD_08,0.0546637507194663,RT4,bladder
PD_06_PD_10,-0.4459617914833336,RT4,bladder
PD_06_PD_14,-0.0712782846668355,RT4,bladder
PD_07_PD_08,-0.0664874621788711,RT4,bladder
PD_07_PD_10,-6.346396408396515e-09,RT4,bladder
PD_08_PD_10,-0.2863765982994131,RT4,bladder
PD_08_PD_12,-0.0317315224761932,RT4,bladder
PD_08_PD_14,-0.1030098071429381,RT4,bladder
PD_08_PD_15,-0.0076180547721048,RT4,bladder
PD_10_PD_12,-1.9709093468378572e-08,RT4,bladder
PD_10_PD_13,4.042080004040826e-10,RT4,bladder
PD_10_PD_15,-2.0830759339673927e-10,RT4,bladder
PD_01_PD_02,-0.0002201507571135,SW1710,bladder
PD_01_PD_03,-0.000867319321625,SW1710,bladder
PD_01_PD_08,-0.0132162468196767,SW1710,bladder
PD_01_PD_10,-0.0011707636709782,SW1710,bladder
PD_03_PD_05,-3.3747302952136244e-08,SW1710,bladder
PD_03_PD_06,-0.0012343546920215,SW1710,bladder
PD_03_PD_07,-3.611615340126661e-09,SW1710,bladder
PD_03_PD_08,-0.0013154590738689,SW1710,bladder
PD_03_PD_09,-5.209743068945727e-06,SW1710,bladder
PD_03_PD_10,-4.620490670070865e-07,SW1710,bladder
PD_03_PD_11,-4.620632562124527e-07,SW1710,bladder
PD_03_PD_12,-2.220446049250313e-16,SW1710,bladder
PD_03_PD_15,-6.798772655969286e-11,SW1710,bladder
PD_06_PD_08,5.944834491344864e-08,SW1710,bladder
PD_06_PD_10,-0.5116160680441351,SW1710,bladder
PD_06_PD_14,-0.0039957249811315,SW1710,bladder
PD_07_PD_08,-1.1553692378374336e-06,SW1710,bladder
PD_07_PD_10,-6.704187205386346e-10,SW1710,bladder
PD_08_PD_10,-0.0675935697951697,SW1710,bladder
PD_08_PD_12,-0.0001336535055094,SW1710,bladder
PD_08_PD_14,-0.0041293784866286,SW1710,bladder
PD_08_PD_15,-5.362108468354165e-08,SW1710,bladder
PD_10_PD_12,-2.4586604430165693e-07,SW1710,bladder
PD_10_PD_13,1.4190648656153826e-11,SW1710,bladder
PD_10_PD_15,-1.4712675522332574e-11,SW1710,bladder
PD_01_PD_02,-0.0057439181210016,SW780,bladder
PD_01_PD_03,-0.0115635631824819,SW780,bladder
PD_01_PD_08,-0.0728445066687749,SW780,bladder
PD_01_PD_10,-0.0034543849062672,SW780,bladder
PD_03_PD_05,-1.5996240443350018e-08,SW780,bladder
PD_03_PD_06,-0.1046891692811184,SW780,bladder
PD_03_PD_07,-1.1062014637630566e-09,SW780,bladder
PD_03_PD_08,-0.1487372329407417,SW780,bladder
PD_03_PD_09,-2.5993779061428413e-06,SW780,bladder
PD_03_PD_10,-1.1351692141836622e-07,SW780,bladder
PD_03_PD_11,-1.1353559814519799e-07,SW780,bladder
PD_03_PD_12,0.0,SW780,bladder
PD_03_PD_15,-2.30211405494174e-11,SW780,bladder
PD_06_PD_08,0.0222662833165535,SW780,bladder
PD_06_PD_10,-0.4796543355447248,SW780,bladder
PD_06_PD_14,-0.0988569823417955,SW780,bladder
PD_07_PD_08,-0.0622816879298508,SW780,bladder
PD_07_PD_10,-4.960348798377368e-10,SW780,bladder
PD_08_PD_10,-0.2800196449353954,SW780,bladder
PD_08_PD_12,-0.0440480636607586,SW780,bladder
PD_08_PD_14,-0.1429050460023379,SW780,bladder
PD_08_PD_15,-0.0022624709119289,SW780,bladder
PD_10_PD_12,-1.794082771233718e-09,SW780,bladder
PD_10_PD_13,1.86829440806946e-11,SW780,bladder
PD_10_PD_15,-1.1617040662770249e-11,SW780,bladder
PD_01_PD_08,-0.0438258773154598,TCCSUP,bladder
PD_01_PD_10,-0.0014413918490201,TCCSUP,bladder
PD_06_PD_08,1.1220463922434476e-06,TCCSUP,bladder
PD_06_PD_10,-0.5265462965331922,TCCSUP,bladder
PD_06_PD_14,-0.0356800833867875,TCCSUP,bladder
PD_07_PD_08,-7.4702400096882116e-06,TCCSUP,bladder
PD_07_PD_10,-1.1069145600117736e-11,TCCSUP,bladder
PD_08_PD_10,-0.0035638808110121,TCCSUP,bladder
PD_08_PD_12,-0.0264515289936569,TCCSUP,bladder
PD_08_PD_14,-0.0621316123328063,TCCSUP,bladder
PD_08_PD_15,-2.349081628216787e-06,TCCSUP,bladder
PD_10_PD_12,-4.418454491172952e-11,TCCSUP,bladder
PD_10_PD_13,3.874678355941796e-14,TCCSUP,bladder
PD_10_PD_15,-3.5638159090467525e-14,TCCSUP,bladder
PD_01_PD_02,-0.0022337740017067,UMUC3,bladder
PD_01_PD_03,-0.0051712302170453,UMUC3,bladder
PD_01_PD_08,-0.0444540038510514,UMUC3,bladder
PD_01_PD_10,-0.0063105591834109,UMUC3,bladder
PD_03_PD_05,-1.3316693402432025e-06,UMUC3,bladder
PD_03_PD_06,-0.0306766704748588,UMUC3,bladder
PD_03_PD_07,-2.430879252335316e-07,UMUC3,bladder
PD_03_PD_08,-0.0224395435142815,UMUC3,bladder
PD_03_PD_09,-1.331661744541357e-06,UMUC3,bladder
PD_03_PD_10,-1.3994242928361269e-05,UMUC3,bladder
PD_03_PD_11,-1.4009611814191912e-05,UMUC3,bladder
PD_03_PD_12,-2.2315482794965646e-14,UMUC3,bladder
PD_03_PD_15,-1.522146353405418e-08,UMUC3,bladder
PD_06_PD_08,0.0024728057561166,UMUC3,bladder
PD_06_PD_10,-0.5024492993852825,UMUC3,bladder
PD_06_PD_14,-0.0166642975351967,UMUC3,bladder
PD_07_PD_08,-0.0036148991541594,UMUC3,bladder
PD_07_PD_10,-2.1765796187622757e-07,UMUC3,bladder
PD_08_PD_10,-0.3274291646197313,UMUC3,bladder
PD_08_PD_12,-0.0384161944651524,UMUC3,bladder
PD_08_PD_14,-0.0550804916406051,UMUC3,bladder
PD_08_PD_15,-0.0003447961990299,UMUC3,bladder
PD_10_PD_12,-2.522426711948356e-13,UMUC3,bladder
PD_10_PD_13,1.5401787734070638e-08,UMUC3,bladder
PD_10_PD_15,-9.035451165040342e-09,UMUC3,bladder
PD_01_PD_02,-0.0047865835990054,VMCUB1,bladder
PD_01_PD_03,-0.009363783765397,VMCUB1,bladder
PD_01_PD_08,-0.1586709993325311,VMCUB1,bladder
PD_01_PD_10,-0.0109254331146613,VMCUB1,bladder
PD_03_PD_05,-3.515486535210499e-08,VMCUB1,bladder
PD_03_PD_06,-0.1260222060580043,VMCUB1,bladder
PD_03_PD_07,-4.3017128747990804e-09,VMCUB1,bladder
PD_03_PD_08,-0.1749611615948022,VMCUB1,bladder
PD_03_PD_09,-4.6439854073376814e-08,VMCUB1,bladder
PD_03_PD_10,-6.961195678778509e-07,VMCUB1,bladder
PD_03_PD_11,-6.964288066235724e-07,VMCUB1,bladder
PD_03_PD_12,0.0,VMCUB1,bladder
PD_03_PD_15,-5.5839444179639486e-11,VMCUB1,bladder
PD_06_PD_08,0.0488275468540708,VMCUB1,bladder
PD_06_PD_10,-0.4631026915650101,VMCUB1,bladder
PD_06_PD_14,-0.1055517560044154,VMCUB1,bladder
PD_07_PD_08,-0.0494140485345401,VMCUB1,bladder
PD_07_PD_10,-5.090931010087729e-09,VMCUB1,bladder
PD_08_PD_10,-0.2709174299842426,VMCUB1,bladder
PD_08_PD_12,-0.0489389555401629,VMCUB1,bladder
PD_08_PD_14,-0.1544907115444488,VMCUB1,bladder
PD_08_PD_15,-0.0040317501730953,VMCUB1,bladder
PD_10_PD_12,-3.5967573808193265e-08,VMCUB1,bladder
PD_10_PD_13,3.0924351968053543e-10,VMCUB1,bladder
PD_10_PD_15,-1.6238399513923696e-10,VMCUB1,bladder
PD_01_PD_02,-0.0050739245823251,A673,bone
PD_01_PD_03,-0.0100300215118812,A673,bone
PD_01_PD_08,-0.0254779765331728,A673,bone
PD_01_PD_10,-0.0109938573591416,A673,bone
PD_03_PD_05,-1.0540286754512353e-08,A673,bone
PD_03_PD_06,-0.0184771253356581,A673,bone
PD_03_PD_07,-3.037943008266097e-09,A673,bone
PD_03_PD_08,-0.0184755623698106,A673,bone
PD_03_PD_09,-1.0540286088378537e-08,A673,bone
PD_03_PD_10,-5.24835651050104e-07,A673,bone
PD_03_PD_11,-5.249408902008312e-07,A673,bone
PD_03_PD_12,-4.932720898409572e-13,A673,bone
PD_03_PD_15,-1.573108310282123e-11,A673,bone
PD_06_PD_08,0.0037115367876737,A673,bone
PD_06_PD_10,-0.528618167218398,A673,bone
PD_06_PD_14,-0.0118239368638179,A673,bone
PD_07_PD_08,-0.0069643414301706,A673,bone
PD_07_PD_10,-3.0986224697215903e-09,A673,bone
PD_08_PD_10,-0.4060959890107167,A673,bone
PD_08_PD_12,-5.828670879282073e-14,A673,bone
PD_08_PD_14,-0.0118239368638762,A673,bone
PD_08_PD_15,-0.0004372152823706,A673,bone
PD_10_PD_12,-1.6913639377946765e-07,A673,bone
PD_10_PD_13,1.0525269544814364e-10,A673,bone
PD_10_PD_15,-7.541822721890412e-11,A673,bone
PD_01_PD_08,-0.0231767741984474,CADOES1,bone
PD_01_PD_10,-0.0004054217993313,CADOES1,bone
PD_06_PD_08,8.445937038636941e-08,CADOES1,bone
PD_06_PD_10,-0.406401755307906,CADOES1,bone
PD_06_PD_14,-0.078676515855091,CADOES1,bone
PD_07_PD_08,-1.3563008977035551e-06,CADOES1,bone
PD_07_PD_10,-4.764422190106643e-11,CADOES1,bone
PD_08_PD_10,-0.0015030919494223,CADOES1,bone
PD_08_PD_12,-0.1609058326493019,CADOES1,bone
PD_08_PD_14,-0.2395823482854292,CADOES1,bone
PD_08_PD_15,-2.1261256666349482e-07,CADOES1,bone
PD_10_PD_12,-1.5233589945040647e-09,CADOES1,bone
PD_10_PD_13,4.085620730620576e-13,CADOES1,bone
PD_10_PD_15,-4.3676173788753663e-13,CADOES1,bone
PD_01_PD_08,-0.0182195909342283,CAL72,bone
PD_01_PD_10,-0.0004743359571297,CAL72,bone
PD_06_PD_08,5.12806118679876e-08,CAL72,bone
PD_06_PD_10,-0.4357627839323716,CAL72,bone
PD_06_PD_14,-0.0908146287485788,CAL72,bone
PD_07_PD_08,-1.6310026763610708e-06,CAL72,bone
PD_07_PD_10,-8.868472622935997e-11,CAL72,bone
PD_08_PD_10,-0.0016516628223538,CAL72,bone
PD_08_PD_12,-0.1263532967504885,CAL72,bone
PD_08_PD_14,-0.2171679254065679,CAL72,bone
PD_08_PD_15,-1.260543356362831e-07,CAL72,bone
PD_10_PD_12,-2.568540935499186e-09,CAL72,bone
PD_10_PD_13,8.736344980775358e-13,CAL72,bone
PD_10_PD_15,-8.96283047779889e-13,CAL72,bone
PD_01_PD_02,-0.0002201507571135,CAL78,bone
PD_01_PD_03,-0.000867319321625,CAL78,bone
PD_01_PD_08,-0.0132162468196767,CAL78,bone
PD_01_PD_10,-0.0011707636709782,CAL78,bone
PD_03_PD_05,-3.3747302952136244e-08,CAL78,bone
PD_03_PD_06,-0.0012343546920215,CAL78,bone
PD_03_PD_07,-3.611615340126661e-09,CAL78,bone
PD_03_PD_08,-0.0013154590738689,CAL78,bone
PD_03_PD_09,-5.209743068945727e-06,CAL78,bone
PD_03_PD_10,-4.620490670070865e-07,CAL78,bone
PD_03_PD_11,-4.620632562124527e-07,CAL78,bone
PD_03_PD_12,-2.220446049250313e-16,CAL78,bone
PD_03_PD_15,-6.798772655969286e-11,CAL78,bone
PD_06_PD_08,5.944834491344864e-08,CAL78,bone
PD_06_PD_10,-0.5116160680441351,CAL78,bone
PD_06_PD_14,-0.0039957249811315,CAL78,bone
PD_07_PD_08,-1.1553692378374336e-06,CAL78,bone
PD_07_PD_10,-6.704187205386346e-10,CAL78,bone
PD_08_PD_10,-0.0675935697951697,CAL78,bone
PD_08_PD_12,-0.0001336535055094,CAL78,bone
PD_08_PD_14,-0.0041293784866286,CAL78,bone
PD_08_PD_15,-5.362108468354165e-08,CAL78,bone
PD_10_PD_12,-2.4586604430165693e-07,CAL78,bone
PD_10_PD_13,1.4190648656153826e-11,CAL78,bone
PD_10_PD_15,-1.4712675522332574e-11,CAL78,bone
PD_01_PD_08,-0.1935675343550699,CHSA8926,bone
PD_01_PD_10,-0.0731472190824266,CHSA8926,bone
PD_06_PD_08,0.0084753883576141,CHSA8926,bone
PD_06_PD_10,-0.1497927054750489,CHSA8926,bone
PD_06_PD_14,-0.0518783363631741,CHSA8926,bone
PD_07_PD_08,-0.0113926901708002,CHSA8926,bone
PD_07_PD_10,-0.0007454327894811,CHSA8926,bone
PD_08_PD_10,-0.1191714847811626,CHSA8926,bone
PD_08_PD_12,-0.3477872157700097,CHSA8926,bone
PD_08_PD_14,-0.3984581013243466,CHSA8926,bone
PD_08_PD_15,-0.0047522450789521,CHSA8926,bone
PD_10_PD_12,-0.0027560272372842,CHSA8926,bone
PD_10_PD_13,0.0004444958518653,CHSA8926,bone
PD_10_PD_15,-7.746360720961576e-05,CHSA8926,bone
PD_01_PD_02,-0.0023856833648613,CS1,bone
PD_01_PD_03,-0.0057677380939731,CS1,bone
PD_01_PD_08,-0.0348228687259601,CS1,bone
PD_01_PD_10,-0.0042533550989648,CS1,bone
PD_03_PD_05,-1.040416189090898e-06,CS1,bone
PD_03_PD_06,-0.0177345159048986,CS1,bone
PD_03_PD_07,-1.1577143776975165e-07,CS1,bone
PD_03_PD_08,-0.0177345159048986,CS1,bone
PD_03_PD_09,-1.0404151353782254e-06,CS1,bone
PD_03_PD_10,-1.2442325994621584e-05,CS1,bone
PD_03_PD_11,-1.244767172547956e-05,CS1,bone
PD_03_PD_12,0.0,CS1,bone
PD_03_PD_15,-7.484296626891762e-09,CS1,bone
PD_06_PD_08,0.00150704848052,CS1,bone
PD_06_PD_10,-0.5467360155282758,CS1,bone
PD_06_PD_14,-0.0088525119661178,CS1,bone
PD_07_PD_08,-0.0026721907614345,CS1,bone
PD_07_PD_10,-9.115326371489375e-08,CS1,bone
PD_08_PD_10,-0.4663629382032963,CS1,bone
PD_08_PD_12,0.0,CS1,bone
PD_08_PD_14,-0.0088525119661178,CS1,bone
PD_08_PD_15,-0.0002361128279857,CS1,bone
PD_10_PD_12,-6.102119920470273e-10,CS1,bone
PD_10_PD_13,5.351377674323032e-09,CS1,bone
PD_10_PD_15,-3.746896459766447e-09,CS1,bone
PD_01_PD_08,-0.0230189869710225,ES1,bone
PD_01_PD_10,-0.0007768035888977,ES1,bone
PD_06_PD_08,3.557761315553521e-07,ES1,bone
PD_06_PD_10,-0.5481717770355398,ES1,bone
PD_06_PD_14,-0.0182130313663538,ES1,bone
PD_07_PD_08,-3.665825598964112e-06,ES1,bone
PD_07_PD_10,-7.156053527523909e-12,ES1,bone
PD_08_PD_10,-0.0019354409230887,ES1,bone
PD_08_PD_12,-0.0018440356663932,ES1,bone
PD_08_PD_14,-0.0200570669871138,ES1,bone
PD_08_PD_15,-7.991558813591482e-07,ES1,bone
PD_10_PD_12,1.0158540675320182e-13,ES1,bone
PD_10_PD_13,5.828670879282073e-14,ES1,bone
PD_10_PD_15,-7.638334409421078e-14,ES1,bone
PD_01_PD_02,-0.0052770052003378,ES4,bone
PD_01_PD_03,-0.0108164541141103,ES4,bone
PD_01_PD_08,-0.037905652936795,ES4,bone
PD_01_PD_10,-0.0077984617238979,ES4,bone
PD_03_PD_05,-4.6587396829167467e-08,ES4,bone
PD_03_PD_06,-0.0811611762438822,ES4,bone
PD_03_PD_07,-1.293955165238003e-09,ES4,bone
PD_03_PD_08,-0.060403895190398,ES4,bone
PD_03_PD_09,-6.567809496260679e-08,ES4,bone
PD_03_PD_10,-2.1744289335767775e-07,ES4,bone
PD_03_PD_11,-2.174572717450474e-07,ES4,bone
PD_03_PD_12,-2.4797941478027496e-12,ES4,bone
PD_03_PD_15,-9.268064093959083e-11,ES4,bone
PD_06_PD_08,0.0521182781348723,ES4,bone
PD_06_PD_10,-0.4409322538057389,ES4,bone
PD_06_PD_14,-0.0488236530356228,ES4,bone
PD_07_PD_08,-0.0405369035426381,ES4,bone
PD_07_PD_10,-5.531101132660865e-10,ES4,bone
PD_08_PD_10,-0.2150019920321925,ES4,bone
PD_08_PD_12,-0.0204732737199465,ES4,bone
PD_08_PD_14,-0.0689504988415208,ES4,bone
PD_08_PD_15,-0.0019629661845314,ES4,bone
PD_10_PD_12,-2.553578459796313e-09,ES4,bone
PD_10_PD_13,1.4389378577561727e-11,ES4,bone
PD_10_PD_15,-1.2322032283407223e-11,ES4,bone
PD_01_PD_02,-0.0047742872282622,ES6,bone
PD_01_PD_03,-0.0094280435837277,ES6,bone
PD_01_PD_08,-0.0344020503382035,ES6,bone
PD_01_PD_10,-0.0101548231594438,ES6,bone
PD_03_PD_05,-3.7121689056007763e-09,ES6,bone
PD_03_PD_06,-0.022071764893557,ES6,bone
PD_03_PD_07,-7.658929046527874e-10,ES6,bone
PD_03_PD_08,-0.022158611615198,ES6,bone
PD_03_PD_09,-1.8593978545755618e-07,ES6,bone
PD_03_PD_10,-1.3005333221460802e-07,ES6,bone
PD_03_PD_11,-1.3006979304730493e-07,ES6,bone
PD_03_PD_12,-5.850875339774575e-14,ES6,bone
PD_03_PD_15,-3.584355035002318e-12,ES6,bone
PD_06_PD_08,0.0027946573874418,ES6,bone
PD_06_PD_10,-0.5003606278669349,ES6,bone
PD_06_PD_14,-0.0127096456048813,ES6,bone
PD_07_PD_08,-0.006187040998002,ES6,bone
PD_07_PD_10,-6.010786313126458e-10,ES6,bone
PD_08_PD_10,-0.2969752047454816,ES6,bone
PD_08_PD_12,-8.756618552219209e-05,ES6,bone
PD_08_PD_14,-0.0127972117904034,ES6,bone
PD_08_PD_15,-0.0003643379958457,ES6,bone
PD_10_PD_12,-4.9631524112747634e-08,ES6,bone
PD_10_PD_13,1.6462387009141818e-11,ES6,bone
PD_10_PD_15,-1.2853162978387898e-11,ES6,bone
PD_01_PD_02,-0.0495906309670255,ES7,bone
PD_01_PD_03,-0.0695680156499649,ES7,bone
PD_01_PD_08,-0.088611137979893,ES7,bone
PD_01_PD_10,-0.1491222589811837,ES7,bone
PD_03_PD_05,-0.0018548347412384,ES7,bone
PD_03_PD_06,-0.1496012325582703,ES7,bone
PD_03_PD_07,-0.0029970704937094,ES7,bone
PD_03_PD_08,-0.0321451500004945,ES7,bone
PD_03_PD_09,-0.0018196703048805,ES7,bone
PD_03_PD_10,-0.0157451942623093,ES7,bone
PD_03_PD_11,-0.021093888348778,ES7,bone
PD_03_PD_12,-0.0049663290381203,ES7,bone
PD_03_PD_15,-0.0001323332540561,ES7,bone
PD_06_PD_08,0.0011288710231687,ES7,bone
PD_06_PD_10,-0.4730376542493911,ES7,bone
PD_06_PD_14,-0.0745706308200431,ES7,bone
PD_07_PD_08,-0.004887486616891,ES7,bone
PD_07_PD_10,-0.0098832414357172,ES7,bone
PD_08_PD_10,-0.2619687516500792,ES7,bone
PD_08_PD_12,-0.0238282237365647,ES7,bone
PD_08_PD_14,-0.0983483492861846,ES7,bone
PD_08_PD_15,-0.0002973511086606,ES7,bone
PD_10_PD_12,-0.0029836891794536,ES7,bone
PD_10_PD_13,0.0054328500087439,ES7,bone
PD_10_PD_15,-0.0007609708093017,ES7,bone
PD_01_PD_02,-0.0052945988315455,ES8,bone
PD_01_PD_03,-0.0105623004172347,ES8,bone
PD_01_PD_08,-0.0378815729547853,ES8,bone
PD_01_PD_10,-0.0121315306387445,ES8,bone
PD_03_PD_05,-3.302299322882618e-09,ES8,bone
PD_03_PD_06,-0.0193847471697223,ES8,bone
PD_03_PD_07,-6.807955310605961e-10,ES8,bone
PD_03_PD_08,-0.0193866675700793,ES8,bone
PD_03_PD_09,-1.4918011270736997e-08,ES8,bone
PD_03_PD_10,-1.3010797494938944e-07,ES8,bone
PD_03_PD_11,-1.3012443578208632e-07,ES8,bone
PD_03_PD_12,-5.206945985491984e-14,ES8,bone
PD_03_PD_15,-3.1864511029766618e-12,ES8,bone
PD_06_PD_08,0.0027948956394823,ES8,bone
PD_06_PD_10,-0.5088684335681448,ES8,bone
PD_06_PD_14,-0.0110509979556659,ES8,bone
PD_07_PD_08,-0.0061870409330124,ES8,bone
PD_07_PD_10,-6.010767439335041e-10,ES8,bone
PD_08_PD_10,-0.3507788865429975,ES8,bone
PD_08_PD_12,-2.5599238068219066e-06,ES8,bone
PD_08_PD_14,-0.0110535578794728,ES8,bone
PD_08_PD_15,-0.0003643379958461,ES8,bone
PD_10_PD_12,-4.9645116684260415e-08,ES8,bone
PD_10_PD_13,1.6462387009141818e-11,ES8,bone
PD_10_PD_15,-1.2853385022992823e-11,ES8,bone
PD_01_PD_08,-0.0409376392556117,EW1,bone
PD_01_PD_10,-0.0009882523452185,EW1,bone
PD_06_PD_08,4.646534427221738e-07,EW1,bone
PD_06_PD_10,-0.5378673749989453,EW1,bone
PD_06_PD_14,-0.0364861049079964,EW1,bone
PD_07_PD_08,-3.785662755051433e-06,EW1,bone
PD_07_PD_10,-1.6611156894441592e-12,EW1,bone
PD_08_PD_10,-0.0025536466972803,EW1,bone
PD_08_PD_12,-0.0247552871230608,EW1,bone
PD_08_PD_14,-0.0612413920207962,EW1,bone
PD_08_PD_15,-1.115935126527745e-06,EW1,bone
PD_10_PD_12,-7.199019158576903e-12,EW1,bone
PD_10_PD_13,3.552713678800501e-15,EW1,bone
PD_10_PD_15,-3.774758283725532e-15,EW1,bone
PD_01_PD_02,-0.0047742872282622,EW11,bone
PD_01_PD_03,-0.0094280435837277,EW11,bone
PD_01_PD_08,-0.0344020503382035,EW11,bone
PD_01_PD_10,-0.0101548231594438,EW11,bone
PD_03_PD_05,-3.7121689056007763e-09,EW11,bone
PD_03_PD_06,-0.022071764893557,EW11,bone
PD_03_PD_07,-7.658929046527874e-10,EW11,bone
PD_03_PD_08,-0.022158611615198,EW11,bone
PD_03_PD_09,-1.8593978545755618e-07,EW11,bone
PD_03_PD_10,-1.3005333221460802e-07,EW11,bone
PD_03_PD_11,-1.3006979304730493e-07,EW11,bone
PD_03_PD_12,-5.850875339774575e-14,EW11,bone
PD_03_PD_15,-3.584355035002318e-12,EW11,bone
PD_06_PD_08,0.0027946573874418,EW11,bone
PD_06_PD_10,-0.5003606278669349,EW11,bone
PD_06_PD_14,-0.0127096456048813,EW11,bone
PD_07_PD_08,-0.006187040998002,EW11,bone
PD_07_PD_10,-6.010786313126458e-10,EW11,bone
PD_08_PD_10,-0.2969752047454816,EW11,bone
PD_08_PD_12,-8.756618552219209e-05,EW11,bone
PD_08_PD_14,-0.0127972117904034,EW11,bone
PD_08_PD_15,-0.0003643379958457,EW11,bone
PD_10_PD_12,-4.9631524112747634e-08,EW11,bone
PD_10_PD_13,1.6462387009141818e-11,EW11,bone
PD_10_PD_15,-1.2853162978387898e-11,EW11,bone
PD_01_PD_08,-0.0498512922094895,EW13,bone
PD_01_PD_10,-0.0022227022422433,EW13,bone
PD_06_PD_08,1.4080706872698912e-06,EW13,bone
PD_06_PD_10,-0.4402823079537144,EW13,bone
PD_06_PD_14,-0.0392970820510766,EW13,bone
PD_07_PD_08,-3.802570922517568e-05,EW13,bone
PD_07_PD_10,-1.2856826714369164e-11,EW13,bone
PD_08_PD_10,-0.0046115301380522,EW13,bone
PD_08_PD_12,-0.1063676399285015,EW13,bone
PD_08_PD_14,-0.1456235971501329,EW13,bone
PD_08_PD_15,-3.0968489012073164e-06,EW13,bone
PD_10_PD_12,-7.888134589961737e-12,EW13,bone
PD_10_PD_13,7.438494264988549e-15,EW13,bone
PD_10_PD_15,-6.772360450213455e-15,EW13,bone
PD_01_PD_02,-0.0002201507571135,EW16,bone
PD_01_PD_03,-0.000867319321625,EW16,bone
PD_01_PD_08,-0.0132162468196767,EW16,bone
PD_01_PD_10,-0.0011707636709782,EW16,bone
PD_03_PD_05,-3.3747302952136244e-08,EW16,bone
PD_03_PD_06,-0.0012343546920215,EW16,bone
PD_03_PD_07,-3.611615340126661e-09,EW16,bone
PD_03_PD_08,-0.0013154590738689,EW16,bone
PD_03_PD_09,-5.209743068945727e-06,EW16,bone
PD_03_PD_10,-4.620490670070865e-07,EW16,bone
PD_03_PD_11,-4.620632562124527e-07,EW16,bone
PD_03_PD_12,-2.220446049250313e-16,EW16,bone
PD_03_PD_15,-6.798772655969286e-11,EW16,bone
PD_06_PD_08,5.944834491344864e-08,EW16,bone
PD_06_PD_10,-0.5116160680441351,EW16,bone
PD_06_PD_14,-0.0039957249811315,EW16,bone
PD_07_PD_08,-1.1553692378374336e-06,EW16,bone
PD_07_PD_10,-6.704187205386346e-10,EW16,bone
PD_08_PD_10,-0.0675935697951697,EW16,bone
PD_08_PD_12,-0.0001336535055094,EW16,bone
PD_08_PD_14,-0.0041293784866286,EW16,bone
PD_08_PD_15,-5.362108468354165e-08,EW16,bone
PD_10_PD_12,-2.4586604430165693e-07,EW16,bone
PD_10_PD_13,1.4190648656153826e-11,EW16,bone
PD_10_PD_15,-1.4712675522332574e-11,EW16,bone
PD_01_PD_08,-0.0210966560100416,EW18,bone
PD_01_PD_10,-0.0012453341441254,EW18,bone
PD_06_PD_08,3.9320325662117745e-08,EW18,bone
PD_06_PD_10,-0.5474541186697784,EW18,bone
PD_06_PD_14,-0.0206477544932287,EW18,bone
PD_07_PD_08,-1.832519269329147e-06,EW18,bone
PD_07_PD_10,-1.3012146915514222e-11,EW18,bone
PD_08_PD_10,-0.0016358275738594,EW18,bone
PD_08_PD_12,-0.0025870093007903,EW18,bone
PD_08_PD_14,-0.0232347637910834,EW18,bone
PD_08_PD_15,-1.2943461391579092e-07,EW18,bone
PD_10_PD_12,1.9562129693895258e-13,EW18,bone
PD_10_PD_13,1.9539925233402758e-13,EW18,bone
PD_10_PD_15,-2.383648833870211e-13,EW18,bone
PD_01_PD_02,-0.0042197626085886,EW22,bone
PD_01_PD_03,-0.0086878862227768,EW22,bone
PD_01_PD_08,-0.0374601940025105,EW22,bone
PD_01_PD_10,-0.0098364108917604,EW22,bone
PD_03_PD_05,-6.768175242477524e-09,EW22,bone
PD_03_PD_06,-0.022957521377409,EW22,bone
PD_03_PD_07,-1.9366147574473302e-09,EW22,bone
PD_03_PD_08,-0.0230799829848694,EW22,bone
PD_03_PD_09,-3.55580345390294e-07,EW22,bone
PD_03_PD_10,-2.250390258584645e-07,EW22,bone
PD_03_PD_11,-2.250850903440238e-07,EW22,bone
PD_03_PD_12,-2.3003821070233244e-13,EW22,bone
PD_03_PD_15,-8.475775636895833e-12,EW22,bone
PD_06_PD_08,0.003296686295042,EW22,bone
PD_06_PD_10,-0.5080823613010655,EW22,bone
PD_06_PD_14,-0.0136966256856706,EW22,bone
PD_07_PD_08,-0.0066378265274648,EW22,bone
PD_07_PD_10,-1.5203118763906787e-09,EW22,bone
PD_08_PD_10,-0.2989615155606342,EW22,bone
PD_08_PD_12,-0.0001237476126986,EW22,bone
PD_08_PD_14,-0.0138203732983692,EW22,bone
PD_08_PD_15,-0.0004057215935638,EW22,bone
PD_10_PD_12,-1.010296346581896e-07,EW22,bone
PD_10_PD_13,4.606870440682087e-11,EW22,bone
PD_10_PD_15,-3.3994140835602587e-11,EW22,bone
PD_01_PD_02,-0.0730802851194445,EW24,bone
PD_01_PD_03,-0.1050734495664122,EW24,bone
PD_01_PD_08,-0.1564679351799521,EW24,bone
PD_01_PD_10,-0.1203299839681889,EW24,bone
PD_03_PD_05,-0.0061752971239784,EW24,bone
PD_03_PD_06,-0.1173610482222828,EW24,bone
PD_03_PD_07,-0.0022591628118397,EW24,bone
PD_03_PD_08,-0.0836740949907391,EW24,bone
PD_03_PD_09,-0.0072437954698312,EW24,bone
PD_03_PD_10,-0.0121370195580473,EW24,bone
PD_03_PD_11,-0.0131903838359784,EW24,bone
PD_03_PD_12,-0.0009337982660855,EW24,bone
PD_03_PD_15,-0.0003127590379554,EW24,bone
PD_06_PD_08,0.00827482825008,EW24,bone
PD_06_PD_10,-0.4037357817319463,EW24,bone
PD_06_PD_14,-0.0695266564978535,EW24,bone
PD_07_PD_08,-0.0076366546072232,EW24,bone
PD_07_PD_10,-0.0017935598021854,EW24,bone
PD_08_PD_10,-0.3382753330177018,EW24,bone
PD_08_PD_12,-0.0874169910255293,EW24,bone
PD_08_PD_14,-0.1567605112153233,EW24,bone
PD_08_PD_15,-0.0017522188328293,EW24,bone
PD_10_PD_12,-0.0012985938820423,EW24,bone
PD_10_PD_13,0.0012365429887641,EW24,bone
PD_10_PD_15,-0.0002416390641248,EW24,bone
PD_01_PD_02,-0.0043804772218585,EW3,bone
PD_01_PD_03,-0.0086211698836304,EW3,bone
PD_01_PD_08,-0.166977817255124,EW3,bone
PD_01_PD_10,-0.0100898667803156,EW3,bone
PD_03_PD_05,-2.4162150724649223e-08,EW3,bone
PD_03_PD_06,-0.1379518604150225,EW3,bone
PD_03_PD_07,-2.833953072212125e-09,EW3,bone
PD_03_PD_08,-0.1379518604150225,EW3,bone
PD_03_PD_09,-0.0976144754336758,EW3,bone
PD_03_PD_10,-5.199651611498268e-07,EW3,bone
PD_03_PD_11,-5.201602397697513e-07,EW3,bone
PD_03_PD_12,0.0,EW3,bone
PD_03_PD_15,-3.432854001061969e-11,EW3,bone
PD_06_PD_08,0.0799695421121334,EW3,bone
PD_06_PD_10,-0.4832001274653994,EW3,bone
PD_06_PD_14,-0.1092306750542907,EW3,bone
PD_07_PD_08,-0.0752708170926964,EW3,bone
PD_07_PD_10,-3.44630468607221e-09,EW3,bone
PD_08_PD_10,-0.3985026670671669,EW3,bone
PD_08_PD_12,0.0,EW3,bone
PD_08_PD_14,-0.1092306750542907,EW3,bone
PD_08_PD_15,-0.0098841814937482,EW3,bone
PD_10_PD_12,-2.4723189384623367e-08,EW3,bone
PD_10_PD_13,1.9508095139286752e-10,EW3,bone
PD_10_PD_15,-1.0535183836424268e-10,EW3,bone
PD_01_PD_02,-0.0073471789260849,EW7,bone
PD_01_PD_03,-0.0145438975132888,EW7,bone
PD_01_PD_08,-0.0454334602829393,EW7,bone
PD_01_PD_10,-0.0152005300521916,EW7,bone
PD_03_PD_05,-5.552155069032949e-09,EW7,bone
PD_03_PD_06,-0.0205400331664492,EW7,bone
PD_03_PD_07,-1.3283318889278914e-10,EW7,bone
PD_03_PD_08,-0.020543875706945,EW7,bone
PD_03_PD_09,-4.091136440731447e-08,EW7,bone
PD_03_PD_10,-3.756724039627457e-07,EW7,bone
PD_03_PD_11,-3.756977052793431e-07,EW7,bone
PD_03_PD_12,-3.6970426720017713e-13,EW7,bone
PD_03_PD_15,-6.9046990347487736e-12,EW7,bone
PD_06_PD_08,0.0035401526382862,EW7,bone
PD_06_PD_10,-0.4949105390457723,EW7,bone
PD_06_PD_14,-0.011991911811967,EW7,bone
PD_07_PD_08,-0.006833225746063,EW7,bone
PD_07_PD_10,-5.712493811316222e-10,EW7,bone
PD_08_PD_10,-0.3579994932880459,EW7,bone
PD_08_PD_12,-5.311820639453124e-06,EW7,bone
PD_08_PD_14,-0.0119972236326064,EW7,bone
PD_08_PD_15,-0.0004244652238361,EW7,bone
PD_10_PD_12,-9.682390444964992e-10,EW7,bone
PD_10_PD_13,2.5308422024750143e-11,EW7,bone
PD_10_PD_15,-2.2545187938760588e-11,EW7,bone
PD_01_PD_02,-0.0057848004657595,G292CLONEA141B1,bone
PD_01_PD_03,-0.011054396349348,G292CLONEA141B1,bone
PD_01_PD_08,-0.1675956817506644,G292CLONEA141B1,bone
PD_01_PD_10,-0.011883848120045,G292CLONEA141B1,bone
PD_03_PD_05,-3.1296354174870096e-08,G292CLONEA141B1,bone
PD_03_PD_06,-0.1416891621450087,G292CLONEA141B1,bone
PD_03_PD_07,-3.823837468885927e-09,G292CLONEA141B1,bone
PD_03_PD_08,-0.159133049041961,G292CLONEA141B1,bone
PD_03_PD_09,-4.4322119752138185e-08,G292CLONEA141B1,bone
PD_03_PD_10,-7.474431663601067e-07,G292CLONEA141B1,bone
PD_03_PD_11,-7.477537871114492e-07,G292CLONEA141B1,bone
PD_03_PD_12,0.0,G292CLONEA141B1,bone
PD_03_PD_15,-4.9647619349002525e-11,G292CLONEA141B1,bone
PD_06_PD_08,0.0507070545804132,G292CLONEA141B1,bone
PD_06_PD_10,-0.4871098483480751,G292CLONEA141B1,bone
PD_06_PD_14,-0.1005497053763601,G292CLONEA141B1,bone
PD_07_PD_08,-0.0497602412827716,G292CLONEA141B1,bone
PD_07_PD_10,-5.098480748699785e-09,G292CLONEA141B1,bone
PD_08_PD_10,-0.3517810154503146,G292CLONEA141B1,bone
PD_08_PD_12,-0.0174438868980185,G292CLONEA141B1,bone
PD_08_PD_14,-0.1179935922743423,G292CLONEA141B1,bone
PD_08_PD_15,-0.0040775928728249,G292CLONEA141B1,bone
PD_10_PD_12,-3.6017171467506166e-08,G292CLONEA141B1,bone
PD_10_PD_13,3.1062330485553957e-10,G292CLONEA141B1,bone
PD_10_PD_15,-1.6339085640026951e-10,G292CLONEA141B1,bone
PD_01_PD_02,-0.0043804772218585,HEMCSS,bone
PD_01_PD_03,-0.0086211698836304,HEMCSS,bone
PD_01_PD_08,-0.166977817255124,HEMCSS,bone
PD_01_PD_10,-0.0100898667803156,HEMCSS,bone
PD_03_PD_05,-2.4162150724649223e-08,HEMCSS,bone
PD_03_PD_06,-0.1379518604150225,HEMCSS,bone
PD_03_PD_07,-2.833953072212125e-09,HEMCSS,bone
PD_03_PD_08,-0.1379518604150225,HEMCSS,bone
PD_03_PD_09,-0.0976144754336758,HEMCSS,bone
PD_03_PD_10,-5.199651611498268e-07,HEMCSS,bone
PD_03_PD_11,-5.201602397697513e-07,HEMCSS,bone
PD_03_PD_12,0.0,HEMCSS,bone
PD_03_PD_15,-3.432854001061969e-11,HEMCSS,bone
PD_06_PD_08,0.0799695421121334,HEMCSS,bone
PD_06_PD_10,-0.4832001274653994,HEMCSS,bone
PD_06_PD_14,-0.1092306750542907,HEMCSS,bone
PD_07_PD_08,-0.0752708170926964,HEMCSS,bone
PD_07_PD_10,-3.44630468607221e-09,HEMCSS,bone
PD_08_PD_10,-0.3985026670671669,HEMCSS,bone
PD_08_PD_12,0.0,HEMCSS,bone
PD_08_PD_14,-0.1092306750542907,HEMCSS,bone
PD_08_PD_15,-0.0098841814937482,HEMCSS,bone
PD_10_PD_12,-2.4723189384623367e-08,HEMCSS,bone
PD_10_PD_13,1.9508095139286752e-10,HEMCSS,bone
PD_10_PD_15,-1.0535183836424268e-10,HEMCSS,bone
PD_01_PD_08,-0.0184062368999827,HOS,bone
PD_01_PD_10,-0.0010289410837523,HOS,bone
PD_06_PD_08,2.8272377883276082e-08,HOS,bone
PD_06_PD_10,-0.5172269990775398,HOS,bone
PD_06_PD_14,-0.0158872320798261,HOS,bone
PD_07_PD_08,-2.2383143853943466e-06,HOS,bone
PD_07_PD_10,-9.132028466751764e-12,HOS,bone
PD_08_PD_10,-0.0019842256256817,HOS,bone
PD_08_PD_12,-0.0011965707130989,HOS,bone
PD_08_PD_14,-0.0170838027921064,HOS,bone
PD_08_PD_15,-9.982626947291352e-08,HOS,bone
PD_10_PD_12,1.1868284133242926e-13,HOS,bone
PD_10_PD_13,1.1868284133242926e-13,HOS,bone
PD_10_PD_15,-1.4888090760223352e-13,HOS,bone
PD_01_PD_08,-0.0155055179970465,HUO3N1,bone
PD_01_PD_10,-0.0007334937255712,HUO3N1,bone
PD_06_PD_08,2.5538912318268103e-08,HUO3N1,bone
PD_06_PD_10,-0.5160977961555602,HUO3N1,bone
PD_06_PD_14,-0.0119585212927644,HUO3N1,bone
PD_07_PD_08,-1.4070672413879493e-06,HUO3N1,bone
PD_07_PD_10,-2.8814728381121317e-12,HUO3N1,bone
PD_08_PD_10,-0.0015623001393411,HUO3N1,bone
PD_08_PD_12,-0.0006341634482329,HUO3N1,bone
PD_08_PD_14,-0.0125926847406496,HUO3N1,bone
PD_08_PD_15,-9.173091575220839e-08,HUO3N1,bone
PD_10_PD_12,3.0198066269804264e-14,HUO3N1,bone
PD_10_PD_13,3.0198066269804264e-14,HUO3N1,bone
PD_10_PD_15,-4.052314039881821e-14,HUO3N1,bone
PD_01_PD_02,-0.0641326774082408,HUO9,bone
PD_01_PD_03,-0.1011987568644577,HUO9,bone
PD_01_PD_08,-0.1960791165404353,HUO9,bone
PD_01_PD_10,-0.1099369503154402,HUO9,bone
PD_03_PD_05,-0.0076814189704234,HUO9,bone
PD_03_PD_06,0.0875344290358531,HUO9,bone
PD_03_PD_07,-0.002066995632281,HUO9,bone
PD_03_PD_08,-0.2418131601181374,HUO9,bone
PD_03_PD_09,-0.0187626305978236,HUO9,bone
PD_03_PD_10,-0.0015912081559494,HUO9,bone
PD_03_PD_11,-0.0017531886889127,HUO9,bone
PD_03_PD_12,5.3219370982127145e-05,HUO9,bone
PD_03_PD_15,-0.0007880492933098,HUO9,bone
PD_06_PD_08,0.0230220980810013,HUO9,bone
PD_06_PD_10,-0.1282305512505344,HUO9,bone
PD_06_PD_14,-0.0444064063352153,HUO9,bone
PD_07_PD_08,-0.0105041573635711,HUO9,bone
PD_07_PD_10,-0.0002727645130989,HUO9,bone
PD_08_PD_10,-0.1297573390342047,HUO9,bone
PD_08_PD_12,-0.3297846762734713,HUO9,bone
PD_08_PD_14,-0.3735166102417518,HUO9,bone
PD_08_PD_15,-0.0074829182805939,HUO9,bone
PD_10_PD_12,-0.0032147187265993,HUO9,bone
PD_10_PD_13,0.0001868942779829,HUO9,bone
PD_10_PD_15,-0.0001030525517076,HUO9,bone
PD_01_PD_08,-0.0231767741984474,MG63,bone
PD_01_PD_10,-0.0004054217993313,MG63,bone
PD_06_PD_08,8.445937038636941e-08,MG63,bone
PD_06_PD_10,-0.406401755307906,MG63,bone
PD_06_PD_14,-0.078676515855091,MG63,bone
PD_07_PD_08,-1.3563008977035551e-06,MG63,bone
PD_07_PD_10,-4.764422190106643e-11,MG63,bone
PD_08_PD_10,-0.0015030919494223,MG63,bone
PD_08_PD_12,-0.1609058326493019,MG63,bone
PD_08_PD_14,-0.2395823482854292,MG63,bone
PD_08_PD_15,-2.1261256666349482e-07,MG63,bone
PD_10_PD_12,-1.5233589945040647e-09,MG63,bone
PD_10_PD_13,4.085620730620576e-13,MG63,bone
PD_10_PD_15,-4.3676173788753663e-13,MG63,bone
PD_01_PD_02,-0.0043804772218585,MHHES1,bone
PD_01_PD_03,-0.0086211698836304,MHHES1,bone
PD_01_PD_08,-0.166977817255124,MHHES1,bone
PD_01_PD_10,-0.0100898667803156,MHHES1,bone
PD_03_PD_05,-2.4162150724649223e-08,MHHES1,bone
PD_03_PD_06,-0.1379518604150225,MHHES1,bone
PD_03_PD_07,-2.833953072212125e-09,MHHES1,bone
PD_03_PD_08,-0.1379518604150225,MHHES1,bone
PD_03_PD_09,-0.0976144754336758,MHHES1,bone
PD_03_PD_10,-5.199651611498268e-07,MHHES1,bone
PD_03_PD_11,-5.201602397697513e-07,MHHES1,bone
PD_03_PD_12,0.0,MHHES1,bone
PD_03_PD_15,-3.432854001061969e-11,MHHES1,bone
PD_06_PD_08,0.0799695421121334,MHHES1,bone
PD_06_PD_10,-0.4832001274653994,MHHES1,bone
PD_06_PD_14,-0.1092306750542907,MHHES1,bone
PD_07_PD_08,-0.0752708170926964,MHHES1,bone
PD_07_PD_10,-3.44630468607221e-09,MHHES1,bone
PD_08_PD_10,-0.3985026670671669,MHHES1,bone
PD_08_PD_12,0.0,MHHES1,bone
PD_08_PD_14,-0.1092306750542907,MHHES1,bone
PD_08_PD_15,-0.0098841814937482,MHHES1,bone
PD_10_PD_12,-2.4723189384623367e-08,MHHES1,bone
PD_10_PD_13,1.9508095139286752e-10,MHHES1,bone
PD_10_PD_15,-1.0535183836424268e-10,MHHES1,bone
PD_01_PD_02,-0.0002201507571135,NOS1,bone
PD_01_PD_03,-0.000867319321625,NOS1,bone
PD_01_PD_08,-0.0132162468196767,NOS1,bone
PD_01_PD_10,-0.0011707636709782,NOS1,bone
PD_03_PD_05,-3.3747302952136244e-08,NOS1,bone
PD_03_PD_06,-0.0012343546920215,NOS1,bone
PD_03_PD_07,-3.611615340126661e-09,NOS1,bone
PD_03_PD_08,-0.0013154590738689,NOS1,bone
PD_03_PD_09,-5.209743068945727e-06,NOS1,bone
PD_03_PD_10,-4.620490670070865e-07,NOS1,bone
PD_03_PD_11,-4.620632562124527e-07,NOS1,bone
PD_03_PD_12,-2.220446049250313e-16,NOS1,bone
PD_03_PD_15,-6.798772655969286e-11,NOS1,bone
PD_06_PD_08,5.944834491344864e-08,NOS1,bone
PD_06_PD_10,-0.5116160680441351,NOS1,bone
PD_06_PD_14,-0.0039957249811315,NOS1,bone
PD_07_PD_08,-1.1553692378374336e-06,NOS1,bone
PD_07_PD_10,-6.704187205386346e-10,NOS1,bone
PD_08_PD_10,-0.0675935697951697,NOS1,bone
PD_08_PD_12,-0.0001336535055094,NOS1,bone
PD_08_PD_14,-0.0041293784866286,NOS1,bone
PD_08_PD_15,-5.362108468354165e-08,NOS1,bone
PD_10_PD_12,-2.4586604430165693e-07,NOS1,bone
PD_10_PD_13,1.4190648656153826e-11,NOS1,bone
PD_10_PD_15,-1.4712675522332574e-11,NOS1,bone
PD_01_PD_02,-0.0151339268880775,NY,bone
PD_01_PD_03,-0.0249328137612135,NY,bone
PD_01_PD_08,-0.02686725317682,NY,bone
PD_01_PD_10,-0.0184299223288991,NY,bone
PD_03_PD_05,-1.3226767459073583e-09,NY,bone
PD_03_PD_06,-0.1389024720127616,NY,bone
PD_03_PD_07,-1.2931322679321509e-11,NY,bone
PD_03_PD_08,-0.1389024720127616,NY,bone
PD_03_PD_09,-1.3226767459073583e-09,NY,bone
PD_03_PD_10,-2.081777390472439e-07,NY,bone
PD_03_PD_11,-2.0822441137990921e-07,NY,bone
PD_03_PD_12,0.0,NY,bone
PD_03_PD_15,-6.806777363976836e-13,NY,bone
PD_06_PD_08,0.1674421481147013,NY,bone
PD_06_PD_10,-0.3488953035870707,NY,bone
PD_06_PD_14,-0.0991069919756685,NY,bone
PD_07_PD_08,-0.1534471324483072,NY,bone
PD_07_PD_10,-2.3382751290768056e-10,NY,bone
PD_08_PD_10,-0.2822284257853032,NY,bone
PD_08_PD_12,0.0,NY,bone
PD_08_PD_14,-0.0991069919756685,NY,bone
PD_08_PD_15,-0.0056812402337734,NY,bone
PD_10_PD_12,-8.074877644315137e-08,NY,bone
PD_10_PD_13,4.591593771863245e-11,NY,bone
PD_10_PD_15,-2.7740476582494008e-11,NY,bone
PD_01_PD_02,-0.1071630818932743,RH1,bone
PD_01_PD_03,-0.139161074128277,RH1,bone
PD_01_PD_08,-0.1571881093843281,RH1,bone
PD_01_PD_10,-0.1110832939947307,RH1,bone
PD_03_PD_05,-0.0102907014950727,RH1,bone
PD_03_PD_06,-0.065837155814201,RH1,bone
PD_03_PD_07,-0.0043058361440888,RH1,bone
PD_03_PD_08,-0.1208310960316322,RH1,bone
PD_03_PD_09,-0.0204864727776475,RH1,bone
PD_03_PD_10,-0.0078497246624987,RH1,bone
PD_03_PD_11,-0.0089634038999625,RH1,bone
PD_03_PD_12,1.679948887756133e-05,RH1,bone
PD_03_PD_15,-0.0015526846767005,RH1,bone
PD_06_PD_08,0.0080379687177724,RH1,bone
PD_06_PD_10,-0.4187510542703044,RH1,bone
PD_06_PD_14,-0.0888574662682336,RH1,bone
PD_07_PD_08,-0.0094969159003558,RH1,bone
PD_07_PD_10,-0.0017266803535496,RH1,bone
PD_08_PD_10,-0.1482295175115218,RH1,bone
PD_08_PD_12,-0.0551417518863839,RH1,bone
PD_08_PD_14,-0.1438875445484585,RH1,bone
PD_08_PD_15,-0.0051087517870935,RH1,bone
PD_10_PD_12,-0.0019588661833607,RH1,bone
PD_10_PD_13,0.0012590355614093,RH1,bone
PD_10_PD_15,-0.0004593231469458,RH1,bone
PD_01_PD_08,-0.0184062368999827,SAOS2,bone
PD_01_PD_10,-0.0010289410837523,SAOS2,bone
PD_06_PD_08,2.8272377883276082e-08,SAOS2,bone
PD_06_PD_10,-0.5172269990775398,SAOS2,bone
PD_06_PD_14,-0.0158872320798261,SAOS2,bone
PD_07_PD_08,-2.2383143853943466e-06,SAOS2,bone
PD_07_PD_10,-9.132028466751764e-12,SAOS2,bone
PD_08_PD_10,-0.0019842256256817,SAOS2,bone
PD_08_PD_12,-0.0011965707130989,SAOS2,bone
PD_08_PD_14,-0.0170838027921064,SAOS2,bone
PD_08_PD_15,-9.982626947291352e-08,SAOS2,bone
PD_10_PD_12,1.1868284133242926e-13,SAOS2,bone
PD_10_PD_13,1.1868284133242926e-13,SAOS2,bone
PD_10_PD_15,-1.4888090760223352e-13,SAOS2,bone
PD_01_PD_08,-0.0234370418346916,SJSA1,bone
PD_01_PD_10,-0.0020184006432095,SJSA1,bone
PD_06_PD_08,2.277083159807347e-07,SJSA1,bone
PD_06_PD_10,-0.4957815508685729,SJSA1,bone
PD_06_PD_14,-0.0144825471365068,SJSA1,bone
PD_07_PD_08,-5.901304046429523e-06,SJSA1,bone
PD_07_PD_10,-2.5072055542807448e-11,SJSA1,bone
PD_08_PD_10,-0.0028659049247842,SJSA1,bone
PD_08_PD_12,-0.0008999687246535,SJSA1,bone
PD_08_PD_14,-0.015382515853635,SJSA1,bone
PD_08_PD_15,-5.865967126483795e-07,SJSA1,bone
PD_10_PD_12,3.8213876507597893e-13,SJSA1,bone
PD_10_PD_13,3.7569947153315297e-13,SJSA1,bone
PD_10_PD_15,-4.64184246595778e-13,SJSA1,bone
PD_01_PD_02,-0.0047742872282622,SKES1,bone
PD_01_PD_03,-0.0094280435837277,SKES1,bone
PD_01_PD_08,-0.0344020503382035,SKES1,bone
PD_01_PD_10,-0.0101548231594438,SKES1,bone
PD_03_PD_05,-3.7121689056007763e-09,SKES1,bone
PD_03_PD_06,-0.022071764893557,SKES1,bone
PD_03_PD_07,-7.658929046527874e-10,SKES1,bone
PD_03_PD_08,-0.022158611615198,SKES1,bone
PD_03_PD_09,-1.8593978545755618e-07,SKES1,bone
PD_03_PD_10,-1.3005333221460802e-07,SKES1,bone
PD_03_PD_11,-1.3006979304730493e-07,SKES1,bone
PD_03_PD_12,-5.850875339774575e-14,SKES1,bone
PD_03_PD_15,-3.584355035002318e-12,SKES1,bone
PD_06_PD_08,0.0027946573874418,SKES1,bone
PD_06_PD_10,-0.5003606278669349,SKES1,bone
PD_06_PD_14,-0.0127096456048813,SKES1,bone
PD_07_PD_08,-0.006187040998002,SKES1,bone
PD_07_PD_10,-6.010786313126458e-10,SKES1,bone
PD_08_PD_10,-0.2969752047454816,SKES1,bone
PD_08_PD_12,-8.756618552219209e-05,SKES1,bone
PD_08_PD_14,-0.0127972117904034,SKES1,bone
PD_08_PD_15,-0.0003643379958457,SKES1,bone
PD_10_PD_12,-4.9631524112747634e-08,SKES1,bone
PD_10_PD_13,1.6462387009141818e-11,SKES1,bone
PD_10_PD_15,-1.2853162978387898e-11,SKES1,bone
PD_01_PD_08,-0.0184062368999827,TC71,bone
PD_01_PD_10,-0.0010289410837523,TC71,bone
PD_06_PD_08,2.8272377883276082e-08,TC71,bone
PD_06_PD_10,-0.5172269990775398,TC71,bone
PD_06_PD_14,-0.0158872320798261,TC71,bone
PD_07_PD_08,-2.2383143853943466e-06,TC71,bone
PD_07_PD_10,-9.132028466751764e-12,TC71,bone
PD_08_PD_10,-0.0019842256256817,TC71,bone
PD_08_PD_12,-0.0011965707130989,TC71,bone
PD_08_PD_14,-0.0170838027921064,TC71,bone
PD_08_PD_15,-9.982626947291352e-08,TC71,bone
PD_10_PD_12,1.1868284133242926e-13,TC71,bone
PD_10_PD_13,1.1868284133242926e-13,TC71,bone
PD_10_PD_15,-1.4888090760223352e-13,TC71,bone
PD_01_PD_08,-0.19634881723992,U2OS,bone
PD_01_PD_10,-0.0639112001997931,U2OS,bone
PD_06_PD_08,0.0074122767370244,U2OS,bone
PD_06_PD_10,-0.1023755038522625,U2OS,bone
PD_06_PD_14,-0.0366452816494967,U2OS,bone
PD_07_PD_08,-0.0122436304522707,U2OS,bone
PD_07_PD_10,-0.0005229341490077,U2OS,bone
PD_08_PD_10,-0.1236748967978532,U2OS,bone
PD_08_PD_12,-0.4038471248270504,U2OS,bone
PD_08_PD_14,-0.4391199152946129,U2OS,bone
PD_08_PD_15,-0.0047501099972384,U2OS,bone
PD_10_PD_12,-0.0019664873131547,U2OS,bone
PD_10_PD_13,0.0002372921110227,U2OS,bone
PD_10_PD_15,-5.151755635812716e-05,U2OS,bone
PD_01_PD_08,-0.0456011943890405,AU565,breast
PD_01_PD_10,-0.0029725530262945,AU565,breast
PD_06_PD_08,1.1046531467329147e-07,AU565,breast
PD_06_PD_10,-0.531235052598902,AU565,breast
PD_06_PD_14,-0.0191610976745071,AU565,breast
PD_07_PD_08,-5.390870548516169e-06,AU565,breast
PD_07_PD_10,-6.229805560309387e-11,AU565,breast
PD_08_PD_10,-0.0027320443100378,AU565,breast
PD_08_PD_12,-0.0014222428716895,AU565,breast
PD_08_PD_14,-0.0205833405432036,AU565,breast
PD_08_PD_15,-3.152071116341304e-07,AU565,breast
PD_10_PD_12,1.273536831547517e-12,AU565,breast
PD_10_PD_13,1.273314786942592e-12,AU565,breast
PD_10_PD_15,-1.3349321648092882e-12,AU565,breast
PD_01_PD_08,-0.045122018233132,BT20,breast
PD_01_PD_10,-0.0021298702028988,BT20,breast
PD_06_PD_08,7.162259784143643e-07,BT20,breast
PD_06_PD_10,-0.5038039516100672,BT20,breast
PD_06_PD_14,-0.0273833799458043,BT20,breast
PD_07_PD_08,-2.129805180905997e-05,BT20,breast
PD_07_PD_10,-8.988254585062805e-12,BT20,breast
PD_08_PD_10,-0.0033099065747105,BT20,breast
PD_08_PD_12,-0.0358769743925414,BT20,breast
PD_08_PD_14,-0.0632384972381495,BT20,breast
PD_08_PD_15,-1.6498165986700286e-06,BT20,breast
PD_10_PD_12,-8.835931986084233e-12,BT20,breast
PD_10_PD_13,4.6629367034256575e-15,BT20,breast
PD_10_PD_15,-4.773959005888173e-15,BT20,breast
PD_01_PD_02,-0.0733469174867592,BT474,breast
PD_01_PD_03,-0.1339138253267854,BT474,breast
PD_01_PD_08,-0.1585531906908336,BT474,breast
PD_01_PD_10,-0.1390778446887828,BT474,breast
PD_03_PD_05,-0.0086308728627703,BT474,breast
PD_03_PD_06,-0.1434120275450687,BT474,breast
PD_03_PD_07,-0.0030911760094752,BT474,breast
PD_03_PD_08,-0.1022770727299842,BT474,breast
PD_03_PD_09,-0.0085652964519058,BT474,breast
PD_03_PD_10,-0.0221450737943622,BT474,breast
PD_03_PD_11,-0.0240409661231416,BT474,breast
PD_03_PD_12,-0.0014855709189962,BT474,breast
PD_03_PD_15,-0.0004685464076071,BT474,breast
PD_06_PD_08,0.0088585501087037,BT474,breast
PD_06_PD_10,-0.4487002651575547,BT474,breast
PD_06_PD_14,-0.0555059763580199,BT474,breast
PD_07_PD_08,-0.0077353965333469,BT474,breast
PD_07_PD_10,-0.0029757002617177,BT474,breast
PD_08_PD_10,-0.3854991076943583,BT474,breast
PD_08_PD_12,-0.0445084628911081,BT474,breast
PD_08_PD_14,-0.0998684465398342,BT474,breast
PD_08_PD_15,-0.0011196150667815,BT474,breast
PD_10_PD_12,-0.0015766204125992,BT474,breast
PD_10_PD_13,0.0021407744100575,BT474,breast
PD_10_PD_15,-0.0003403036125746,BT474,breast
PD_01_PD_02,-0.0031239737775536,BT483,breast
PD_01_PD_03,-0.0063600116432906,BT483,breast
PD_01_PD_08,-0.0131285472253801,BT483,breast
PD_01_PD_10,-0.0084465783724615,BT483,breast
PD_03_PD_05,-4.8386739059935735e-11,BT483,breast
PD_03_PD_06,-0.0377604872356091,BT483,breast
PD_03_PD_07,-5.579869899463574e-12,BT483,breast
PD_03_PD_08,-2.9577550033632605e-06,BT483,breast
PD_03_PD_09,-4.8386739059935735e-11,BT483,breast
PD_03_PD_10,-7.791164124970608e-08,BT483,breast
PD_03_PD_11,-7.79488191771094e-08,BT483,breast
PD_03_PD_12,-1.971092178365552e-10,BT483,breast
PD_03_PD_15,-1.0746958878371517e-13,BT483,breast
PD_06_PD_08,1.286726281080064e-11,BT483,breast
PD_06_PD_10,-0.5198741052557626,BT483,breast
PD_06_PD_14,-0.0224034050588716,BT483,breast
PD_07_PD_08,-3.056747077678778e-10,BT483,breast
PD_07_PD_10,-3.0509550441593087e-10,BT483,breast
PD_08_PD_10,-0.0118664546547436,BT483,breast
PD_08_PD_12,-0.0124318018346888,BT483,breast
PD_08_PD_14,-0.0348352068935057,BT483,breast
PD_08_PD_15,-1.3398837594991164e-11,BT483,breast
PD_10_PD_12,-7.535909452016654e-09,BT483,breast
PD_10_PD_13,3.717792740332016e-11,BT483,breast
PD_10_PD_15,-2.434619172930752e-11,BT483,breast
PD_01_PD_08,-0.0534611393774621,BT549,breast
PD_01_PD_10,-0.0022252067461507,BT549,breast
PD_06_PD_08,1.4649050685822118e-06,BT549,breast
PD_06_PD_10,-0.4734534294680506,BT549,breast
PD_06_PD_14,-0.038566855003237,BT549,breast
PD_07_PD_08,-3.718818270626034e-05,BT549,breast
PD_07_PD_10,-1.285538342443715e-11,BT549,breast
PD_08_PD_10,-0.0043696026188863,BT549,breast
PD_08_PD_12,-0.0746791532203797,BT549,breast
PD_08_PD_14,-0.1132115652599644,BT549,breast
PD_08_PD_15,-3.120881766904837e-06,BT549,breast
PD_10_PD_12,-7.883693697863237e-12,BT549,breast
PD_10_PD_13,7.438494264988549e-15,BT549,breast
PD_10_PD_15,-6.772360450213455e-15,BT549,breast
PD_01_PD_08,-0.0405501300581065,CAL120,breast
PD_01_PD_10,-0.0010171916027859,CAL120,breast
PD_06_PD_08,3.494162633677078e-07,CAL120,breast
PD_06_PD_10,-0.495397090099148,CAL120,breast
PD_06_PD_14,-0.0191162549401443,CAL120,breast
PD_07_PD_08,-3.160584743810979e-06,CAL120,breast
PD_07_PD_10,-2.0582424653525777e-12,CAL120,breast
PD_08_PD_10,-0.0012774016636275,CAL120,breast
PD_08_PD_12,-0.0245122332216302,CAL120,breast
PD_08_PD_14,-0.0436284881273788,CAL120,breast
PD_08_PD_15,-6.48822775617397e-07,CAL120,breast
PD_10_PD_12,-6.655904716268424e-10,CAL120,breast
PD_10_PD_13,1.1168843627729077e-13,CAL120,breast
PD_10_PD_15,-1.2922996006636822e-13,CAL120,breast
PD_01_PD_02,-0.0749489998336603,CAL148,breast
PD_01_PD_03,-0.104901409855003,CAL148,breast
PD_01_PD_08,-0.1647679216995401,CAL148,breast
PD_01_PD_10,-0.1239825442837891,CAL148,breast
PD_03_PD_05,-0.0036068146889887,CAL148,breast
PD_03_PD_06,-0.1260798068853176,CAL148,breast
PD_03_PD_07,-0.0013796134764566,CAL148,breast
PD_03_PD_08,-0.0876309256541478,CAL148,breast
PD_03_PD_09,-0.0035499912685524,CAL148,breast
PD_03_PD_10,-0.0107175927551366,CAL148,breast
PD_03_PD_11,-0.0118422043376091,CAL148,breast
PD_03_PD_12,-0.0005489450755202,CAL148,breast
PD_03_PD_15,-0.0001837453814691,CAL148,breast
PD_06_PD_08,0.0093861232027417,CAL148,breast
PD_06_PD_10,-0.4489979276811298,CAL148,breast
PD_06_PD_14,-0.0570458272365268,CAL148,breast
PD_07_PD_08,-0.0079961848086375,CAL148,breast
PD_07_PD_10,-0.0019886483436861,CAL148,breast
PD_08_PD_10,-0.3773655754492098,CAL148,breast
PD_08_PD_12,-0.0449390981792624,CAL148,breast
PD_08_PD_14,-0.1018478744040237,CAL148,breast
PD_08_PD_15,-0.0013120542810942,CAL148,breast
PD_10_PD_12,-0.0010126416444594,CAL148,breast
PD_10_PD_13,0.001246999115371,CAL148,breast
PD_10_PD_15,-0.0002176155626452,CAL148,breast
PD_01_PD_02,-0.0031279307294083,CAL51,breast
PD_01_PD_03,-0.0063014881775306,CAL51,breast
PD_01_PD_08,-0.071186819939187,CAL51,breast
PD_01_PD_10,-0.0062176926462074,CAL51,breast
PD_03_PD_05,-1.3153332867332779e-09,CAL51,breast
PD_03_PD_06,-0.0650707747127169,CAL51,breast
PD_03_PD_07,-3.0125779648670914e-10,CAL51,breast
PD_03_PD_08,-0.0385038152291538,CAL51,breast
PD_03_PD_09,-1.3153332867332779e-09,CAL51,breast
PD_03_PD_10,-6.300200283693158e-08,CAL51,breast
PD_03_PD_11,-6.31023807651232e-08,CAL51,breast
PD_03_PD_12,-1.6932233393163187e-11,CAL51,breast
PD_03_PD_15,-1.9927393068996935e-12,CAL51,breast
PD_06_PD_08,0.0091942275235566,CAL51,breast
PD_06_PD_10,-0.4595971743613261,CAL51,breast
PD_06_PD_14,-0.0452459048565467,CAL51,breast
PD_07_PD_08,-0.0061598187258323,CAL51,breast
PD_07_PD_10,-3.294798989195158e-09,CAL51,breast
PD_08_PD_10,-0.2377627460162453,CAL51,breast
PD_08_PD_12,-0.0560195774104455,CAL51,breast
PD_08_PD_14,-0.1009822378018988,CAL51,breast
PD_08_PD_15,-0.0009951506609749,CAL51,breast
PD_10_PD_12,-1.222800749545172e-08,CAL51,breast
PD_10_PD_13,1.0037859432543428e-10,CAL51,breast
PD_10_PD_15,-5.695721672083209e-11,CAL51,breast
PD_01_PD_08,-0.0592348877585906,CAL851,breast
PD_01_PD_10,-0.001745593131697,CAL851,breast
PD_06_PD_08,1.094723937722364e-06,CAL851,breast
PD_06_PD_10,-0.5403741903397169,CAL851,breast
PD_06_PD_14,-0.036011889256298,CAL851,breast
PD_07_PD_08,-1.2011837423164806e-05,CAL851,breast
PD_07_PD_10,-1.3278267374516872e-12,CAL851,breast
PD_08_PD_10,-0.0034689991953694,CAL851,breast
PD_08_PD_12,-0.0063640889499314,CAL851,breast
PD_08_PD_14,-0.0423759781952218,CAL851,breast
PD_08_PD_15,-2.250011248761119e-06,CAL851,breast
PD_10_PD_12,-1.3954837285723444e-11,CAL851,breast
PD_10_PD_13,7.771561172376096e-15,CAL851,breast
PD_10_PD_15,-7.882583474838611e-15,CAL851,breast
PD_01_PD_08,-0.0534611393774621,CAMA1,breast
PD_01_PD_10,-0.0022252067461507,CAMA1,breast
PD_06_PD_08,1.4649050685822118e-06,CAMA1,breast
PD_06_PD_10,-0.4734534294680506,CAMA1,breast
PD_06_PD_14,-0.038566855003237,CAMA1,breast
PD_07_PD_08,-3.718818270626034e-05,CAMA1,breast
PD_07_PD_10,-1.285538342443715e-11,CAMA1,breast
PD_08_PD_10,-0.0043696026188863,CAMA1,breast
PD_08_PD_12,-0.0746791532203797,CAMA1,breast
PD_08_PD_14,-0.1132115652599644,CAMA1,breast
PD_08_PD_15,-3.120881766904837e-06,CAMA1,breast
PD_10_PD_12,-7.883693697863237e-12,CAMA1,breast
PD_10_PD_13,7.438494264988549e-15,CAMA1,breast
PD_10_PD_15,-6.772360450213455e-15,CAMA1,breast
PD_01_PD_08,-0.0184062368999827,COLO824,breast
PD_01_PD_10,-0.0010289410837523,COLO824,breast
PD_06_PD_08,2.8272377883276082e-08,COLO824,breast
PD_06_PD_10,-0.5172269990775398,COLO824,breast
PD_06_PD_14,-0.0158872320798261,COLO824,breast
PD_07_PD_08,-2.2383143853943466e-06,COLO824,breast
PD_07_PD_10,-9.132028466751764e-12,COLO824,breast
PD_08_PD_10,-0.0019842256256817,COLO824,breast
PD_08_PD_12,-0.0011965707130989,COLO824,breast
PD_08_PD_14,-0.0170838027921064,COLO824,breast
PD_08_PD_15,-9.982626947291352e-08,COLO824,breast
PD_10_PD_12,1.1868284133242926e-13,COLO824,breast
PD_10_PD_13,1.1868284133242926e-13,COLO824,breast
PD_10_PD_15,-1.4888090760223352e-13,COLO824,breast
PD_01_PD_02,-0.0016701171112845,DU4475,breast
PD_01_PD_03,-0.0040239202589585,DU4475,breast
PD_01_PD_08,-0.0237310566058344,DU4475,breast
PD_01_PD_10,-0.0035607166400681,DU4475,breast
PD_03_PD_05,-4.6587923596685954e-07,DU4475,breast
PD_03_PD_06,-0.0276857813227905,DU4475,breast
PD_03_PD_07,-4.420880594935284e-08,DU4475,breast
PD_03_PD_08,-0.0187690846757421,DU4475,breast
PD_03_PD_09,-4.658790666578483e-07,DU4475,breast
PD_03_PD_10,-6.347621529068093e-06,DU4475,breast
PD_03_PD_11,-6.34918538344742e-06,DU4475,breast
PD_03_PD_12,-8.75084449347696e-11,DU4475,breast
PD_03_PD_15,-2.5086256405515432e-09,DU4475,breast
PD_06_PD_08,0.0020379352393664,DU4475,breast
PD_06_PD_10,-0.5382580241041758,DU4475,breast
PD_06_PD_14,-0.0137626483713537,DU4475,breast
PD_07_PD_08,-0.0041632229073182,DU4475,breast
PD_07_PD_10,-3.3076947403287704e-08,DU4475,breast
PD_08_PD_10,-0.1563852739500416,DU4475,breast
PD_08_PD_12,-0.0002841014840064,DU4475,breast
PD_08_PD_14,-0.0140467498552468,DU4475,breast
PD_08_PD_15,-0.000294291296749,DU4475,breast
PD_10_PD_12,-1.5683798704202443e-10,DU4475,breast
PD_10_PD_13,1.5648760065545275e-09,DU4475,breast
PD_10_PD_15,-1.1975184177615006e-09,DU4475,breast
PD_01_PD_02,-0.0029359786356686,EFM19,breast
PD_01_PD_03,-0.0067263086271867,EFM19,breast
PD_01_PD_08,-0.0218410982672784,EFM19,breast
PD_01_PD_10,-0.0053467625588592,EFM19,breast
PD_03_PD_05,-2.5796533215105555e-06,EFM19,breast
PD_03_PD_06,-0.0645914831504745,EFM19,breast
PD_03_PD_07,-1.807633350781046e-07,EFM19,breast
PD_03_PD_08,-0.0184116785983472,EFM19,breast
PD_03_PD_09,-2.579606412700386e-06,EFM19,breast
PD_03_PD_10,-7.603823043211832e-06,EFM19,breast
PD_03_PD_11,-7.609557735821504e-06,EFM19,breast
PD_03_PD_12,-5.585322204737507e-10,EFM19,breast
PD_03_PD_15,-2.1646766268368367e-08,EFM19,breast
PD_06_PD_08,0.016989198915045,EFM19,breast
PD_06_PD_10,-0.4474831418421215,EFM19,breast
PD_06_PD_14,-0.0462276113553755,EFM19,breast
PD_07_PD_08,-0.0115965745441904,EFM19,breast
PD_07_PD_10,-5.460538654578073e-08,EFM19,breast
PD_08_PD_10,-0.3048726068166593,EFM19,breast
PD_08_PD_12,-0.0717881469116513,EFM19,breast
PD_08_PD_14,-0.117673015849922,EFM19,breast
PD_08_PD_15,-0.0008078312217928,EFM19,breast
PD_10_PD_12,-3.6063403374697604e-09,EFM19,breast
PD_10_PD_13,5.923940227248181e-09,EFM19,breast
PD_10_PD_15,-3.9111273109071484e-09,EFM19,breast
PD_01_PD_02,-0.0036123629802291,EFM192A,breast
PD_01_PD_03,-0.0119512835091957,EFM192A,breast
PD_01_PD_08,-0.0163672933364578,EFM192A,breast
PD_01_PD_10,-0.0129192171449362,EFM192A,breast
PD_03_PD_05,-2.835071066797923e-10,EFM192A,breast
PD_03_PD_06,-0.0431957109551421,EFM192A,breast
PD_03_PD_07,-3.9176328847645436e-11,EFM192A,breast
PD_03_PD_08,-7.581023136138398e-06,EFM192A,breast
PD_03_PD_09,-2.835071066797923e-10,EFM192A,breast
PD_03_PD_10,-2.383417632145779e-07,EFM192A,breast
PD_03_PD_11,-2.3840260021668058e-07,EFM192A,breast
PD_03_PD_12,-1.03984698629489e-09,EFM192A,breast
PD_03_PD_15,-8.999467837611519e-13,EFM192A,breast
PD_06_PD_08,9.269363054897894e-12,EFM192A,breast
PD_06_PD_10,-0.5223425881588099,EFM192A,breast
PD_06_PD_14,-0.0219853096012275,EFM192A,breast
PD_07_PD_08,-2.2899937501819068e-10,EFM192A,breast
PD_07_PD_10,-4.74951744600105e-10,EFM192A,breast
PD_08_PD_10,-0.0155257497290995,EFM192A,breast
PD_08_PD_12,-0.011633135447667,EFM192A,breast
PD_08_PD_14,-0.0336184450488453,EFM192A,breast
PD_08_PD_15,-8.609779555968089e-12,EFM192A,breast
PD_10_PD_12,-8.113325788983161e-09,EFM192A,breast
PD_10_PD_13,6.083722414729209e-11,EFM192A,breast
PD_10_PD_15,-3.5955349808602926e-11,EFM192A,breast
PD_01_PD_08,-0.0938871726605752,EVSAT,breast
PD_01_PD_10,-0.0011967389064475,EVSAT,breast
PD_06_PD_08,2.724641473272893e-05,EVSAT,breast
PD_06_PD_10,-0.5038086491091243,EVSAT,breast
PD_06_PD_14,-0.0663303583405405,EVSAT,breast
PD_07_PD_08,-0.0002076317844867,EVSAT,breast
PD_07_PD_10,-2.1680435224880057e-12,EVSAT,breast
PD_08_PD_10,-0.0178845765943951,EVSAT,breast
PD_08_PD_12,-0.0196105995460195,EVSAT,breast
PD_08_PD_14,-0.0859409578820301,EVSAT,breast
PD_08_PD_15,-4.0196365910682985e-05,EVSAT,breast
PD_10_PD_12,-3.3788638553744477e-11,EVSAT,breast
PD_10_PD_13,2.2870594307278225e-14,EVSAT,breast
PD_10_PD_15,-1.3877787807814455e-14,EVSAT,breast
PD_01_PD_08,-0.044164219586963,HCC1143,breast
PD_01_PD_10,-0.0018632577681767,HCC1143,breast
PD_06_PD_08,9.844862808305876e-07,HCC1143,breast
PD_06_PD_10,-0.5171241195876936,HCC1143,breast
PD_06_PD_14,-0.0348911319431622,HCC1143,breast
PD_07_PD_08,-9.616773440468409e-06,HCC1143,breast
PD_07_PD_10,-4.823919041996305e-13,HCC1143,breast
PD_08_PD_10,-0.0032711556566373,HCC1143,breast
PD_08_PD_12,-0.0357841262188373,HCC1143,breast
PD_08_PD_14,-0.0706607573273413,HCC1143,breast
PD_08_PD_15,-2.1037866174689057e-06,HCC1143,breast
PD_10_PD_12,-8.955614028138825e-12,HCC1143,breast
PD_10_PD_13,4.6629367034256575e-15,HCC1143,breast
PD_10_PD_15,-4.773959005888173e-15,HCC1143,breast
PD_01_PD_02,-0.0003476644260522,HCC1187,breast
PD_01_PD_03,-0.0022653911666342,HCC1187,breast
PD_01_PD_08,-0.033607830027563,HCC1187,breast
PD_01_PD_10,-0.0051562072076957,HCC1187,breast
PD_03_PD_05,-5.72737313131455e-09,HCC1187,breast
PD_03_PD_06,-0.020341348830182,HCC1187,breast
PD_03_PD_07,-1.7210700642422692e-09,HCC1187,breast
PD_03_PD_08,-0.0203444671916352,HCC1187,breast
PD_03_PD_09,-3.091622824413776e-08,HCC1187,breast
PD_03_PD_10,-3.111292523616527e-07,HCC1187,breast
PD_03_PD_11,-3.111764080854229e-07,HCC1187,breast
PD_03_PD_12,-2.0450308113595386e-13,HCC1187,breast
PD_03_PD_15,-7.219891351439855e-12,HCC1187,breast
PD_06_PD_08,0.0032970847391315,HCC1187,breast
PD_06_PD_10,-0.515213898310545,HCC1187,breast
PD_06_PD_14,-0.0117123400679114,HCC1187,breast
PD_07_PD_08,-0.0066378695668776,HCC1187,breast
PD_07_PD_10,-1.567119767287295e-09,HCC1187,breast
PD_08_PD_10,-0.3512577664125834,HCC1187,breast
PD_08_PD_12,-4.261477219880128e-06,HCC1187,breast
PD_08_PD_14,-0.0117166015451313,HCC1187,breast
PD_08_PD_15,-0.0004057243174095,HCC1187,breast
PD_10_PD_12,-1.0230748337392016e-07,HCC1187,breast
PD_10_PD_13,4.715983159542248e-11,HCC1187,breast
PD_10_PD_15,-3.533950909684336e-11,HCC1187,breast
PD_01_PD_02,-0.0687964098445356,HCC1395,breast
PD_01_PD_03,-0.0912826953827475,HCC1395,breast
PD_01_PD_08,-0.1422177289725985,HCC1395,breast
PD_01_PD_10,-0.1183122710708534,HCC1395,breast
PD_03_PD_05,-0.0030363442495976,HCC1395,breast
PD_03_PD_06,-0.1532026303695892,HCC1395,breast
PD_03_PD_07,-0.0023071008873226,HCC1395,breast
PD_03_PD_08,-0.0649265407837413,HCC1395,breast
PD_03_PD_09,-0.0029425952547874,HCC1395,breast
PD_03_PD_10,-0.0145959096708658,HCC1395,breast
PD_03_PD_11,-0.0182281166718252,HCC1395,breast
PD_03_PD_12,-0.0045503201154878,HCC1395,breast
PD_03_PD_15,-0.0001993159383275,HCC1395,breast
PD_06_PD_08,0.0043378807407921,HCC1395,breast
PD_06_PD_10,-0.3811098251237035,HCC1395,breast
PD_06_PD_14,-0.0844626360379887,HCC1395,breast
PD_07_PD_08,-0.0071685545873064,HCC1395,breast
PD_07_PD_10,-0.0062123440279124,HCC1395,breast
PD_08_PD_10,-0.3037071064529438,HCC1395,breast
PD_08_PD_12,-0.1134639613170597,HCC1395,breast
PD_08_PD_14,-0.1975421738196469,HCC1395,breast
PD_08_PD_15,-0.0009456521291668,HCC1395,breast
PD_10_PD_12,-0.0090305493059883,HCC1395,breast
PD_10_PD_13,0.0038112126332373,HCC1395,breast
PD_10_PD_15,-0.0004444299540102,HCC1395,breast
PD_01_PD_02,-0.0733018475544987,HCC1419,breast
PD_01_PD_03,-0.1202920783620241,HCC1419,breast
PD_01_PD_08,-0.1198368115556934,HCC1419,breast
PD_01_PD_10,-0.1505300939349253,HCC1419,breast
PD_03_PD_05,-0.0025796429657545,HCC1419,breast
PD_03_PD_06,-0.1598773177536463,HCC1419,breast
PD_03_PD_07,-0.0015400504872479,HCC1419,breast
PD_03_PD_08,-0.0389412363960631,HCC1419,breast
PD_03_PD_09,-0.0025584261594974,HCC1419,breast
PD_03_PD_10,-0.0155776356105505,HCC1419,breast
PD_03_PD_11,-0.0199565429390558,HCC1419,breast
PD_03_PD_12,-0.0068740447600492,HCC1419,breast
PD_03_PD_15,-0.0001854180929021,HCC1419,breast
PD_06_PD_08,0.0007886688662857,HCC1419,breast
PD_06_PD_10,-0.4487340865819897,HCC1419,breast
PD_06_PD_14,-0.0676597355410778,HCC1419,breast
PD_07_PD_08,-0.0014727216859532,HCC1419,breast
PD_07_PD_10,-0.0063902533883701,HCC1419,breast
PD_08_PD_10,-0.2593162619041687,HCC1419,breast
PD_08_PD_12,-0.0508665602358229,HCC1419,breast
PD_08_PD_14,-0.118389431740049,HCC1419,breast
PD_08_PD_15,-0.0001952555494958,HCC1419,breast
PD_10_PD_12,-0.0014444468726085,HCC1419,breast
PD_10_PD_13,0.0044919484659625,HCC1419,breast
PD_10_PD_15,-0.0005867420790527,HCC1419,breast
PD_01_PD_02,-0.066173517065738,HCC1428,breast
PD_01_PD_03,-0.0887109527025692,HCC1428,breast
PD_01_PD_08,-0.1056258119108208,HCC1428,breast
PD_01_PD_10,-0.1407521345650303,HCC1428,breast
PD_03_PD_05,-0.0019506459489352,HCC1428,breast
PD_03_PD_06,-0.1456019661141241,HCC1428,breast
PD_03_PD_07,-0.0025699597846993,HCC1428,breast
PD_03_PD_08,-0.0322236536254026,HCC1428,breast
PD_03_PD_09,-0.0019154977057922,HCC1428,breast
PD_03_PD_10,-0.0148243181677089,HCC1428,breast
PD_03_PD_11,-0.0199479971673626,HCC1428,breast
PD_03_PD_12,-0.0052079047629164,HCC1428,breast
PD_03_PD_15,-0.000137934013288,HCC1428,breast
PD_06_PD_08,0.0010556845752833,HCC1428,breast
PD_06_PD_10,-0.4426553937872873,HCC1428,breast
PD_06_PD_14,-0.0738640425557534,HCC1428,breast
PD_07_PD_08,-0.0038919025102325,HCC1428,breast
PD_07_PD_10,-0.0089993878059039,HCC1428,breast
PD_08_PD_10,-0.2565487465537178,HCC1428,breast
PD_08_PD_12,-0.0547025712660037,HCC1428,breast
PD_08_PD_14,-0.1284117165836626,HCC1428,breast
PD_08_PD_15,-0.0002856717276672,HCC1428,breast
PD_10_PD_12,-0.0027202451671372,HCC1428,breast
PD_10_PD_13,0.0052125679794462,HCC1428,breast
PD_10_PD_15,-0.000739867477061,HCC1428,breast
PD_01_PD_02,-0.0020760963830748,HCC1500,breast
PD_01_PD_03,-0.0045554381152108,HCC1500,breast
PD_01_PD_08,-0.0902950377467942,HCC1500,breast
PD_01_PD_10,-0.0059984385438185,HCC1500,breast
PD_03_PD_05,-6.9871904928575645e-09,HCC1500,breast
PD_03_PD_06,-0.1009382137046318,HCC1500,breast
PD_03_PD_07,-3.124937086873558e-09,HCC1500,breast
PD_03_PD_08,-0.1009382137046318,HCC1500,breast
PD_03_PD_09,-0.0480238169326961,HCC1500,breast
PD_03_PD_10,-2.8371698335138973e-07,HCC1500,breast
PD_03_PD_11,-2.837678223510665e-07,HCC1500,breast
PD_03_PD_12,0.0,HCC1500,breast
PD_03_PD_15,-6.378009231866599e-12,HCC1500,breast
PD_06_PD_08,0.0247652660211324,HCC1500,breast
PD_06_PD_10,-0.5323233057082046,HCC1500,breast
PD_06_PD_14,-0.0674947107025423,HCC1500,breast
PD_07_PD_08,-0.0523422739480685,HCC1500,breast
PD_07_PD_10,-1.372982838532266e-09,HCC1500,breast
PD_08_PD_10,-0.4518478111047234,HCC1500,breast
PD_08_PD_12,0.0,HCC1500,breast
PD_08_PD_14,-0.0674947107025423,HCC1500,breast
PD_08_PD_15,-0.0043336745201955,HCC1500,breast
PD_10_PD_12,-1.855975961806422e-08,HCC1500,breast
PD_10_PD_13,5.083966581054256e-11,HCC1500,breast
PD_10_PD_15,-3.0651925442271015e-11,HCC1500,breast
PD_01_PD_08,-0.0184062368999827,HCC1599,breast
PD_01_PD_10,-0.0010289410837523,HCC1599,breast
PD_06_PD_08,2.8272377883276082e-08,HCC1599,breast
PD_06_PD_10,-0.5172269990775398,HCC1599,breast
PD_06_PD_14,-0.0158872320798261,HCC1599,breast
PD_07_PD_08,-2.2383143853943466e-06,HCC1599,breast
PD_07_PD_10,-9.132028466751764e-12,HCC1599,breast
PD_08_PD_10,-0.0019842256256817,HCC1599,breast
PD_08_PD_12,-0.0011965707130989,HCC1599,breast
PD_08_PD_14,-0.0170838027921064,HCC1599,breast
PD_08_PD_15,-9.982626947291352e-08,HCC1599,breast
PD_10_PD_12,1.1868284133242926e-13,HCC1599,breast
PD_10_PD_13,1.1868284133242926e-13,HCC1599,breast
PD_10_PD_15,-1.4888090760223352e-13,HCC1599,breast
PD_01_PD_08,-0.0195304039358866,HCC1806,breast
PD_01_PD_10,-0.0010309320523939,HCC1806,breast
PD_06_PD_08,2.8359426695878653e-08,HCC1806,breast
PD_06_PD_10,-0.5257719213107214,HCC1806,breast
PD_06_PD_14,-0.0202817226317109,HCC1806,breast
PD_07_PD_08,-2.024196854577553e-06,HCC1806,breast
PD_07_PD_10,-8.795075778778028e-12,HCC1806,breast
PD_08_PD_10,-0.0018931061436194,HCC1806,breast
PD_08_PD_12,-0.0021775157749381,HCC1806,breast
PD_08_PD_14,-0.0224592384051532,HCC1806,breast
PD_08_PD_15,-1.0040591169602209e-07,HCC1806,breast
PD_10_PD_12,1.1868284133242926e-13,HCC1806,breast
PD_10_PD_13,1.1868284133242926e-13,HCC1806,breast
PD_10_PD_15,-1.4865886299730846e-13,HCC1806,breast
PD_01_PD_08,-0.0510819527575555,HCC1937,breast
PD_01_PD_10,-0.0010156086795194,HCC1937,breast
PD_06_PD_08,8.813831975373887e-07,HCC1937,breast
PD_06_PD_10,-0.5048314080963034,HCC1937,breast
PD_06_PD_14,-0.0513813786107907,HCC1937,breast
PD_07_PD_08,-6.521080886279229e-06,HCC1937,breast
PD_07_PD_10,-1.3677947663381929e-12,HCC1937,breast
PD_08_PD_10,-0.0035165122088329,HCC1937,breast
PD_08_PD_12,-0.0416532602196457,HCC1937,breast
PD_08_PD_14,-0.093034638812626,HCC1937,breast
PD_08_PD_15,-1.9939156266080005e-06,HCC1937,breast
PD_10_PD_12,-3.852140828541906e-12,HCC1937,breast
PD_10_PD_13,2.886579864025407e-15,HCC1937,breast
PD_10_PD_15,-2.664535259100376e-15,HCC1937,breast
PD_01_PD_02,-0.0025704691545459,HCC1954,breast
PD_01_PD_03,-0.0092728617497759,HCC1954,breast
PD_01_PD_08,-0.0120269784848461,HCC1954,breast
PD_01_PD_10,-0.0115324110946622,HCC1954,breast
PD_03_PD_05,-1.4186467556243088e-09,HCC1954,breast
PD_03_PD_06,-0.0868029858307425,HCC1954,breast
PD_03_PD_07,-2.668644194514513e-10,HCC1954,breast
PD_03_PD_08,-1.6243311722563547e-05,HCC1954,breast
PD_03_PD_09,-1.4186465335797036e-09,HCC1954,breast
PD_03_PD_10,-7.740464884609111e-07,HCC1954,breast
PD_03_PD_11,-7.744490496675027e-07,HCC1954,breast
PD_03_PD_12,-4.643408657578618e-09,HCC1954,breast
PD_03_PD_15,-6.652456363553938e-12,HCC1954,breast
PD_06_PD_08,6.093703319720589e-11,HCC1954,breast
PD_06_PD_10,-0.4990878320259825,HCC1954,breast
PD_06_PD_14,-0.0471311547261775,HCC1954,breast
PD_07_PD_08,-1.2733466503433988e-09,HCC1954,breast
PD_07_PD_10,-2.601251436473717e-09,HCC1954,breast
PD_08_PD_10,-0.0218976516371391,HCC1954,breast
PD_08_PD_12,-0.0240073785269826,HCC1954,breast
PD_08_PD_14,-0.071134059290573,HCC1954,breast
PD_08_PD_15,-5.053313323344355e-11,HCC1954,breast
PD_10_PD_12,-3.5207974313777874e-08,HCC1954,breast
PD_10_PD_13,4.0256509237224236e-10,HCC1954,breast
PD_10_PD_15,-2.1272550387863018e-10,HCC1954,breast
PD_01_PD_08,-0.0176612357965471,HCC2157,breast
PD_01_PD_10,-0.0010288456177935,HCC2157,breast
PD_06_PD_08,2.708244606353105e-08,HCC2157,breast
PD_06_PD_10,-0.5204489934907138,HCC2157,breast
PD_06_PD_14,-0.0137616867453169,HCC2157,breast
PD_07_PD_08,-1.221028126496826e-06,HCC2157,breast
PD_07_PD_10,-5.3941295874437856e-12,HCC2157,breast
PD_08_PD_10,-0.0018577098490677,HCC2157,breast
PD_08_PD_12,-0.0010212228591127,HCC2157,breast
PD_08_PD_14,-0.0147829096036687,HCC2157,breast
PD_08_PD_15,-9.425549940544897e-08,HCC2157,breast
PD_10_PD_12,4.973799150320701e-14,HCC2157,breast
PD_10_PD_13,4.973799150320701e-14,HCC2157,breast
PD_10_PD_15,-6.394884621840903e-14,HCC2157,breast
PD_01_PD_02,-0.0005376852860041,HCC38,breast
PD_01_PD_03,-0.0017061543882568,HCC38,breast
PD_01_PD_08,-0.0137236530830447,HCC38,breast
PD_01_PD_10,-0.0011777627068916,HCC38,breast
PD_03_PD_05,-3.375106316649834e-08,HCC38,breast
PD_03_PD_06,-0.0011899624451741,HCC38,breast
PD_03_PD_07,-3.611608789810816e-09,HCC38,breast
PD_03_PD_08,-0.0013236159337361,HCC38,breast
PD_03_PD_09,-5.209744948886375e-06,HCC38,breast
PD_03_PD_10,-4.620481034445234e-07,HCC38,breast
PD_03_PD_11,-4.6206229264988963e-07,HCC38,breast
PD_03_PD_12,0.0,HCC38,breast
PD_03_PD_15,-6.798828167120519e-11,HCC38,breast
PD_06_PD_08,5.9449008493750455e-08,HCC38,breast
PD_06_PD_10,-0.5272551101615156,HCC38,breast
PD_06_PD_14,-0.0039954906458179,HCC38,breast
PD_07_PD_08,-1.1553900989280663e-06,HCC38,breast
PD_07_PD_10,-6.704133914681164e-10,HCC38,breast
PD_08_PD_10,-0.0784149934500267,HCC38,breast
PD_08_PD_12,-0.0001336534885678,HCC38,breast
PD_08_PD_14,-0.0041291441343734,HCC38,breast
PD_08_PD_15,-5.3622071893855157e-08,HCC38,breast
PD_10_PD_12,-2.458669237093148e-07,HCC38,breast
PD_10_PD_13,1.4190648656153826e-11,HCC38,breast
PD_10_PD_15,-1.4712675522332574e-11,HCC38,breast
PD_01_PD_08,-0.0569481787526741,HCC70,breast
PD_01_PD_10,-0.0006110258510928,HCC70,breast
PD_06_PD_08,2.5287848123167755e-05,HCC70,breast
PD_06_PD_10,-0.4959343839149658,HCC70,breast
PD_06_PD_14,-0.0619712784364769,HCC70,breast
PD_07_PD_08,-0.0003040741388791,HCC70,breast
PD_07_PD_10,-1.4435119766176285e-12,HCC70,breast
PD_08_PD_10,-0.0221349798847309,HCC70,breast
PD_08_PD_12,-0.0150429628290826,HCC70,breast
PD_08_PD_14,-0.0770142412627381,HCC70,breast
PD_08_PD_15,-3.932485310975675e-05,HCC70,breast
PD_10_PD_12,-2.2562951507154597e-11,HCC70,breast
PD_10_PD_13,1.3100631690576847e-14,HCC70,breast
PD_10_PD_15,-8.437694987151191e-15,HCC70,breast
PD_01_PD_08,-0.0184062368999827,HDQP1,breast
PD_01_PD_10,-0.0010289410837523,HDQP1,breast
PD_06_PD_08,2.8272377883276082e-08,HDQP1,breast
PD_06_PD_10,-0.5172269990775398,HDQP1,breast
PD_06_PD_14,-0.0158872320798261,HDQP1,breast
PD_07_PD_08,-2.2383143853943466e-06,HDQP1,breast
PD_07_PD_10,-9.132028466751764e-12,HDQP1,breast
PD_08_PD_10,-0.0019842256256817,HDQP1,breast
PD_08_PD_12,-0.0011965707130989,HDQP1,breast
PD_08_PD_14,-0.0170838027921064,HDQP1,breast
PD_08_PD_15,-9.982626947291352e-08,HDQP1,breast
PD_10_PD_12,1.1868284133242926e-13,HDQP1,breast
PD_10_PD_13,1.1868284133242926e-13,HDQP1,breast
PD_10_PD_15,-1.4888090760223352e-13,HDQP1,breast
PD_01_PD_08,-0.0193959018719575,HS578T,breast
PD_01_PD_10,-0.0003693098308771,HS578T,breast
PD_06_PD_08,1.455747723477785e-07,HS578T,breast
PD_06_PD_10,-0.4814994743955654,HS578T,breast
PD_06_PD_14,-0.0148648859676787,HS578T,breast
PD_07_PD_08,-1.40014168426017e-06,HS578T,breast
PD_07_PD_10,-5.737632591262809e-13,HS578T,breast
PD_08_PD_10,-0.0007860034240749,HS578T,breast
PD_08_PD_12,-0.0012861255791053,HS578T,breast
PD_08_PD_14,-0.0161510115462609,HS578T,breast
PD_08_PD_15,-2.868527758659312e-07,HS578T,breast
PD_10_PD_12,-1.3509160456948166e-10,HS578T,breast
PD_10_PD_13,1.4765966227514582e-14,HS578T,breast
PD_10_PD_15,-1.8651746813702633e-14,HS578T,breast
PD_01_PD_02,-0.0768774996594404,JIMT1,breast
PD_01_PD_03,-0.1410773568514436,JIMT1,breast
PD_01_PD_08,-0.166806830295175,JIMT1,breast
PD_01_PD_10,-0.1328166272609442,JIMT1,breast
PD_03_PD_05,-0.0075398816904481,JIMT1,breast
PD_03_PD_06,-0.1307232002287535,JIMT1,breast
PD_03_PD_07,-0.0024857826459309,JIMT1,breast
PD_03_PD_08,-0.1020363368602969,JIMT1,breast
PD_03_PD_09,-0.0074933675580188,JIMT1,breast
PD_03_PD_10,-0.0194405987646315,JIMT1,breast
PD_03_PD_11,-0.0209029090145311,JIMT1,breast
PD_03_PD_12,-0.0010572592386054,JIMT1,breast
PD_03_PD_15,-0.0003883610659856,JIMT1,breast
PD_06_PD_08,0.0076016175712135,JIMT1,breast
PD_06_PD_10,-0.4502477449631474,JIMT1,breast
PD_06_PD_14,-0.049339514373494,JIMT1,breast
PD_07_PD_08,-0.0068995273473466,JIMT1,breast
PD_07_PD_10,-0.0024123408077888,JIMT1,breast
PD_08_PD_10,-0.4095019235233877,JIMT1,breast
PD_08_PD_12,-0.0430360366294961,JIMT1,breast
PD_08_PD_14,-0.0922346720939671,JIMT1,breast
PD_08_PD_15,-0.0010068415288359,JIMT1,breast
PD_10_PD_12,-0.0011361850003831,JIMT1,breast
PD_10_PD_13,0.001640931781487,JIMT1,breast
PD_10_PD_15,-0.000272546344703,JIMT1,breast
PD_01_PD_02,-0.0051273283217654,MCF7,breast
PD_01_PD_03,-0.011015732818167,MCF7,breast
PD_01_PD_08,-0.0425069722921231,MCF7,breast
PD_01_PD_10,-0.008098309313674,MCF7,breast
PD_03_PD_05,-2.9579001581403478e-08,MCF7,breast
PD_03_PD_06,-0.1032394677012998,MCF7,breast
PD_03_PD_07,-7.871309160023542e-10,MCF7,breast
PD_03_PD_08,-0.0823792357749263,MCF7,breast
PD_03_PD_09,-4.1352746782408196e-08,MCF7,breast
PD_03_PD_10,-2.3554257344571286e-07,MCF7,breast
PD_03_PD_11,-2.355508216256297e-07,MCF7,breast
PD_03_PD_12,-4.326539126964235e-13,MCF7,breast
PD_03_PD_15,-4.986056012512563e-11,MCF7,breast
PD_06_PD_08,0.0561820120313381,MCF7,breast
PD_06_PD_10,-0.4270763956930943,MCF7,breast
PD_06_PD_14,-0.0621627540322311,MCF7,breast
PD_07_PD_08,-0.0580803672579257,MCF7,breast
PD_07_PD_10,-3.1865432514877057e-10,MCF7,breast
PD_08_PD_10,-0.3041784749422458,MCF7,breast
PD_08_PD_12,-0.0197420346388197,MCF7,breast
PD_08_PD_14,-0.0815561801964691,MCF7,breast
PD_08_PD_15,-0.002557127030769,MCF7,breast
PD_10_PD_12,-1.4477402610069132e-09,MCF7,breast
PD_10_PD_13,8.252398764341251e-12,MCF7,breast
PD_10_PD_15,-7.671197010949982e-12,MCF7,breast
PD_01_PD_08,-0.2046244918894861,MDAMB157,breast
PD_01_PD_10,-0.0842699443535484,MDAMB157,breast
PD_06_PD_08,0.0040942027647286,MDAMB157,breast
PD_06_PD_10,-0.0676421845790291,MDAMB157,breast
PD_06_PD_14,-0.019529311456563,MDAMB157,breast
PD_07_PD_08,-0.0056844139948549,MDAMB157,breast
PD_07_PD_10,-0.000268076714293,MDAMB157,breast
PD_08_PD_10,-0.1246897333131431,MDAMB157,breast
PD_08_PD_12,-0.4451501167594045,MDAMB157,breast
PD_08_PD_14,-0.4627913602588668,MDAMB157,breast
PD_08_PD_15,-0.0038656903057955,MDAMB157,breast
PD_10_PD_12,0.0002082783936763,MDAMB157,breast
PD_10_PD_13,0.0001530214652717,MDAMB157,breast
PD_10_PD_15,-3.8475846406926806e-05,MDAMB157,breast
PD_01_PD_02,-0.0004344237914842,MDAMB175VII,breast
PD_01_PD_03,-0.0014086339500525,MDAMB175VII,breast
PD_01_PD_08,-0.0259572881211598,MDAMB175VII,breast
PD_01_PD_10,-0.001799649565204,MDAMB175VII,breast
PD_03_PD_05,-4.44391655696208e-08,MDAMB175VII,breast
PD_03_PD_06,-0.0630094100691447,MDAMB175VII,breast
PD_03_PD_07,-2.6255128071639433e-09,MDAMB175VII,breast
PD_03_PD_08,-0.024537169594618,MDAMB175VII,breast
PD_03_PD_09,-6.16008710774274e-06,MDAMB175VII,breast
PD_03_PD_10,-6.579326587985435e-07,MDAMB175VII,breast
PD_03_PD_11,-6.579592448652249e-07,MDAMB175VII,breast
PD_03_PD_12,-6.109879269189378e-11,MDAMB175VII,breast
PD_03_PD_15,-1.0111833592674202e-10,MDAMB175VII,breast
PD_06_PD_08,0.0008801927912533,MDAMB175VII,breast
PD_06_PD_10,-0.5093412163462161,MDAMB175VII,breast
PD_06_PD_14,-0.0229386627444679,MDAMB175VII,breast
PD_07_PD_08,-0.0026347068692277,MDAMB175VII,breast
PD_07_PD_10,-1.1296664714777194e-09,MDAMB175VII,breast
PD_08_PD_10,-0.1199221909871526,MDAMB175VII,breast
PD_08_PD_12,-0.0069552186840513,MDAMB175VII,breast
PD_08_PD_14,-0.0298938814283402,MDAMB175VII,breast
PD_08_PD_15,-0.0001600712987043,MDAMB175VII,breast
PD_10_PD_12,-1.6651902079445335e-11,MDAMB175VII,breast
PD_10_PD_13,2.658961939516757e-11,MDAMB175VII,breast
PD_10_PD_15,-2.6544988429577643e-11,MDAMB175VII,breast
PD_01_PD_02,-0.0050739245823251,MDAMB231,breast
PD_01_PD_03,-0.0100300215118812,MDAMB231,breast
PD_01_PD_08,-0.0254779765331728,MDAMB231,breast
PD_01_PD_10,-0.0109938573591416,MDAMB231,breast
PD_03_PD_05,-1.0540286754512353e-08,MDAMB231,breast
PD_03_PD_06,-0.0184771253356581,MDAMB231,breast
PD_03_PD_07,-3.037943008266097e-09,MDAMB231,breast
PD_03_PD_08,-0.0184755623698106,MDAMB231,breast
PD_03_PD_09,-1.0540286088378537e-08,MDAMB231,breast
PD_03_PD_10,-5.24835651050104e-07,MDAMB231,breast
PD_03_PD_11,-5.249408902008312e-07,MDAMB231,breast
PD_03_PD_12,-4.932720898409572e-13,MDAMB231,breast
PD_03_PD_15,-1.573108310282123e-11,MDAMB231,breast
PD_06_PD_08,0.0037115367876737,MDAMB231,breast
PD_06_PD_10,-0.528618167218398,MDAMB231,breast
PD_06_PD_14,-0.0118239368638179,MDAMB231,breast
PD_07_PD_08,-0.0069643414301706,MDAMB231,breast
PD_07_PD_10,-3.0986224697215903e-09,MDAMB231,breast
PD_08_PD_10,-0.4060959890107167,MDAMB231,breast
PD_08_PD_12,-5.828670879282073e-14,MDAMB231,breast
PD_08_PD_14,-0.0118239368638762,MDAMB231,breast
PD_08_PD_15,-0.0004372152823706,MDAMB231,breast
PD_10_PD_12,-1.6913639377946765e-07,MDAMB231,breast
PD_10_PD_13,1.0525269544814364e-10,MDAMB231,breast
PD_10_PD_15,-7.541822721890412e-11,MDAMB231,breast
PD_01_PD_02,-0.0668788428197098,MDAMB361,breast
PD_01_PD_03,-0.1276889428122885,MDAMB361,breast
PD_01_PD_08,-0.1640154905376005,MDAMB361,breast
PD_01_PD_10,-0.1388235969604377,MDAMB361,breast
PD_03_PD_05,-0.0044645095967074,MDAMB361,breast
PD_03_PD_06,-0.1085432387321136,MDAMB361,breast
PD_03_PD_07,-0.0014358098532369,MDAMB361,breast
PD_03_PD_08,-0.0933564648474348,MDAMB361,breast
PD_03_PD_09,-0.0044589587944233,MDAMB361,breast
PD_03_PD_10,-0.0170863445633222,MDAMB361,breast
PD_03_PD_11,-0.018220941802802,MDAMB361,breast
PD_03_PD_12,-0.0003020794164609,MDAMB361,breast
PD_03_PD_15,-0.0001864996306599,MDAMB361,breast
PD_06_PD_08,0.0046828517792624,MDAMB361,breast
PD_06_PD_10,-0.4593333081461996,MDAMB361,breast
PD_06_PD_14,-0.0364345329787925,MDAMB361,breast
PD_07_PD_08,-0.0051007840980665,MDAMB361,breast
PD_07_PD_10,-0.0019204953702764,MDAMB361,breast
PD_08_PD_10,-0.4387346674005862,MDAMB361,breast
PD_08_PD_12,-0.0412433238216466,MDAMB361,breast
PD_08_PD_14,-0.0775496278273516,MDAMB361,breast
PD_08_PD_15,-0.0007029418746974,MDAMB361,breast
PD_10_PD_12,-0.0008907634673501,MDAMB361,breast
PD_10_PD_13,0.0011605360607289,MDAMB361,breast
PD_10_PD_15,-0.0001964721933985,MDAMB361,breast
PD_01_PD_02,-0.0030132646601651,MDAMB415,breast
PD_01_PD_03,-0.0068382596217873,MDAMB415,breast
PD_01_PD_08,-0.0567506561874946,MDAMB415,breast
PD_01_PD_10,-0.0066817049268936,MDAMB415,breast
PD_03_PD_05,-1.3316739700952596e-06,MDAMB415,breast
PD_03_PD_06,-0.0438969734814236,MDAMB415,breast
PD_03_PD_07,-2.4308793644678417e-07,MDAMB415,breast
PD_03_PD_08,-0.0429150064790843,MDAMB415,breast
PD_03_PD_09,-1.3316663743934145e-06,MDAMB415,breast
PD_03_PD_10,-1.3994260743110942e-05,MDAMB415,breast
PD_03_PD_11,-1.4009629628941587e-05,MDAMB415,breast
PD_03_PD_12,-1.4432899320127035e-14,MDAMB415,breast
PD_03_PD_15,-1.5221465088366415e-08,MDAMB415,breast
PD_06_PD_08,0.0124415730446315,MDAMB415,breast
PD_06_PD_10,-0.5285110823169603,MDAMB415,breast
PD_06_PD_14,-0.0249410134308699,MDAMB415,breast
PD_07_PD_08,-0.0157310766956385,MDAMB415,breast
PD_07_PD_10,-2.1765796187622757e-07,MDAMB415,breast
PD_08_PD_10,-0.3866552720397016,MDAMB415,breast
PD_08_PD_12,-7.978629391613978e-07,MDAMB415,breast
PD_08_PD_14,-0.0249418112938016,MDAMB415,breast
PD_08_PD_15,-0.0010796109405503,MDAMB415,breast
PD_10_PD_12,-2.4424906541753444e-13,MDAMB415,breast
PD_10_PD_13,1.5401787734070638e-08,MDAMB415,breast
PD_10_PD_15,-9.035451165040342e-09,MDAMB415,breast
PD_01_PD_08,-0.0332459230585148,MDAMB436,breast
PD_01_PD_10,-0.000653357011325,MDAMB436,breast
PD_06_PD_08,3.2056210652609e-07,MDAMB436,breast
PD_06_PD_10,-0.4953224664015041,MDAMB436,breast
PD_06_PD_14,-0.0109685670235151,MDAMB436,breast
PD_07_PD_08,-3.645061356638557e-06,MDAMB436,breast
PD_07_PD_10,-3.004263504635674e-13,MDAMB436,breast
PD_08_PD_10,-0.0007957939933366,MDAMB436,breast
PD_08_PD_12,-0.0005803494048283,MDAMB436,breast
PD_08_PD_14,-0.0115489164276266,MDAMB436,breast
PD_08_PD_15,-5.414983929030726e-07,MDAMB436,breast
PD_10_PD_12,-6.471678748454224e-11,MDAMB436,breast
PD_10_PD_13,5.3290705182007506e-15,MDAMB436,breast
PD_10_PD_15,-7.438494264988549e-15,MDAMB436,breast
PD_01_PD_02,-0.0733469174867592,MDAMB453,breast
PD_01_PD_03,-0.1339138253267854,MDAMB453,breast
PD_01_PD_08,-0.1585531906908336,MDAMB453,breast
PD_01_PD_10,-0.1390778446887828,MDAMB453,breast
PD_03_PD_05,-0.0086308728627703,MDAMB453,breast
PD_03_PD_06,-0.1434120275450687,MDAMB453,breast
PD_03_PD_07,-0.0030911760094752,MDAMB453,breast
PD_03_PD_08,-0.1022770727299842,MDAMB453,breast
PD_03_PD_09,-0.0085652964519058,MDAMB453,breast
PD_03_PD_10,-0.0221450737943622,MDAMB453,breast
PD_03_PD_11,-0.0240409661231416,MDAMB453,breast
PD_03_PD_12,-0.0014855709189962,MDAMB453,breast
PD_03_PD_15,-0.0004685464076071,MDAMB453,breast
PD_06_PD_08,0.0088585501087037,MDAMB453,breast
PD_06_PD_10,-0.4487002651575547,MDAMB453,breast
PD_06_PD_14,-0.0555059763580199,MDAMB453,breast
PD_07_PD_08,-0.0077353965333469,MDAMB453,breast
PD_07_PD_10,-0.0029757002617177,MDAMB453,breast
PD_08_PD_10,-0.3854991076943583,MDAMB453,breast
PD_08_PD_12,-0.0445084628911081,MDAMB453,breast
PD_08_PD_14,-0.0998684465398342,MDAMB453,breast
PD_08_PD_15,-0.0011196150667815,MDAMB453,breast
PD_10_PD_12,-0.0015766204125992,MDAMB453,breast
PD_10_PD_13,0.0021407744100575,MDAMB453,breast
PD_10_PD_15,-0.0003403036125746,MDAMB453,breast
PD_01_PD_08,-0.1121585283510928,MDAMB468,breast
PD_01_PD_10,-0.001675219524109,MDAMB468,breast
PD_06_PD_08,8.938298648419885e-05,MDAMB468,breast
PD_06_PD_10,-0.5306125067075352,MDAMB468,breast
PD_06_PD_14,-0.0819720981890244,MDAMB468,breast
PD_07_PD_08,-0.0002611852923037,MDAMB468,breast
PD_07_PD_10,-1.971534047129353e-12,MDAMB468,breast
PD_08_PD_10,-0.0221656795266811,MDAMB468,breast
PD_08_PD_12,-0.0272624357493076,MDAMB468,breast
PD_08_PD_14,-0.1092345335946003,MDAMB468,breast
PD_08_PD_15,-9.94347081706426e-05,MDAMB468,breast
PD_10_PD_12,-3.104072554549475e-11,MDAMB468,breast
PD_10_PD_13,1.7985612998927536e-14,MDAMB468,breast
PD_10_PD_15,-1.0769163338864018e-14,MDAMB468,breast
PD_01_PD_08,-0.0391660603702502,MFM223,breast
PD_01_PD_10,-0.0010764496733688,MFM223,breast
PD_06_PD_08,1.9566358888667426e-07,MFM223,breast
PD_06_PD_10,-0.4482157631180204,MFM223,breast
PD_06_PD_14,-0.0451865106858472,MFM223,breast
PD_07_PD_08,-1.851960993226598e-06,MFM223,breast
PD_07_PD_10,-1.7319479184152442e-12,MFM223,breast
PD_08_PD_10,-0.0013657427789645,MFM223,breast
PD_08_PD_12,-0.0328083087278278,MFM223,breast
PD_08_PD_14,-0.077994819399748,MFM223,breast
PD_08_PD_15,-1.9208110184631977e-06,MFM223,breast
PD_10_PD_12,-6.32860430727078e-12,MFM223,breast
PD_10_PD_13,3.774758283725532e-15,MFM223,breast
PD_10_PD_15,-1.1102230246251564e-14,MFM223,breast
PD_01_PD_02,-0.0022644976224145,MRKNU1,breast
PD_01_PD_03,-0.0047848749640385,MRKNU1,breast
PD_01_PD_08,-0.1670079916251265,MRKNU1,breast
PD_01_PD_10,-0.0068409346020653,MRKNU1,breast
PD_03_PD_05,-1.2058682152815692e-07,MRKNU1,breast
PD_03_PD_06,-0.1304342761558568,MRKNU1,breast
PD_03_PD_07,-1.8789790834361497e-08,MRKNU1,breast
PD_03_PD_08,-0.1304342761558568,MRKNU1,breast
PD_03_PD_09,-1.205866398956701e-07,MRKNU1,breast
PD_03_PD_10,-1.0031440974556103e-06,MRKNU1,breast
PD_03_PD_11,-1.0034238150380403e-06,MRKNU1,breast
PD_03_PD_12,0.0,MRKNU1,breast
PD_03_PD_15,-4.899567418448213e-10,MRKNU1,breast
PD_06_PD_08,0.0302049927009884,MRKNU1,breast
PD_06_PD_10,-0.5171385558899138,MRKNU1,breast
PD_06_PD_14,-0.080620519242585,MRKNU1,breast
PD_07_PD_08,-0.0416334671551225,MRKNU1,breast
PD_07_PD_10,-4.361279892783898e-09,MRKNU1,breast
PD_08_PD_10,-0.4547095899997884,MRKNU1,breast
PD_08_PD_12,0.0,MRKNU1,breast
PD_08_PD_14,-0.080620519242585,MRKNU1,breast
PD_08_PD_15,-0.0030597672346104,MRKNU1,breast
PD_10_PD_12,-1.309572705832096e-08,MRKNU1,breast
PD_10_PD_13,2.79716805273722e-10,MRKNU1,breast
PD_10_PD_15,-1.5694945343369682e-10,MRKNU1,breast
PD_01_PD_02,-0.0008043622612703,OCUBM,breast
PD_01_PD_03,-0.0038371432819096,OCUBM,breast
PD_01_PD_08,-0.0055115140931615,OCUBM,breast
PD_01_PD_10,-0.0055282439250473,OCUBM,breast
PD_03_PD_05,-7.924760847544121e-11,OCUBM,breast
PD_03_PD_06,-0.0411294990952184,OCUBM,breast
PD_03_PD_07,-9.31810184567894e-12,OCUBM,breast
PD_03_PD_08,-4.544977303178044e-06,OCUBM,breast
PD_03_PD_09,-7.924760847544121e-11,OCUBM,breast
PD_03_PD_10,-9.522733257494309e-08,OCUBM,breast
PD_03_PD_11,-9.524108579572754e-08,OCUBM,breast
PD_03_PD_12,-3.210107735185374e-10,OCUBM,breast
PD_03_PD_15,-1.799671522917379e-13,OCUBM,breast
PD_06_PD_08,1.9193535649719706e-12,OCUBM,breast
PD_06_PD_10,-0.532561456250358,OCUBM,breast
PD_06_PD_14,-0.0208981128899934,OCUBM,breast
PD_07_PD_08,-5.7842619582970656e-11,OCUBM,breast
PD_07_PD_10,-1.2454592912547469e-10,OCUBM,breast
PD_08_PD_10,-0.0125724557025216,OCUBM,breast
PD_08_PD_12,-0.0099930432890831,OCUBM,breast
PD_08_PD_14,-0.0308911561790685,OCUBM,breast
PD_08_PD_15,-1.9604318168831014e-12,OCUBM,breast
PD_10_PD_12,-2.5622042265638356e-09,OCUBM,breast
PD_10_PD_13,1.3753220784451514e-11,OCUBM,breast
PD_10_PD_15,-8.835154829966996e-12,OCUBM,breast
PD_01_PD_02,-0.0014906456375384,T47D,breast
PD_01_PD_03,-0.0039987479680352,T47D,breast
PD_01_PD_08,-0.0234407323383979,T47D,breast
PD_01_PD_10,-0.0038249775916937,T47D,breast
PD_03_PD_05,-1.0684541029704062e-09,T47D,breast
PD_03_PD_06,-0.0211561899445626,T47D,breast
PD_03_PD_07,-9.967904279761795e-11,T47D,breast
PD_03_PD_08,-0.0212927401936399,T47D,breast
PD_03_PD_09,-6.542764063866002e-08,T47D,breast
PD_03_PD_10,-5.945817369568118e-07,T47D,breast
PD_03_PD_11,-5.946372332310546e-07,T47D,breast
PD_03_PD_12,-2.153832667772804e-14,T47D,breast
PD_03_PD_15,-5.332401187274627e-13,T47D,breast
PD_06_PD_08,0.0041374453799892,T47D,breast
PD_06_PD_10,-0.5242523918736672,T47D,breast
PD_06_PD_14,-0.0146900830616089,T47D,breast
PD_07_PD_08,-0.0072638600427559,T47D,breast
PD_07_PD_10,-1.3130362352953282e-09,T47D,breast
PD_08_PD_10,-0.2908442814300354,T47D,breast
PD_08_PD_12,-0.0001830841071117,T47D,breast
PD_08_PD_14,-0.0148731671687206,T47D,breast
PD_08_PD_15,-0.0004674553595117,T47D,breast
PD_10_PD_12,-8.881784197001252e-16,T47D,breast
PD_10_PD_13,5.549627424272785e-11,T47D,breast
PD_10_PD_15,-5.1030291103870695e-11,T47D,breast
PD_01_PD_02,-0.0046624737908751,UACC812,breast
PD_01_PD_03,-0.0135392542075053,UACC812,breast
PD_01_PD_08,-0.1542813024808798,UACC812,breast
PD_01_PD_10,-0.0141784827708035,UACC812,breast
PD_03_PD_05,-8.339814804303458e-07,UACC812,breast
PD_03_PD_06,-0.051282235171844,UACC812,breast
PD_03_PD_07,-1.1159601498444972e-07,UACC812,breast
PD_03_PD_08,-0.051282235171844,UACC812,breast
PD_03_PD_09,-8.339809018931277e-07,UACC812,breast
PD_03_PD_10,-1.3777473417020404e-05,UACC812,breast
PD_03_PD_11,-1.3781164473036789e-05,UACC812,breast
PD_03_PD_12,0.0,UACC812,breast
PD_03_PD_15,-3.755387778525687e-09,UACC812,breast
PD_06_PD_08,0.1199434509097534,UACC812,breast
PD_06_PD_10,-0.423009633152269,UACC812,breast
PD_06_PD_14,-0.0242600934836169,UACC812,breast
PD_07_PD_08,-0.0038441399095338,UACC812,breast
PD_07_PD_10,-8.227066672361617e-08,UACC812,breast
PD_08_PD_10,-0.3520480100460557,UACC812,breast
PD_08_PD_12,0.0,UACC812,breast
PD_08_PD_14,-0.0242600934836169,UACC812,breast
PD_08_PD_15,-0.0009326273048418,UACC812,breast
PD_10_PD_12,-7.449908459022936e-07,UACC812,breast
PD_10_PD_13,3.6920067003620716e-09,UACC812,breast
PD_10_PD_15,-1.6321882734260382e-09,UACC812,breast
PD_01_PD_02,-0.0733469174867592,UACC893,breast
PD_01_PD_03,-0.1339138253267854,UACC893,breast
PD_01_PD_08,-0.1585531906908336,UACC893,breast
PD_01_PD_10,-0.1390778446887828,UACC893,breast
PD_03_PD_05,-0.0086308728627703,UACC893,breast
PD_03_PD_06,-0.1434120275450687,UACC893,breast
PD_03_PD_07,-0.0030911760094752,UACC893,breast
PD_03_PD_08,-0.1022770727299842,UACC893,breast
PD_03_PD_09,-0.0085652964519058,UACC893,breast
PD_03_PD_10,-0.0221450737943622,UACC893,breast
PD_03_PD_11,-0.0240409661231416,UACC893,breast
PD_03_PD_12,-0.0014855709189962,UACC893,breast
PD_03_PD_15,-0.0004685464076071,UACC893,breast
PD_06_PD_08,0.0088585501087037,UACC893,breast
PD_06_PD_10,-0.4487002651575547,UACC893,breast
PD_06_PD_14,-0.0555059763580199,UACC893,breast
PD_07_PD_08,-0.0077353965333469,UACC893,breast
PD_07_PD_10,-0.0029757002617177,UACC893,breast
PD_08_PD_10,-0.3854991076943583,UACC893,breast
PD_08_PD_12,-0.0445084628911081,UACC893,breast
PD_08_PD_14,-0.0998684465398342,UACC893,breast
PD_08_PD_15,-0.0011196150667815,UACC893,breast
PD_10_PD_12,-0.0015766204125992,UACC893,breast
PD_10_PD_13,0.0021407744100575,UACC893,breast
PD_10_PD_15,-0.0003403036125746,UACC893,breast
PD_01_PD_02,-0.0789384760207594,ZR7530,breast
PD_01_PD_03,-0.1268335461363587,ZR7530,breast
PD_01_PD_08,-0.1241807699487028,ZR7530,breast
PD_01_PD_10,-0.1489930115367993,ZR7530,breast
PD_03_PD_05,-0.0037026690681755,ZR7530,breast
PD_03_PD_06,-0.1562439920869808,ZR7530,breast
PD_03_PD_07,-0.0024659836604459,ZR7530,breast
PD_03_PD_08,-0.0472344453675055,ZR7530,breast
PD_03_PD_09,-0.0036604990449025,ZR7530,breast
PD_03_PD_10,-0.0173924881526992,ZR7530,breast
PD_03_PD_11,-0.0216470919467355,ZR7530,breast
PD_03_PD_12,-0.0091035267198243,ZR7530,breast
PD_03_PD_15,-0.0002668067537008,ZR7530,breast
PD_06_PD_08,0.0012270468053418,ZR7530,breast
PD_06_PD_10,-0.4425446561322051,ZR7530,breast
PD_06_PD_14,-0.0621557430274147,ZR7530,breast
PD_07_PD_08,-0.0023433306096044,ZR7530,breast
PD_07_PD_10,-0.0063285905498442,ZR7530,breast
PD_08_PD_10,-0.266611770030823,ZR7530,breast
PD_08_PD_12,-0.0581477424441387,ZR7530,breast
PD_08_PD_14,-0.1201495064053913,ZR7530,breast
PD_08_PD_15,-0.0002703095935594,ZR7530,breast
PD_10_PD_12,-0.0131269859344796,ZR7530,breast
PD_10_PD_13,0.0044760530140579,ZR7530,breast
PD_10_PD_15,-0.0006083549229705,ZR7530,breast
PD_01_PD_08,-0.0421969145968483,C33A,cervix
PD_01_PD_10,-0.0013685449676693,C33A,cervix
PD_06_PD_08,3.2095676648635774e-05,C33A,cervix
PD_06_PD_10,-0.4375741614225621,C33A,cervix
PD_06_PD_14,-0.0416303139790505,C33A,cervix
PD_07_PD_08,-0.0001900711872767,C33A,cervix
PD_07_PD_10,-2.0909951548020442e-10,C33A,cervix
PD_08_PD_10,-0.0088579078336488,C33A,cervix
PD_08_PD_12,-0.1043526650283814,C33A,cervix
PD_08_PD_14,-0.1459559316717585,C33A,cervix
PD_08_PD_15,-4.410545427957491e-05,C33A,cervix
PD_10_PD_12,-4.933872199686107e-10,C33A,cervix
PD_10_PD_13,1.439959262938828e-12,C33A,cervix
PD_10_PD_15,-1.0684786388992509e-12,C33A,cervix
PD_01_PD_02,-0.0057848004657595,C4I,cervix
PD_01_PD_03,-0.011054396349348,C4I,cervix
PD_01_PD_08,-0.1675956817506644,C4I,cervix
PD_01_PD_10,-0.011883848120045,C4I,cervix
PD_03_PD_05,-3.1296354174870096e-08,C4I,cervix
PD_03_PD_06,-0.1416891621450087,C4I,cervix
PD_03_PD_07,-3.823837468885927e-09,C4I,cervix
PD_03_PD_08,-0.159133049041961,C4I,cervix
PD_03_PD_09,-4.4322119752138185e-08,C4I,cervix
PD_03_PD_10,-7.474431663601067e-07,C4I,cervix
PD_03_PD_11,-7.477537871114492e-07,C4I,cervix
PD_03_PD_12,0.0,C4I,cervix
PD_03_PD_15,-4.9647619349002525e-11,C4I,cervix
PD_06_PD_08,0.0507070545804132,C4I,cervix
PD_06_PD_10,-0.4871098483480751,C4I,cervix
PD_06_PD_14,-0.1005497053763601,C4I,cervix
PD_07_PD_08,-0.0497602412827716,C4I,cervix
PD_07_PD_10,-5.098480748699785e-09,C4I,cervix
PD_08_PD_10,-0.3517810154503146,C4I,cervix
PD_08_PD_12,-0.0174438868980185,C4I,cervix
PD_08_PD_14,-0.1179935922743423,C4I,cervix
PD_08_PD_15,-0.0040775928728249,C4I,cervix
PD_10_PD_12,-3.6017171467506166e-08,C4I,cervix
PD_10_PD_13,3.1062330485553957e-10,C4I,cervix
PD_10_PD_15,-1.6339085640026951e-10,C4I,cervix
PD_01_PD_08,-0.0458321985244235,CASKI,cervix
PD_01_PD_10,-0.001550368425829,CASKI,cervix
PD_06_PD_08,4.621542942784274e-07,CASKI,cervix
PD_06_PD_10,-0.5525629252051003,CASKI,cervix
PD_06_PD_14,-0.029478094333506,CASKI,cervix
PD_07_PD_08,-2.426710107528152e-05,CASKI,cervix
PD_07_PD_10,-2.3736124177276e-11,CASKI,cervix
PD_08_PD_10,-0.0040997681160374,CASKI,cervix
PD_08_PD_12,-0.0038795545915416,CASKI,cervix
PD_08_PD_14,-0.0333576489237193,CASKI,cervix
PD_08_PD_15,-1.1333177798444891e-06,CASKI,cervix
PD_10_PD_12,-1.1153522549989248e-11,CASKI,cervix
PD_10_PD_13,5.551115123125783e-15,CASKI,cervix
PD_10_PD_15,-5.6621374255882976e-15,CASKI,cervix
PD_01_PD_08,-0.0491813409408965,DOTC24510,cervix
PD_01_PD_10,-0.0021444063144206,DOTC24510,cervix
PD_06_PD_08,5.309651657237069e-07,DOTC24510,cervix
PD_06_PD_10,-0.5380692359032848,DOTC24510,cervix
PD_06_PD_14,-0.0341384267552183,DOTC24510,cervix
PD_07_PD_08,-2.434730460465495e-06,DOTC24510,cervix
PD_07_PD_10,-9.023892744153272e-13,DOTC24510,cervix
PD_08_PD_10,-0.0038403649888649,DOTC24510,cervix
PD_08_PD_12,-0.0044838498973565,DOTC24510,cervix
PD_08_PD_14,-0.0386222766510059,DOTC24510,cervix
PD_08_PD_15,-1.2859002153087218e-06,DOTC24510,cervix
PD_10_PD_12,-5.920708368023497e-12,DOTC24510,cervix
PD_10_PD_13,2.3314683517128287e-15,DOTC24510,cervix
PD_10_PD_15,-2.4424906541753444e-15,DOTC24510,cervix
PD_01_PD_08,-0.19634881723992,HELA,cervix
PD_01_PD_10,-0.0639112001997931,HELA,cervix
PD_06_PD_08,0.0074122767370244,HELA,cervix
PD_06_PD_10,-0.1023755038522625,HELA,cervix
PD_06_PD_14,-0.0366452816494967,HELA,cervix
PD_07_PD_08,-0.0122436304522707,HELA,cervix
PD_07_PD_10,-0.0005229341490077,HELA,cervix
PD_08_PD_10,-0.1236748967978532,HELA,cervix
PD_08_PD_12,-0.4038471248270504,HELA,cervix
PD_08_PD_14,-0.4391199152946129,HELA,cervix
PD_08_PD_15,-0.0047501099972384,HELA,cervix
PD_10_PD_12,-0.0019664873131547,HELA,cervix
PD_10_PD_13,0.0002372921110227,HELA,cervix
PD_10_PD_15,-5.151755635812716e-05,HELA,cervix
PD_01_PD_02,-0.0047742872282622,HT3,cervix
PD_01_PD_03,-0.0094280435837277,HT3,cervix
PD_01_PD_08,-0.0344020503382035,HT3,cervix
PD_01_PD_10,-0.0101548231594438,HT3,cervix
PD_03_PD_05,-3.7121689056007763e-09,HT3,cervix
PD_03_PD_06,-0.022071764893557,HT3,cervix
PD_03_PD_07,-7.658929046527874e-10,HT3,cervix
PD_03_PD_08,-0.022158611615198,HT3,cervix
PD_03_PD_09,-1.8593978545755618e-07,HT3,cervix
PD_03_PD_10,-1.3005333221460802e-07,HT3,cervix
PD_03_PD_11,-1.3006979304730493e-07,HT3,cervix
PD_03_PD_12,-5.850875339774575e-14,HT3,cervix
PD_03_PD_15,-3.584355035002318e-12,HT3,cervix
PD_06_PD_08,0.0027946573874418,HT3,cervix
PD_06_PD_10,-0.5003606278669349,HT3,cervix
PD_06_PD_14,-0.0127096456048813,HT3,cervix
PD_07_PD_08,-0.006187040998002,HT3,cervix
PD_07_PD_10,-6.010786313126458e-10,HT3,cervix
PD_08_PD_10,-0.2969752047454816,HT3,cervix
PD_08_PD_12,-8.756618552219209e-05,HT3,cervix
PD_08_PD_14,-0.0127972117904034,HT3,cervix
PD_08_PD_15,-0.0003643379958457,HT3,cervix
PD_10_PD_12,-4.9631524112747634e-08,HT3,cervix
PD_10_PD_13,1.6462387009141818e-11,HT3,cervix
PD_10_PD_15,-1.2853162978387898e-11,HT3,cervix
PD_01_PD_08,-0.0491813409408965,ME180,cervix
PD_01_PD_10,-0.0021444063144206,ME180,cervix
PD_06_PD_08,5.309651657237069e-07,ME180,cervix
PD_06_PD_10,-0.5380692359032848,ME180,cervix
PD_06_PD_14,-0.0341384267552183,ME180,cervix
PD_07_PD_08,-2.434730460465495e-06,ME180,cervix
PD_07_PD_10,-9.023892744153272e-13,ME180,cervix
PD_08_PD_10,-0.0038403649888649,ME180,cervix
PD_08_PD_12,-0.0044838498973565,ME180,cervix
PD_08_PD_14,-0.0386222766510059,ME180,cervix
PD_08_PD_15,-1.2859002153087218e-06,ME180,cervix
PD_10_PD_12,-5.920708368023497e-12,ME180,cervix
PD_10_PD_13,2.3314683517128287e-15,ME180,cervix
PD_10_PD_15,-2.4424906541753444e-15,ME180,cervix
PD_01_PD_08,-0.0346940221766696,MS751,cervix
PD_01_PD_10,-0.0027600730442025,MS751,cervix
PD_06_PD_08,2.615994828092383e-06,MS751,cervix
PD_06_PD_10,-0.5535657950404682,MS751,cervix
PD_06_PD_14,-0.0210687981552706,MS751,cervix
PD_07_PD_08,-1.1620327748596004e-05,MS751,cervix
PD_07_PD_10,-7.856826300667308e-11,MS751,cervix
PD_08_PD_10,-0.0028518280158008,MS751,cervix
PD_08_PD_12,-0.0018654708424654,MS751,cervix
PD_08_PD_14,-0.0229342687008972,MS751,cervix
PD_08_PD_15,-4.699422155529653e-06,MS751,cervix
PD_10_PD_12,2.9348745655966013e-12,MS751,cervix
PD_10_PD_13,2.116862241052786e-12,MS751,cervix
PD_10_PD_15,-2.222333428392176e-12,MS751,cervix
PD_01_PD_08,-0.1973200446302015,SIHA,cervix
PD_01_PD_10,-0.0550268753963748,SIHA,cervix
PD_06_PD_08,0.0063165373443929,SIHA,cervix
PD_06_PD_10,-0.1068318582045766,SIHA,cervix
PD_06_PD_14,-0.0386130392414597,SIHA,cervix
PD_07_PD_08,-0.0104606763658863,SIHA,cervix
PD_07_PD_10,-0.0004054888941346,SIHA,cervix
PD_08_PD_10,-0.1160069013862422,SIHA,cervix
PD_08_PD_12,-0.4026212500492619,SIHA,cervix
PD_08_PD_14,-0.4401209591211318,SIHA,cervix
PD_08_PD_15,-0.0042268166299872,SIHA,cervix
PD_10_PD_12,-0.0015555922593852,SIHA,cervix
PD_10_PD_13,0.0001690402301467,SIHA,cervix
PD_10_PD_15,-3.829422677958938e-05,SIHA,cervix
PD_01_PD_02,-0.0086147536379299,SISO,cervix
PD_01_PD_03,-0.0152120833783344,SISO,cervix
PD_01_PD_08,-0.0576312408326085,SISO,cervix
PD_01_PD_10,-0.0111380452174507,SISO,cervix
PD_03_PD_05,-1.1085754869633035e-08,SISO,cervix
PD_03_PD_06,-0.0836479882702693,SISO,cervix
PD_03_PD_07,-1.8823731462447315e-10,SISO,cervix
PD_03_PD_08,-0.0836327108703757,SISO,cervix
PD_03_PD_09,-1.1085749207495612e-08,SISO,cervix
PD_03_PD_10,-6.410918560462164e-07,SISO,cervix
PD_03_PD_11,-6.413722912768094e-07,SISO,cervix
PD_03_PD_12,-8.859579736508749e-14,SISO,cervix
PD_03_PD_15,-1.2696843576520678e-11,SISO,cervix
PD_06_PD_08,0.033163329662406,SISO,cervix
PD_06_PD_10,-0.5129074954494216,SISO,cervix
PD_06_PD_14,-0.0523810157650294,SISO,cervix
PD_07_PD_08,-0.0584137683788898,SISO,cervix
PD_07_PD_10,-4.670145492546851e-09,SISO,cervix
PD_08_PD_10,-0.3813926295590775,SISO,cervix
PD_08_PD_12,-1.9253487693049465e-11,SISO,cervix
PD_08_PD_14,-0.0523810157842828,SISO,cervix
PD_08_PD_15,-0.0024305330960077,SISO,cervix
PD_10_PD_12,-2.993269487827632e-08,SISO,cervix
PD_10_PD_13,2.804352305929569e-10,SISO,cervix
PD_10_PD_15,-1.483231315546618e-10,SISO,cervix
PD_01_PD_02,-0.0002201507571135,SKGIIIA,cervix
PD_01_PD_03,-0.000867319321625,SKGIIIA,cervix
PD_01_PD_08,-0.0132162468196767,SKGIIIA,cervix
PD_01_PD_10,-0.0011707636709782,SKGIIIA,cervix
PD_03_PD_05,-3.3747302952136244e-08,SKGIIIA,cervix
PD_03_PD_06,-0.0012343546920215,SKGIIIA,cervix
PD_03_PD_07,-3.611615340126661e-09,SKGIIIA,cervix
PD_03_PD_08,-0.0013154590738689,SKGIIIA,cervix
PD_03_PD_09,-5.209743068945727e-06,SKGIIIA,cervix
PD_03_PD_10,-4.620490670070865e-07,SKGIIIA,cervix
PD_03_PD_11,-4.620632562124527e-07,SKGIIIA,cervix
PD_03_PD_12,-2.220446049250313e-16,SKGIIIA,cervix
PD_03_PD_15,-6.798772655969286e-11,SKGIIIA,cervix
PD_06_PD_08,5.944834491344864e-08,SKGIIIA,cervix
PD_06_PD_10,-0.5116160680441351,SKGIIIA,cervix
PD_06_PD_14,-0.0039957249811315,SKGIIIA,cervix
PD_07_PD_08,-1.1553692378374336e-06,SKGIIIA,cervix
PD_07_PD_10,-6.704187205386346e-10,SKGIIIA,cervix
PD_08_PD_10,-0.0675935697951697,SKGIIIA,cervix
PD_08_PD_12,-0.0001336535055094,SKGIIIA,cervix
PD_08_PD_14,-0.0041293784866286,SKGIIIA,cervix
PD_08_PD_15,-5.362108468354165e-08,SKGIIIA,cervix
PD_10_PD_12,-2.4586604430165693e-07,SKGIIIA,cervix
PD_10_PD_13,1.4190648656153826e-11,SKGIIIA,cervix
PD_10_PD_15,-1.4712675522332574e-11,SKGIIIA,cervix
PD_01_PD_02,-0.0103826467004244,SW756,cervix
PD_01_PD_03,-0.0182026239452193,SW756,cervix
PD_01_PD_08,-0.1701391970914609,SW756,cervix
PD_01_PD_10,-0.0064689254614581,SW756,cervix
PD_03_PD_05,-1.2036482921473636e-08,SW756,cervix
PD_03_PD_06,-0.1161326766404564,SW756,cervix
PD_03_PD_07,-2.6079749471108466e-10,SW756,cervix
PD_03_PD_08,-0.1161326766404564,SW756,cervix
PD_03_PD_09,-1.2036474039689438e-08,SW756,cervix
PD_03_PD_10,-7.714039399475681e-07,SW756,cervix
PD_03_PD_11,-7.718081476149052e-07,SW756,cervix
PD_03_PD_12,0.0,SW756,cervix
PD_03_PD_15,-1.608868593905299e-11,SW756,cervix
PD_06_PD_08,0.0364368786352017,SW756,cervix
PD_06_PD_10,-0.5179465704208286,SW756,cervix
PD_06_PD_14,-0.0711976838551428,SW756,cervix
PD_07_PD_08,-0.0403595338723781,SW756,cervix
PD_07_PD_10,-6.346398850887169e-09,SW756,cervix
PD_08_PD_10,-0.4474719428385619,SW756,cervix
PD_08_PD_12,0.0,SW756,cervix
PD_08_PD_14,-0.0711976838551428,SW756,cervix
PD_08_PD_15,-0.0030274072360308,SW756,cervix
PD_10_PD_12,-2.0401672573555633e-08,SW756,cervix
PD_10_PD_13,4.0420822244868754e-10,SW756,cervix
PD_10_PD_15,-2.0830770441904176e-10,SW756,cervix
PD_01_PD_08,-0.1944560916823982,TCYIK,cervix
PD_01_PD_10,-0.060640109536173,TCYIK,cervix
PD_06_PD_08,0.0062875052105422,TCYIK,cervix
PD_06_PD_10,-0.1100245156333421,TCYIK,cervix
PD_06_PD_14,-0.0400477375958441,TCYIK,cervix
PD_07_PD_08,-0.0109998529370846,TCYIK,cervix
PD_07_PD_10,-0.0004077223928165,TCYIK,cervix
PD_08_PD_10,-0.1100608427015018,TCYIK,cervix
PD_08_PD_12,-0.3995381436831251,TCYIK,cervix
PD_08_PD_14,-0.4384939573762502,TCYIK,cervix
PD_08_PD_15,-0.004181958784328,TCYIK,cervix
PD_10_PD_12,-0.0014337835312032,TCYIK,cervix
PD_10_PD_13,0.000166197359792,TCYIK,cervix
PD_10_PD_15,-3.673135896753443e-05,TCYIK,cervix
PD_01_PD_02,-0.0047305695102382,42MGBA,cns
PD_01_PD_03,-0.0089074878166173,42MGBA,cns
PD_01_PD_08,-0.2137180469203111,42MGBA,cns
PD_01_PD_10,-0.0043493646540745,42MGBA,cns
PD_03_PD_05,-2.907842007182637e-07,42MGBA,cns
PD_03_PD_06,-0.1201609762686397,42MGBA,cns
PD_03_PD_07,-2.0782515086636977e-07,42MGBA,cns
PD_03_PD_08,-0.1379203147542317,42MGBA,cns
PD_03_PD_09,-2.816366370117507e-07,42MGBA,cns
PD_03_PD_10,-1.411604709566916e-06,42MGBA,cns
PD_03_PD_11,-1.4123681145727929e-06,42MGBA,cns
PD_03_PD_12,0.0,42MGBA,cns
PD_03_PD_15,-1.085927459065772e-09,42MGBA,cns
PD_06_PD_08,0.0377742770807878,42MGBA,cns
PD_06_PD_10,-0.5066886220097124,42MGBA,cns
PD_06_PD_14,-0.0885363000770466,42MGBA,cns
PD_07_PD_08,-0.0208840268880625,42MGBA,cns
PD_07_PD_10,-3.580210383713478e-08,42MGBA,cns
PD_08_PD_10,-0.3813956946684279,42MGBA,cns
PD_08_PD_12,-0.0177593385175549,42MGBA,cns
PD_08_PD_14,-0.1062956385912826,42MGBA,cns
PD_08_PD_15,-0.003253105980652,42MGBA,cns
PD_10_PD_12,-3.8414608893866397e-07,42MGBA,cns
PD_10_PD_13,7.65437491168086e-10,42MGBA,cns
PD_10_PD_15,-3.8828329440576676e-10,42MGBA,cns
PD_01_PD_08,-0.0498512922094895,8MGBA,cns
PD_01_PD_10,-0.0022227022422433,8MGBA,cns
PD_06_PD_08,1.4080706872698912e-06,8MGBA,cns
PD_06_PD_10,-0.4402823079537144,8MGBA,cns
PD_06_PD_14,-0.0392970820510766,8MGBA,cns
PD_07_PD_08,-3.802570922517568e-05,8MGBA,cns
PD_07_PD_10,-1.2856826714369164e-11,8MGBA,cns
PD_08_PD_10,-0.0046115301380522,8MGBA,cns
PD_08_PD_12,-0.1063676399285015,8MGBA,cns
PD_08_PD_14,-0.1456235971501329,8MGBA,cns
PD_08_PD_15,-3.0968489012073164e-06,8MGBA,cns
PD_10_PD_12,-7.888134589961737e-12,8MGBA,cns
PD_10_PD_13,7.438494264988549e-15,8MGBA,cns
PD_10_PD_15,-6.772360450213455e-15,8MGBA,cns
PD_01_PD_02,-0.0007220543635155,A172,cns
PD_01_PD_03,-0.0015840501928111,A172,cns
PD_01_PD_08,-0.0886490849468433,A172,cns
PD_01_PD_10,-0.0013576196751479,A172,cns
PD_03_PD_05,-3.3709635083312145e-10,A172,cns
PD_03_PD_06,-0.0748014657803337,A172,cns
PD_03_PD_07,-2.3928081738233686e-11,A172,cns
PD_03_PD_08,-0.1818234841005308,A172,cns
PD_03_PD_09,-6.29779532412833e-07,A172,cns
PD_03_PD_10,-4.7811478109949235e-09,A172,cns
PD_03_PD_11,-4.781210871662722e-09,A172,cns
PD_03_PD_12,0.0,A172,cns
PD_03_PD_15,-1.310063169057685e-13,A172,cns
PD_06_PD_08,0.0364160330777689,A172,cns
PD_06_PD_10,-0.4334848181542373,A172,cns
PD_06_PD_14,-0.0887817608436524,A172,cns
PD_07_PD_08,-0.0570167524481779,A172,cns
PD_07_PD_10,-4.692801702788074e-12,A172,cns
PD_08_PD_10,-0.2647246395196316,A172,cns
PD_08_PD_12,-0.1070363662513331,A172,cns
PD_08_PD_14,-0.1958037791637511,A172,cns
PD_08_PD_15,-0.0029181175942981,A172,cns
PD_10_PD_12,-1.2212453270876722e-15,A172,cns
PD_10_PD_13,6.306066779870889e-14,A172,cns
PD_10_PD_15,-4.8849813083506894e-14,A172,cns
PD_01_PD_02,-0.0075909101692324,AM38,cns
PD_01_PD_03,-0.0140296882883648,AM38,cns
PD_01_PD_08,-0.0693547724598486,AM38,cns
PD_01_PD_10,-0.0087884529248903,AM38,cns
PD_03_PD_05,-6.017976006411629e-09,AM38,cns
PD_03_PD_06,-0.151454722398512,AM38,cns
PD_03_PD_07,-8.888179081623092e-11,AM38,cns
PD_03_PD_08,-0.151454722398512,AM38,cns
PD_03_PD_09,-6.017974230054791e-09,AM38,cns
PD_03_PD_10,-3.779862778330312e-07,AM38,cns
PD_03_PD_11,-3.781221155074732e-07,AM38,cns
PD_03_PD_12,0.0,AM38,cns
PD_03_PD_15,-5.673350678137013e-12,AM38,cns
PD_06_PD_08,0.0631011965153642,AM38,cns
PD_06_PD_10,-0.5329684585401225,AM38,cns
PD_06_PD_14,-0.1018985547778554,AM38,cns
PD_07_PD_08,-0.1236436000477567,AM38,cns
PD_07_PD_10,-2.533539267268736e-09,AM38,cns
PD_08_PD_10,-0.4198210168237797,AM38,cns
PD_08_PD_12,0.0,AM38,cns
PD_08_PD_14,-0.1018985547778554,AM38,cns
PD_08_PD_15,-0.0051111883366106,AM38,cns
PD_10_PD_12,-2.2712306146921435e-08,AM38,cns
PD_10_PD_13,1.3583834057584454e-10,AM38,cns
PD_10_PD_15,-7.492195752689668e-11,AM38,cns
PD_01_PD_02,-0.0042197626085886,BECKER,cns
PD_01_PD_03,-0.0086878862227768,BECKER,cns
PD_01_PD_08,-0.0374601940025105,BECKER,cns
PD_01_PD_10,-0.0098364108917604,BECKER,cns
PD_03_PD_05,-6.768175242477524e-09,BECKER,cns
PD_03_PD_06,-0.022957521377409,BECKER,cns
PD_03_PD_07,-1.9366147574473302e-09,BECKER,cns
PD_03_PD_08,-0.0230799829848694,BECKER,cns
PD_03_PD_09,-3.55580345390294e-07,BECKER,cns
PD_03_PD_10,-2.250390258584645e-07,BECKER,cns
PD_03_PD_11,-2.250850903440238e-07,BECKER,cns
PD_03_PD_12,-2.3003821070233244e-13,BECKER,cns
PD_03_PD_15,-8.475775636895833e-12,BECKER,cns
PD_06_PD_08,0.003296686295042,BECKER,cns
PD_06_PD_10,-0.5080823613010655,BECKER,cns
PD_06_PD_14,-0.0136966256856706,BECKER,cns
PD_07_PD_08,-0.0066378265274648,BECKER,cns
PD_07_PD_10,-1.5203118763906787e-09,BECKER,cns
PD_08_PD_10,-0.2989615155606342,BECKER,cns
PD_08_PD_12,-0.0001237476126986,BECKER,cns
PD_08_PD_14,-0.0138203732983692,BECKER,cns
PD_08_PD_15,-0.0004057215935638,BECKER,cns
PD_10_PD_12,-1.010296346581896e-07,BECKER,cns
PD_10_PD_13,4.606870440682087e-11,BECKER,cns
PD_10_PD_15,-3.3994140835602587e-11,BECKER,cns
PD_01_PD_08,-0.0498512922094895,CAS1,cns
PD_01_PD_10,-0.0022227022422433,CAS1,cns
PD_06_PD_08,1.4080706872698912e-06,CAS1,cns
PD_06_PD_10,-0.4402823079537144,CAS1,cns
PD_06_PD_14,-0.0392970820510766,CAS1,cns
PD_07_PD_08,-3.802570922517568e-05,CAS1,cns
PD_07_PD_10,-1.2856826714369164e-11,CAS1,cns
PD_08_PD_10,-0.0046115301380522,CAS1,cns
PD_08_PD_12,-0.1063676399285015,CAS1,cns
PD_08_PD_14,-0.1456235971501329,CAS1,cns
PD_08_PD_15,-3.0968489012073164e-06,CAS1,cns
PD_10_PD_12,-7.888134589961737e-12,CAS1,cns
PD_10_PD_13,7.438494264988549e-15,CAS1,cns
PD_10_PD_15,-6.772360450213455e-15,CAS1,cns
PD_01_PD_08,-0.0498512922094895,D263MG,cns
PD_01_PD_10,-0.0022227022422433,D263MG,cns
PD_06_PD_08,1.4080706872698912e-06,D263MG,cns
PD_06_PD_10,-0.4402823079537144,D263MG,cns
PD_06_PD_14,-0.0392970820510766,D263MG,cns
PD_07_PD_08,-3.802570922517568e-05,D263MG,cns
PD_07_PD_10,-1.2856826714369164e-11,D263MG,cns
PD_08_PD_10,-0.0046115301380522,D263MG,cns
PD_08_PD_12,-0.1063676399285015,D263MG,cns
PD_08_PD_14,-0.1456235971501329,D263MG,cns
PD_08_PD_15,-3.0968489012073164e-06,D263MG,cns
PD_10_PD_12,-7.888134589961737e-12,D263MG,cns
PD_10_PD_13,7.438494264988549e-15,D263MG,cns
PD_10_PD_15,-6.772360450213455e-15,D263MG,cns
PD_01_PD_08,-0.1973200446302015,D283MED,cns
PD_01_PD_10,-0.0550268753963748,D283MED,cns
PD_06_PD_08,0.0063165373443929,D283MED,cns
PD_06_PD_10,-0.1068318582045766,D283MED,cns
PD_06_PD_14,-0.0386130392414597,D283MED,cns
PD_07_PD_08,-0.0104606763658863,D283MED,cns
PD_07_PD_10,-0.0004054888941346,D283MED,cns
PD_08_PD_10,-0.1160069013862422,D283MED,cns
PD_08_PD_12,-0.4026212500492619,D283MED,cns
PD_08_PD_14,-0.4401209591211318,D283MED,cns
PD_08_PD_15,-0.0042268166299872,D283MED,cns
PD_10_PD_12,-0.0015555922593852,D283MED,cns
PD_10_PD_13,0.0001690402301467,D283MED,cns
PD_10_PD_15,-3.829422677958938e-05,D283MED,cns
PD_01_PD_02,-0.0007220543635155,D392MG,cns
PD_01_PD_03,-0.0015840501928111,D392MG,cns
PD_01_PD_08,-0.0886490849468433,D392MG,cns
PD_01_PD_10,-0.0013576196751479,D392MG,cns
PD_03_PD_05,-3.3709635083312145e-10,D392MG,cns
PD_03_PD_06,-0.0748014657803337,D392MG,cns
PD_03_PD_07,-2.3928081738233686e-11,D392MG,cns
PD_03_PD_08,-0.1818234841005308,D392MG,cns
PD_03_PD_09,-6.29779532412833e-07,D392MG,cns
PD_03_PD_10,-4.7811478109949235e-09,D392MG,cns
PD_03_PD_11,-4.781210871662722e-09,D392MG,cns
PD_03_PD_12,0.0,D392MG,cns
PD_03_PD_15,-1.310063169057685e-13,D392MG,cns
PD_06_PD_08,0.0364160330777689,D392MG,cns
PD_06_PD_10,-0.4334848181542373,D392MG,cns
PD_06_PD_14,-0.0887817608436524,D392MG,cns
PD_07_PD_08,-0.0570167524481779,D392MG,cns
PD_07_PD_10,-4.692801702788074e-12,D392MG,cns
PD_08_PD_10,-0.2647246395196316,D392MG,cns
PD_08_PD_12,-0.1070363662513331,D392MG,cns
PD_08_PD_14,-0.1958037791637511,D392MG,cns
PD_08_PD_15,-0.0029181175942981,D392MG,cns
PD_10_PD_12,-1.2212453270876722e-15,D392MG,cns
PD_10_PD_13,6.306066779870889e-14,D392MG,cns
PD_10_PD_15,-4.8849813083506894e-14,D392MG,cns
PD_01_PD_02,-0.0002201507571135,DAOY,cns
PD_01_PD_03,-0.000867319321625,DAOY,cns
PD_01_PD_08,-0.0132162468196767,DAOY,cns
PD_01_PD_10,-0.0011707636709782,DAOY,cns
PD_03_PD_05,-3.3747302952136244e-08,DAOY,cns
PD_03_PD_06,-0.0012343546920215,DAOY,cns
PD_03_PD_07,-3.611615340126661e-09,DAOY,cns
PD_03_PD_08,-0.0013154590738689,DAOY,cns
PD_03_PD_09,-5.209743068945727e-06,DAOY,cns
PD_03_PD_10,-4.620490670070865e-07,DAOY,cns
PD_03_PD_11,-4.620632562124527e-07,DAOY,cns
PD_03_PD_12,-2.220446049250313e-16,DAOY,cns
PD_03_PD_15,-6.798772655969286e-11,DAOY,cns
PD_06_PD_08,5.944834491344864e-08,DAOY,cns
PD_06_PD_10,-0.5116160680441351,DAOY,cns
PD_06_PD_14,-0.0039957249811315,DAOY,cns
PD_07_PD_08,-1.1553692378374336e-06,DAOY,cns
PD_07_PD_10,-6.704187205386346e-10,DAOY,cns
PD_08_PD_10,-0.0675935697951697,DAOY,cns
PD_08_PD_12,-0.0001336535055094,DAOY,cns
PD_08_PD_14,-0.0041293784866286,DAOY,cns
PD_08_PD_15,-5.362108468354165e-08,DAOY,cns
PD_10_PD_12,-2.4586604430165693e-07,DAOY,cns
PD_10_PD_13,1.4190648656153826e-11,DAOY,cns
PD_10_PD_15,-1.4712675522332574e-11,DAOY,cns
PD_01_PD_02,-0.0009063099274867,DBTRG05MG,cns
PD_01_PD_03,-0.0019094700465939,DBTRG05MG,cns
PD_01_PD_08,-0.1997248132129923,DBTRG05MG,cns
PD_01_PD_10,-0.0083844622726387,DBTRG05MG,cns
PD_03_PD_05,-2.151596201205308e-08,DBTRG05MG,cns
PD_03_PD_06,-0.1378858641553814,DBTRG05MG,cns
PD_03_PD_07,-1.908667923711249e-08,DBTRG05MG,cns
PD_03_PD_08,-0.0788357605012067,DBTRG05MG,cns
PD_03_PD_09,-2.1515955572759538e-08,DBTRG05MG,cns
PD_03_PD_10,-3.077550256858075e-07,DBTRG05MG,cns
PD_03_PD_11,-3.078322551308688e-07,DBTRG05MG,cns
PD_03_PD_12,-2.4291039180113212e-09,DBTRG05MG,cns
PD_03_PD_15,-4.3079873002227487e-11,DBTRG05MG,cns
PD_06_PD_08,0.0836402254398294,DBTRG05MG,cns
PD_06_PD_10,-0.4377954877616026,DBTRG05MG,cns
PD_06_PD_14,-0.0806162870066271,DBTRG05MG,cns
PD_07_PD_08,-0.0017299844078206,DBTRG05MG,cns
PD_07_PD_10,-9.266951650488408e-10,DBTRG05MG,cns
PD_08_PD_10,-0.1215035783811302,DBTRG05MG,cns
PD_08_PD_12,-0.0334194612195848,DBTRG05MG,cns
PD_08_PD_14,-0.1140357482169707,DBTRG05MG,cns
PD_08_PD_15,-0.0019730801504882,DBTRG05MG,cns
PD_10_PD_12,-3.9572113019747945e-07,DBTRG05MG,cns
PD_10_PD_13,7.719724859356347e-11,DBTRG05MG,cns
PD_10_PD_15,-4.5773940193782885e-11,DBTRG05MG,cns
PD_01_PD_08,-0.0273972880735412,DKMG,cns
PD_01_PD_10,-0.0003637014528106,DKMG,cns
PD_06_PD_08,3.260185590481246e-05,DKMG,cns
PD_06_PD_10,-0.4313362419608988,DKMG,cns
PD_06_PD_14,-0.0448972429556676,DKMG,cns
PD_07_PD_08,-0.0001945802831619,DKMG,cns
PD_07_PD_10,-2.0914092679902294e-10,DKMG,cns
PD_08_PD_10,-0.0094795715341892,DKMG,cns
PD_08_PD_12,-0.1049453612318642,DKMG,cns
PD_08_PD_14,-0.1498155567296187,DKMG,cns
PD_08_PD_15,-4.522051120792181e-05,DKMG,cns
PD_10_PD_12,-4.941406173131212e-10,DKMG,cns
PD_10_PD_13,1.4402923298462156e-12,DKMG,cns
PD_10_PD_15,-1.0688117058066382e-12,DKMG,cns
PD_01_PD_02,-0.0002201507571135,GAMG,cns
PD_01_PD_03,-0.000867319321625,GAMG,cns
PD_01_PD_08,-0.0132162468196767,GAMG,cns
PD_01_PD_10,-0.0011707636709782,GAMG,cns
PD_03_PD_05,-3.3747302952136244e-08,GAMG,cns
PD_03_PD_06,-0.0012343546920215,GAMG,cns
PD_03_PD_07,-3.611615340126661e-09,GAMG,cns
PD_03_PD_08,-0.0013154590738689,GAMG,cns
PD_03_PD_09,-5.209743068945727e-06,GAMG,cns
PD_03_PD_10,-4.620490670070865e-07,GAMG,cns
PD_03_PD_11,-4.620632562124527e-07,GAMG,cns
PD_03_PD_12,-2.220446049250313e-16,GAMG,cns
PD_03_PD_15,-6.798772655969286e-11,GAMG,cns
PD_06_PD_08,5.944834491344864e-08,GAMG,cns
PD_06_PD_10,-0.5116160680441351,GAMG,cns
PD_06_PD_14,-0.0039957249811315,GAMG,cns
PD_07_PD_08,-1.1553692378374336e-06,GAMG,cns
PD_07_PD_10,-6.704187205386346e-10,GAMG,cns
PD_08_PD_10,-0.0675935697951697,GAMG,cns
PD_08_PD_12,-0.0001336535055094,GAMG,cns
PD_08_PD_14,-0.0041293784866286,GAMG,cns
PD_08_PD_15,-5.362108468354165e-08,GAMG,cns
PD_10_PD_12,-2.4586604430165693e-07,GAMG,cns
PD_10_PD_13,1.4190648656153826e-11,GAMG,cns
PD_10_PD_15,-1.4712675522332574e-11,GAMG,cns
PD_01_PD_02,-0.0002201507571135,GB1,cns
PD_01_PD_03,-0.000867319321625,GB1,cns
PD_01_PD_08,-0.0132162468196767,GB1,cns
PD_01_PD_10,-0.0011707636709782,GB1,cns
PD_03_PD_05,-3.3747302952136244e-08,GB1,cns
PD_03_PD_06,-0.0012343546920215,GB1,cns
PD_03_PD_07,-3.611615340126661e-09,GB1,cns
PD_03_PD_08,-0.0013154590738689,GB1,cns
PD_03_PD_09,-5.209743068945727e-06,GB1,cns
PD_03_PD_10,-4.620490670070865e-07,GB1,cns
PD_03_PD_11,-4.620632562124527e-07,GB1,cns
PD_03_PD_12,-2.220446049250313e-16,GB1,cns
PD_03_PD_15,-6.798772655969286e-11,GB1,cns
PD_06_PD_08,5.944834491344864e-08,GB1,cns
PD_06_PD_10,-0.5116160680441351,GB1,cns
PD_06_PD_14,-0.0039957249811315,GB1,cns
PD_07_PD_08,-1.1553692378374336e-06,GB1,cns
PD_07_PD_10,-6.704187205386346e-10,GB1,cns
PD_08_PD_10,-0.0675935697951697,GB1,cns
PD_08_PD_12,-0.0001336535055094,GB1,cns
PD_08_PD_14,-0.0041293784866286,GB1,cns
PD_08_PD_15,-5.362108468354165e-08,GB1,cns
PD_10_PD_12,-2.4586604430165693e-07,GB1,cns
PD_10_PD_13,1.4190648656153826e-11,GB1,cns
PD_10_PD_15,-1.4712675522332574e-11,GB1,cns
PD_01_PD_02,-0.0002201507571135,GI1,cns
PD_01_PD_03,-0.000867319321625,GI1,cns
PD_01_PD_08,-0.0132162468196767,GI1,cns
PD_01_PD_10,-0.0011707636709782,GI1,cns
PD_03_PD_05,-3.3747302952136244e-08,GI1,cns
PD_03_PD_06,-0.0012343546920215,GI1,cns
PD_03_PD_07,-3.611615340126661e-09,GI1,cns
PD_03_PD_08,-0.0013154590738689,GI1,cns
PD_03_PD_09,-5.209743068945727e-06,GI1,cns
PD_03_PD_10,-4.620490670070865e-07,GI1,cns
PD_03_PD_11,-4.620632562124527e-07,GI1,cns
PD_03_PD_12,-2.220446049250313e-16,GI1,cns
PD_03_PD_15,-6.798772655969286e-11,GI1,cns
PD_06_PD_08,5.944834491344864e-08,GI1,cns
PD_06_PD_10,-0.5116160680441351,GI1,cns
PD_06_PD_14,-0.0039957249811315,GI1,cns
PD_07_PD_08,-1.1553692378374336e-06,GI1,cns
PD_07_PD_10,-6.704187205386346e-10,GI1,cns
PD_08_PD_10,-0.0675935697951697,GI1,cns
PD_08_PD_12,-0.0001336535055094,GI1,cns
PD_08_PD_14,-0.0041293784866286,GI1,cns
PD_08_PD_15,-5.362108468354165e-08,GI1,cns
PD_10_PD_12,-2.4586604430165693e-07,GI1,cns
PD_10_PD_13,1.4190648656153826e-11,GI1,cns
PD_10_PD_15,-1.4712675522332574e-11,GI1,cns
PD_01_PD_08,-0.2488483571863897,H4,cns
PD_01_PD_10,-0.0323309013601218,H4,cns
PD_06_PD_08,0.0097792383368545,H4,cns
PD_06_PD_10,-0.0997972919898956,H4,cns
PD_06_PD_14,-0.0341044839262917,H4,cns
PD_07_PD_08,-0.0142376053996292,H4,cns
PD_07_PD_10,-1.1177635225068094e-05,H4,cns
PD_08_PD_10,-0.1488968826714382,H4,cns
PD_08_PD_12,-0.4075538182119778,H4,cns
PD_08_PD_14,-0.4415623682002116,H4,cns
PD_08_PD_15,-0.0069676355137714,H4,cns
PD_10_PD_12,-3.527734231045798e-05,H4,cns
PD_10_PD_13,2.462143920189952e-06,H4,cns
PD_10_PD_15,-4.566953781814931e-07,H4,cns
PD_01_PD_08,-0.0543610068230896,KALS1,cns
PD_01_PD_10,-0.0005723833122501,KALS1,cns
PD_06_PD_08,2.5059829479090467e-05,KALS1,cns
PD_06_PD_10,-0.5025320984962852,KALS1,cns
PD_06_PD_14,-0.0602970874044777,KALS1,cns
PD_07_PD_08,-0.0003028556972761,KALS1,cns
PD_07_PD_10,-1.4417356197782285e-12,KALS1,cns
PD_08_PD_10,-0.0212501515939582,KALS1,cns
PD_08_PD_12,-0.0135432659525349,KALS1,cns
PD_08_PD_14,-0.0738403533544773,KALS1,cns
PD_08_PD_15,-3.883462643872182e-05,KALS1,cns
PD_10_PD_12,-2.2483237493986508e-11,KALS1,cns
PD_10_PD_13,1.3100631690576847e-14,KALS1,cns
PD_10_PD_15,-8.437694987151191e-15,KALS1,cns
PD_01_PD_02,-0.0002201507571135,KINGS1,cns
PD_01_PD_03,-0.000867319321625,KINGS1,cns
PD_01_PD_08,-0.0132162468196767,KINGS1,cns
PD_01_PD_10,-0.0011707636709782,KINGS1,cns
PD_03_PD_05,-3.3747302952136244e-08,KINGS1,cns
PD_03_PD_06,-0.0012343546920215,KINGS1,cns
PD_03_PD_07,-3.611615340126661e-09,KINGS1,cns
PD_03_PD_08,-0.0013154590738689,KINGS1,cns
PD_03_PD_09,-5.209743068945727e-06,KINGS1,cns
PD_03_PD_10,-4.620490670070865e-07,KINGS1,cns
PD_03_PD_11,-4.620632562124527e-07,KINGS1,cns
PD_03_PD_12,-2.220446049250313e-16,KINGS1,cns
PD_03_PD_15,-6.798772655969286e-11,KINGS1,cns
PD_06_PD_08,5.944834491344864e-08,KINGS1,cns
PD_06_PD_10,-0.5116160680441351,KINGS1,cns
PD_06_PD_14,-0.0039957249811315,KINGS1,cns
PD_07_PD_08,-1.1553692378374336e-06,KINGS1,cns
PD_07_PD_10,-6.704187205386346e-10,KINGS1,cns
PD_08_PD_10,-0.0675935697951697,KINGS1,cns
PD_08_PD_12,-0.0001336535055094,KINGS1,cns
PD_08_PD_14,-0.0041293784866286,KINGS1,cns
PD_08_PD_15,-5.362108468354165e-08,KINGS1,cns
PD_10_PD_12,-2.4586604430165693e-07,KINGS1,cns
PD_10_PD_13,1.4190648656153826e-11,KINGS1,cns
PD_10_PD_15,-1.4712675522332574e-11,KINGS1,cns
PD_01_PD_02,-0.0082790034620356,KS1,cns
PD_01_PD_03,-0.0153541107658987,KS1,cns
PD_01_PD_08,-0.0576010710351511,KS1,cns
PD_01_PD_10,-0.0044957097227219,KS1,cns
PD_03_PD_05,-2.593190540078893e-08,KS1,cns
PD_03_PD_06,-0.038293410651743,KS1,cns
PD_03_PD_07,-5.297232652523576e-10,KS1,cns
PD_03_PD_08,-0.1191249549633725,KS1,cns
PD_03_PD_09,-4.974800926760282e-08,KS1,cns
PD_03_PD_10,-9.364224157204504e-07,KS1,cns
PD_03_PD_11,-9.36972065379571e-07,KS1,cns
PD_03_PD_12,0.0,KS1,cns
PD_03_PD_15,-3.772449019834312e-11,KS1,cns
PD_06_PD_08,0.0211009662509178,KS1,cns
PD_06_PD_10,-0.4287063451579687,KS1,cns
PD_06_PD_14,-0.0678311197842376,KS1,cns
PD_07_PD_08,-0.0407358280626714,KS1,cns
PD_07_PD_10,-8.227435732699462e-09,KS1,cns
PD_08_PD_10,-0.1849649100969802,KS1,cns
PD_08_PD_12,-0.0808315443152833,KS1,cns
PD_08_PD_14,-0.1486626640991413,KS1,cns
PD_08_PD_15,-0.0017385094572349,KS1,cns
PD_10_PD_12,-2.5152221083679652e-08,KS1,cns
PD_10_PD_13,5.496511024105644e-10,KS1,cns
PD_10_PD_15,-2.7784152756282765e-10,KS1,cns
PD_01_PD_02,-0.0047742872282622,LN18,cns
PD_01_PD_03,-0.0094280435837277,LN18,cns
PD_01_PD_08,-0.0344020503382035,LN18,cns
PD_01_PD_10,-0.0101548231594438,LN18,cns
PD_03_PD_05,-3.7121689056007763e-09,LN18,cns
PD_03_PD_06,-0.022071764893557,LN18,cns
PD_03_PD_07,-7.658929046527874e-10,LN18,cns
PD_03_PD_08,-0.022158611615198,LN18,cns
PD_03_PD_09,-1.8593978545755618e-07,LN18,cns
PD_03_PD_10,-1.3005333221460802e-07,LN18,cns
PD_03_PD_11,-1.3006979304730493e-07,LN18,cns
PD_03_PD_12,-5.850875339774575e-14,LN18,cns
PD_03_PD_15,-3.584355035002318e-12,LN18,cns
PD_06_PD_08,0.0027946573874418,LN18,cns
PD_06_PD_10,-0.5003606278669349,LN18,cns
PD_06_PD_14,-0.0127096456048813,LN18,cns
PD_07_PD_08,-0.006187040998002,LN18,cns
PD_07_PD_10,-6.010786313126458e-10,LN18,cns
PD_08_PD_10,-0.2969752047454816,LN18,cns
PD_08_PD_12,-8.756618552219209e-05,LN18,cns
PD_08_PD_14,-0.0127972117904034,LN18,cns
PD_08_PD_15,-0.0003643379958457,LN18,cns
PD_10_PD_12,-4.9631524112747634e-08,LN18,cns
PD_10_PD_13,1.6462387009141818e-11,LN18,cns
PD_10_PD_15,-1.2853162978387898e-11,LN18,cns
PD_01_PD_02,-0.0017773192942426,LN229,cns
PD_01_PD_03,-0.0090279720668816,LN229,cns
PD_01_PD_08,-0.0312812707291467,LN229,cns
PD_01_PD_10,-0.0044088674444612,LN229,cns
PD_03_PD_05,-2.9110575616719814e-06,LN229,cns
PD_03_PD_06,-0.0211335156219955,LN229,cns
PD_03_PD_07,-3.827861245753184e-07,LN229,cns
PD_03_PD_08,-0.0211335156219955,LN229,cns
PD_03_PD_09,-2.911057221943736e-06,LN229,cns
PD_03_PD_10,-2.829322455388805e-05,LN229,cns
PD_03_PD_11,-2.82997629441617e-05,LN229,cns
PD_03_PD_12,0.0,LN229,cns
PD_03_PD_15,-2.8315751299246017e-08,LN229,cns
PD_06_PD_08,0.001363817207334,LN229,cns
PD_06_PD_10,-0.5432966276848364,LN229,cns
PD_06_PD_14,-0.0084962321121241,LN229,cns
PD_07_PD_08,-0.0025185692454067,LN229,cns
PD_07_PD_10,-1.0764566304999337e-07,LN229,cns
PD_08_PD_10,-0.4649328704578763,LN229,cns
PD_08_PD_12,0.0,LN229,cns
PD_08_PD_14,-0.0084962321121241,LN229,cns
PD_08_PD_15,-0.0001945425045415,LN229,cns
PD_10_PD_12,-1.939905791559226e-09,LN229,cns
PD_10_PD_13,6.548540376627443e-09,LN229,cns
PD_10_PD_15,-4.095125127889787e-09,LN229,cns
PD_01_PD_08,-0.0668561305242869,LN405,cns
PD_01_PD_10,-0.0006604116251538,LN405,cns
PD_06_PD_08,2.678088985619276e-05,LN405,cns
PD_06_PD_10,-0.5225739314563456,LN405,cns
PD_06_PD_14,-0.0652055276640671,LN405,cns
PD_07_PD_08,-0.0002074881846269,LN405,cns
PD_07_PD_10,-1.7562618026545353e-12,LN405,cns
PD_08_PD_10,-0.0207781129263759,LN405,cns
PD_08_PD_12,-0.020106589188077,LN405,cns
PD_08_PD_14,-0.0853121168482281,LN405,cns
PD_08_PD_15,-4.0355254527946194e-05,LN405,cns
PD_10_PD_12,-2.9435787141096625e-11,LN405,cns
PD_10_PD_13,1.7763568394002505e-14,LN405,cns
PD_10_PD_15,-1.0658141036401504e-14,LN405,cns
PD_01_PD_08,-0.035277432205828,LNZTA3WT4,cns
PD_01_PD_10,-0.0012218594683313,LNZTA3WT4,cns
PD_06_PD_08,1.543640634871224e-06,LNZTA3WT4,cns
PD_06_PD_10,-0.4413184592891929,LNZTA3WT4,cns
PD_06_PD_14,-0.0451489179738459,LNZTA3WT4,cns
PD_07_PD_08,-4.1469939483285145e-05,LNZTA3WT4,cns
PD_07_PD_10,-1.6362022847715707e-11,LNZTA3WT4,cns
PD_08_PD_10,-0.0047264616474874,LNZTA3WT4,cns
PD_08_PD_12,-0.1085497060002124,LNZTA3WT4,cns
PD_08_PD_14,-0.1536578555353385,LNZTA3WT4,cns
PD_08_PD_15,-3.321051541993469e-06,LNZTA3WT4,cns
PD_10_PD_12,-1.0125233984581428e-11,LNZTA3WT4,cns
PD_10_PD_13,1.0103029524088925e-14,LNZTA3WT4,cns
PD_10_PD_15,-9.214851104388801e-15,LNZTA3WT4,cns
PD_01_PD_08,-0.1997674231579143,M059J,cns
PD_01_PD_10,-0.063431607494535,M059J,cns
PD_06_PD_08,0.0143739539376224,M059J,cns
PD_06_PD_10,-0.2319519639222739,M059J,cns
PD_06_PD_14,-0.0759869940212989,M059J,cns
PD_07_PD_08,-0.0226851782042525,M059J,cns
PD_07_PD_10,-0.0003048059482505,M059J,cns
PD_08_PD_10,-0.1657871333910642,M059J,cns
PD_08_PD_12,-0.2634175505195655,M059J,cns
PD_08_PD_14,-0.3388784887785211,M059J,cns
PD_08_PD_15,-0.0080152421222603,M059J,cns
PD_10_PD_12,-0.0004451092418588,M059J,cns
PD_10_PD_13,6.490251578072925e-05,M059J,cns
PD_10_PD_15,-1.387289829601901e-05,M059J,cns
PD_01_PD_02,-0.0002201507571135,MOGGCCM,cns
PD_01_PD_03,-0.000867319321625,MOGGCCM,cns
PD_01_PD_08,-0.0132162468196767,MOGGCCM,cns
PD_01_PD_10,-0.0011707636709782,MOGGCCM,cns
PD_03_PD_05,-3.3747302952136244e-08,MOGGCCM,cns
PD_03_PD_06,-0.0012343546920215,MOGGCCM,cns
PD_03_PD_07,-3.611615340126661e-09,MOGGCCM,cns
PD_03_PD_08,-0.0013154590738689,MOGGCCM,cns
PD_03_PD_09,-5.209743068945727e-06,MOGGCCM,cns
PD_03_PD_10,-4.620490670070865e-07,MOGGCCM,cns
PD_03_PD_11,-4.620632562124527e-07,MOGGCCM,cns
PD_03_PD_12,-2.220446049250313e-16,MOGGCCM,cns
PD_03_PD_15,-6.798772655969286e-11,MOGGCCM,cns
PD_06_PD_08,5.944834491344864e-08,MOGGCCM,cns
PD_06_PD_10,-0.5116160680441351,MOGGCCM,cns
PD_06_PD_14,-0.0039957249811315,MOGGCCM,cns
PD_07_PD_08,-1.1553692378374336e-06,MOGGCCM,cns
PD_07_PD_10,-6.704187205386346e-10,MOGGCCM,cns
PD_08_PD_10,-0.0675935697951697,MOGGCCM,cns
PD_08_PD_12,-0.0001336535055094,MOGGCCM,cns
PD_08_PD_14,-0.0041293784866286,MOGGCCM,cns
PD_08_PD_15,-5.362108468354165e-08,MOGGCCM,cns
PD_10_PD_12,-2.4586604430165693e-07,MOGGCCM,cns
PD_10_PD_13,1.4190648656153826e-11,MOGGCCM,cns
PD_10_PD_15,-1.4712675522332574e-11,MOGGCCM,cns
PD_01_PD_08,-0.0498512922094895,MOGGUVW,cns
PD_01_PD_10,-0.0022227022422433,MOGGUVW,cns
PD_06_PD_08,1.4080706872698912e-06,MOGGUVW,cns
PD_06_PD_10,-0.4402823079537144,MOGGUVW,cns
PD_06_PD_14,-0.0392970820510766,MOGGUVW,cns
PD_07_PD_08,-3.802570922517568e-05,MOGGUVW,cns
PD_07_PD_10,-1.2856826714369164e-11,MOGGUVW,cns
PD_08_PD_10,-0.0046115301380522,MOGGUVW,cns
PD_08_PD_12,-0.1063676399285015,MOGGUVW,cns
PD_08_PD_14,-0.1456235971501329,MOGGUVW,cns
PD_08_PD_15,-3.0968489012073164e-06,MOGGUVW,cns
PD_10_PD_12,-7.888134589961737e-12,MOGGUVW,cns
PD_10_PD_13,7.438494264988549e-15,MOGGUVW,cns
PD_10_PD_15,-6.772360450213455e-15,MOGGUVW,cns
PD_01_PD_08,-0.0341505962697776,ONS76,cns
PD_01_PD_10,-0.0013599847039701,ONS76,cns
PD_06_PD_08,1.547746380614612e-06,ONS76,cns
PD_06_PD_10,-0.4482387550996228,ONS76,cns
PD_06_PD_14,-0.0446681574501864,ONS76,cns
PD_07_PD_08,-4.153268201256832e-05,ONS76,cns
PD_07_PD_10,-1.653333026041537e-11,ONS76,cns
PD_08_PD_10,-0.0055167394299675,ONS76,cns
PD_08_PD_12,-0.1081582990156539,ONS76,cns
PD_08_PD_14,-0.1527856880276232,ONS76,cns
PD_08_PD_15,-3.3304112406762343e-06,ONS76,cns
PD_10_PD_12,-1.0988210341622562e-11,ONS76,cns
PD_10_PD_13,1.0658141036401504e-14,ONS76,cns
PD_10_PD_15,-9.769962616701378e-15,ONS76,cns
PD_01_PD_02,-0.0042197626085886,PFSK1,cns
PD_01_PD_03,-0.0086878862227768,PFSK1,cns
PD_01_PD_08,-0.0374601940025105,PFSK1,cns
PD_01_PD_10,-0.0098364108917604,PFSK1,cns
PD_03_PD_05,-6.768175242477524e-09,PFSK1,cns
PD_03_PD_06,-0.022957521377409,PFSK1,cns
PD_03_PD_07,-1.9366147574473302e-09,PFSK1,cns
PD_03_PD_08,-0.0230799829848694,PFSK1,cns
PD_03_PD_09,-3.55580345390294e-07,PFSK1,cns
PD_03_PD_10,-2.250390258584645e-07,PFSK1,cns
PD_03_PD_11,-2.250850903440238e-07,PFSK1,cns
PD_03_PD_12,-2.3003821070233244e-13,PFSK1,cns
PD_03_PD_15,-8.475775636895833e-12,PFSK1,cns
PD_06_PD_08,0.003296686295042,PFSK1,cns
PD_06_PD_10,-0.5080823613010655,PFSK1,cns
PD_06_PD_14,-0.0136966256856706,PFSK1,cns
PD_07_PD_08,-0.0066378265274648,PFSK1,cns
PD_07_PD_10,-1.5203118763906787e-09,PFSK1,cns
PD_08_PD_10,-0.2989615155606342,PFSK1,cns
PD_08_PD_12,-0.0001237476126986,PFSK1,cns
PD_08_PD_14,-0.0138203732983692,PFSK1,cns
PD_08_PD_15,-0.0004057215935638,PFSK1,cns
PD_10_PD_12,-1.010296346581896e-07,PFSK1,cns
PD_10_PD_13,4.606870440682087e-11,PFSK1,cns
PD_10_PD_15,-3.3994140835602587e-11,PFSK1,cns
PD_01_PD_08,-0.0111559525325599,SF268,cns
PD_01_PD_10,-0.0004449623022743,SF268,cns
PD_06_PD_08,8.445558674630149e-07,SF268,cns
PD_06_PD_10,-0.4493872147833167,SF268,cns
PD_06_PD_14,-0.0391945082743837,SF268,cns
PD_07_PD_08,-2.715096133842909e-05,SF268,cns
PD_07_PD_10,-1.50597312398304e-11,SF268,cns
PD_08_PD_10,-0.00402259595164,SF268,cns
PD_08_PD_12,-0.118704428698279,SF268,cns
PD_08_PD_14,-0.1578625913157448,SF268,cns
PD_08_PD_15,-2.038458086994765e-06,SF268,cns
PD_10_PD_12,-1.4293566330536578e-11,SF268,cns
PD_10_PD_13,9.103828801926284e-15,SF268,cns
PD_10_PD_15,-8.881784197001252e-15,SF268,cns
PD_01_PD_08,-0.0918483271888538,SF539,cns
PD_01_PD_10,-0.0007793783380789,SF539,cns
PD_06_PD_08,0.0001673679250329,SF539,cns
PD_06_PD_10,-0.5244530029030634,SF539,cns
PD_06_PD_14,-0.083988741861135,SF539,cns
PD_07_PD_08,-0.0004239113881782,SF539,cns
PD_07_PD_10,-1.3545276011939222e-11,SF539,cns
PD_08_PD_10,-0.0213156770832538,SF539,cns
PD_08_PD_12,-0.0338901522755473,SF539,cns
PD_08_PD_14,-0.1178788925440017,SF539,cns
PD_08_PD_15,-0.0001672665230756,SF539,cns
PD_10_PD_12,-1.1082224027347819e-10,SF539,cns
PD_10_PD_13,1.1013412404281553e-13,SF539,cns
PD_10_PD_15,-6.128431095930864e-14,SF539,cns
PD_01_PD_08,-0.0155055179970465,SKMG1,cns
PD_01_PD_10,-0.0007334937255712,SKMG1,cns
PD_06_PD_08,2.5538912318268103e-08,SKMG1,cns
PD_06_PD_10,-0.5160977961555602,SKMG1,cns
PD_06_PD_14,-0.0119585212927644,SKMG1,cns
PD_07_PD_08,-1.4070672413879493e-06,SKMG1,cns
PD_07_PD_10,-2.8814728381121317e-12,SKMG1,cns
PD_08_PD_10,-0.0015623001393411,SKMG1,cns
PD_08_PD_12,-0.0006341634482329,SKMG1,cns
PD_08_PD_14,-0.0125926847406496,SKMG1,cns
PD_08_PD_15,-9.173091575220839e-08,SKMG1,cns
PD_10_PD_12,3.0198066269804264e-14,SKMG1,cns
PD_10_PD_13,3.0198066269804264e-14,SKMG1,cns
PD_10_PD_15,-4.052314039881821e-14,SKMG1,cns
PD_01_PD_08,-0.0498512922094895,SKPNDW,cns
PD_01_PD_10,-0.0022227022422433,SKPNDW,cns
PD_06_PD_08,1.4080706872698912e-06,SKPNDW,cns
PD_06_PD_10,-0.4402823079537144,SKPNDW,cns
PD_06_PD_14,-0.0392970820510766,SKPNDW,cns
PD_07_PD_08,-3.802570922517568e-05,SKPNDW,cns
PD_07_PD_10,-1.2856826714369164e-11,SKPNDW,cns
PD_08_PD_10,-0.0046115301380522,SKPNDW,cns
PD_08_PD_12,-0.1063676399285015,SKPNDW,cns
PD_08_PD_14,-0.1456235971501329,SKPNDW,cns
PD_08_PD_15,-3.0968489012073164e-06,SKPNDW,cns
PD_10_PD_12,-7.888134589961737e-12,SKPNDW,cns
PD_10_PD_13,7.438494264988549e-15,SKPNDW,cns
PD_10_PD_15,-6.772360450213455e-15,SKPNDW,cns
PD_01_PD_08,-0.0498512922094895,SW1088,cns
PD_01_PD_10,-0.0022227022422433,SW1088,cns
PD_06_PD_08,1.4080706872698912e-06,SW1088,cns
PD_06_PD_10,-0.4402823079537144,SW1088,cns
PD_06_PD_14,-0.0392970820510766,SW1088,cns
PD_07_PD_08,-3.802570922517568e-05,SW1088,cns
PD_07_PD_10,-1.2856826714369164e-11,SW1088,cns
PD_08_PD_10,-0.0046115301380522,SW1088,cns
PD_08_PD_12,-0.1063676399285015,SW1088,cns
PD_08_PD_14,-0.1456235971501329,SW1088,cns
PD_08_PD_15,-3.0968489012073164e-06,SW1088,cns
PD_10_PD_12,-7.888134589961737e-12,SW1088,cns
PD_10_PD_13,7.438494264988549e-15,SW1088,cns
PD_10_PD_15,-6.772360450213455e-15,SW1088,cns
PD_01_PD_08,-0.0498512922094895,SW1783,cns
PD_01_PD_10,-0.0022227022422433,SW1783,cns
PD_06_PD_08,1.4080706872698912e-06,SW1783,cns
PD_06_PD_10,-0.4402823079537144,SW1783,cns
PD_06_PD_14,-0.0392970820510766,SW1783,cns
PD_07_PD_08,-3.802570922517568e-05,SW1783,cns
PD_07_PD_10,-1.2856826714369164e-11,SW1783,cns
PD_08_PD_10,-0.0046115301380522,SW1783,cns
PD_08_PD_12,-0.1063676399285015,SW1783,cns
PD_08_PD_14,-0.1456235971501329,SW1783,cns
PD_08_PD_15,-3.0968489012073164e-06,SW1783,cns
PD_10_PD_12,-7.888134589961737e-12,SW1783,cns
PD_10_PD_13,7.438494264988549e-15,SW1783,cns
PD_10_PD_15,-6.772360450213455e-15,SW1783,cns
PD_01_PD_08,-0.0498512922094895,T98G,cns
PD_01_PD_10,-0.0022227022422433,T98G,cns
PD_06_PD_08,1.4080706872698912e-06,T98G,cns
PD_06_PD_10,-0.4402823079537144,T98G,cns
PD_06_PD_14,-0.0392970820510766,T98G,cns
PD_07_PD_08,-3.802570922517568e-05,T98G,cns
PD_07_PD_10,-1.2856826714369164e-11,T98G,cns
PD_08_PD_10,-0.0046115301380522,T98G,cns
PD_08_PD_12,-0.1063676399285015,T98G,cns
PD_08_PD_14,-0.1456235971501329,T98G,cns
PD_08_PD_15,-3.0968489012073164e-06,T98G,cns
PD_10_PD_12,-7.888134589961737e-12,T98G,cns
PD_10_PD_13,7.438494264988549e-15,T98G,cns
PD_10_PD_15,-6.772360450213455e-15,T98G,cns
PD_01_PD_02,-0.0002201507571135,U118MG,cns
PD_01_PD_03,-0.000867319321625,U118MG,cns
PD_01_PD_08,-0.0132162468196767,U118MG,cns
PD_01_PD_10,-0.0011707636709782,U118MG,cns
PD_03_PD_05,-3.3747302952136244e-08,U118MG,cns
PD_03_PD_06,-0.0012343546920215,U118MG,cns
PD_03_PD_07,-3.611615340126661e-09,U118MG,cns
PD_03_PD_08,-0.0013154590738689,U118MG,cns
PD_03_PD_09,-5.209743068945727e-06,U118MG,cns
PD_03_PD_10,-4.620490670070865e-07,U118MG,cns
PD_03_PD_11,-4.620632562124527e-07,U118MG,cns
PD_03_PD_12,-2.220446049250313e-16,U118MG,cns
PD_03_PD_15,-6.798772655969286e-11,U118MG,cns
PD_06_PD_08,5.944834491344864e-08,U118MG,cns
PD_06_PD_10,-0.5116160680441351,U118MG,cns
PD_06_PD_14,-0.0039957249811315,U118MG,cns
PD_07_PD_08,-1.1553692378374336e-06,U118MG,cns
PD_07_PD_10,-6.704187205386346e-10,U118MG,cns
PD_08_PD_10,-0.0675935697951697,U118MG,cns
PD_08_PD_12,-0.0001336535055094,U118MG,cns
PD_08_PD_14,-0.0041293784866286,U118MG,cns
PD_08_PD_15,-5.362108468354165e-08,U118MG,cns
PD_10_PD_12,-2.4586604430165693e-07,U118MG,cns
PD_10_PD_13,1.4190648656153826e-11,U118MG,cns
PD_10_PD_15,-1.4712675522332574e-11,U118MG,cns
PD_01_PD_08,-0.0498512922094895,U251,cns
PD_01_PD_10,-0.0022227022422433,U251,cns
PD_06_PD_08,1.4080706872698912e-06,U251,cns
PD_06_PD_10,-0.4402823079537144,U251,cns
PD_06_PD_14,-0.0392970820510766,U251,cns
PD_07_PD_08,-3.802570922517568e-05,U251,cns
PD_07_PD_10,-1.2856826714369164e-11,U251,cns
PD_08_PD_10,-0.0046115301380522,U251,cns
PD_08_PD_12,-0.1063676399285015,U251,cns
PD_08_PD_14,-0.1456235971501329,U251,cns
PD_08_PD_15,-3.0968489012073164e-06,U251,cns
PD_10_PD_12,-7.888134589961737e-12,U251,cns
PD_10_PD_13,7.438494264988549e-15,U251,cns
PD_10_PD_15,-6.772360450213455e-15,U251,cns
PD_01_PD_02,-0.0007220543635155,U87MG,cns
PD_01_PD_03,-0.0015840501928111,U87MG,cns
PD_01_PD_08,-0.0886490849468433,U87MG,cns
PD_01_PD_10,-0.0013576196751479,U87MG,cns
PD_03_PD_05,-3.3709635083312145e-10,U87MG,cns
PD_03_PD_06,-0.0748014657803337,U87MG,cns
PD_03_PD_07,-2.3928081738233686e-11,U87MG,cns
PD_03_PD_08,-0.1818234841005308,U87MG,cns
PD_03_PD_09,-6.29779532412833e-07,U87MG,cns
PD_03_PD_10,-4.7811478109949235e-09,U87MG,cns
PD_03_PD_11,-4.781210871662722e-09,U87MG,cns
PD_03_PD_12,0.0,U87MG,cns
PD_03_PD_15,-1.310063169057685e-13,U87MG,cns
PD_06_PD_08,0.0364160330777689,U87MG,cns
PD_06_PD_10,-0.4334848181542373,U87MG,cns
PD_06_PD_14,-0.0887817608436524,U87MG,cns
PD_07_PD_08,-0.0570167524481779,U87MG,cns
PD_07_PD_10,-4.692801702788074e-12,U87MG,cns
PD_08_PD_10,-0.2647246395196316,U87MG,cns
PD_08_PD_12,-0.1070363662513331,U87MG,cns
PD_08_PD_14,-0.1958037791637511,U87MG,cns
PD_08_PD_15,-0.0029181175942981,U87MG,cns
PD_10_PD_12,-1.2212453270876722e-15,U87MG,cns
PD_10_PD_13,6.306066779870889e-14,U87MG,cns
PD_10_PD_15,-4.8849813083506894e-14,U87MG,cns
PD_01_PD_02,-0.0002201507571135,YH13,cns
PD_01_PD_03,-0.000867319321625,YH13,cns
PD_01_PD_08,-0.0132162468196767,YH13,cns
PD_01_PD_10,-0.0011707636709782,YH13,cns
PD_03_PD_05,-3.3747302952136244e-08,YH13,cns
PD_03_PD_06,-0.0012343546920215,YH13,cns
PD_03_PD_07,-3.611615340126661e-09,YH13,cns
PD_03_PD_08,-0.0013154590738689,YH13,cns
PD_03_PD_09,-5.209743068945727e-06,YH13,cns
PD_03_PD_10,-4.620490670070865e-07,YH13,cns
PD_03_PD_11,-4.620632562124527e-07,YH13,cns
PD_03_PD_12,-2.220446049250313e-16,YH13,cns
PD_03_PD_15,-6.798772655969286e-11,YH13,cns
PD_06_PD_08,5.944834491344864e-08,YH13,cns
PD_06_PD_10,-0.5116160680441351,YH13,cns
PD_06_PD_14,-0.0039957249811315,YH13,cns
PD_07_PD_08,-1.1553692378374336e-06,YH13,cns
PD_07_PD_10,-6.704187205386346e-10,YH13,cns
PD_08_PD_10,-0.0675935697951697,YH13,cns
PD_08_PD_12,-0.0001336535055094,YH13,cns
PD_08_PD_14,-0.0041293784866286,YH13,cns
PD_08_PD_15,-5.362108468354165e-08,YH13,cns
PD_10_PD_12,-2.4586604430165693e-07,YH13,cns
PD_10_PD_13,1.4190648656153826e-11,YH13,cns
PD_10_PD_15,-1.4712675522332574e-11,YH13,cns
PD_01_PD_02,-0.0047742872282622,C2BBE1,colon
PD_01_PD_03,-0.0094280435837277,C2BBE1,colon
PD_01_PD_08,-0.0344020503382035,C2BBE1,colon
PD_01_PD_10,-0.0101548231594438,C2BBE1,colon
PD_03_PD_05,-3.7121689056007763e-09,C2BBE1,colon
PD_03_PD_06,-0.022071764893557,C2BBE1,colon
PD_03_PD_07,-7.658929046527874e-10,C2BBE1,colon
PD_03_PD_08,-0.022158611615198,C2BBE1,colon
PD_03_PD_09,-1.8593978545755618e-07,C2BBE1,colon
PD_03_PD_10,-1.3005333221460802e-07,C2BBE1,colon
PD_03_PD_11,-1.3006979304730493e-07,C2BBE1,colon
PD_03_PD_12,-5.850875339774575e-14,C2BBE1,colon
PD_03_PD_15,-3.584355035002318e-12,C2BBE1,colon
PD_06_PD_08,0.0027946573874418,C2BBE1,colon
PD_06_PD_10,-0.5003606278669349,C2BBE1,colon
PD_06_PD_14,-0.0127096456048813,C2BBE1,colon
PD_07_PD_08,-0.006187040998002,C2BBE1,colon
PD_07_PD_10,-6.010786313126458e-10,C2BBE1,colon
PD_08_PD_10,-0.2969752047454816,C2BBE1,colon
PD_08_PD_12,-8.756618552219209e-05,C2BBE1,colon
PD_08_PD_14,-0.0127972117904034,C2BBE1,colon
PD_08_PD_15,-0.0003643379958457,C2BBE1,colon
PD_10_PD_12,-4.9631524112747634e-08,C2BBE1,colon
PD_10_PD_13,1.6462387009141818e-11,C2BBE1,colon
PD_10_PD_15,-1.2853162978387898e-11,C2BBE1,colon
PD_01_PD_02,-0.0002201507571135,CAR1,colon
PD_01_PD_03,-0.000867319321625,CAR1,colon
PD_01_PD_08,-0.0132162468196767,CAR1,colon
PD_01_PD_10,-0.0011707636709782,CAR1,colon
PD_03_PD_05,-3.3747302952136244e-08,CAR1,colon
PD_03_PD_06,-0.0012343546920215,CAR1,colon
PD_03_PD_07,-3.611615340126661e-09,CAR1,colon
PD_03_PD_08,-0.0013154590738689,CAR1,colon
PD_03_PD_09,-5.209743068945727e-06,CAR1,colon
PD_03_PD_10,-4.620490670070865e-07,CAR1,colon
PD_03_PD_11,-4.620632562124527e-07,CAR1,colon
PD_03_PD_12,-2.220446049250313e-16,CAR1,colon
PD_03_PD_15,-6.798772655969286e-11,CAR1,colon
PD_06_PD_08,5.944834491344864e-08,CAR1,colon
PD_06_PD_10,-0.5116160680441351,CAR1,colon
PD_06_PD_14,-0.0039957249811315,CAR1,colon
PD_07_PD_08,-1.1553692378374336e-06,CAR1,colon
PD_07_PD_10,-6.704187205386346e-10,CAR1,colon
PD_08_PD_10,-0.0675935697951697,CAR1,colon
PD_08_PD_12,-0.0001336535055094,CAR1,colon
PD_08_PD_14,-0.0041293784866286,CAR1,colon
PD_08_PD_15,-5.362108468354165e-08,CAR1,colon
PD_10_PD_12,-2.4586604430165693e-07,CAR1,colon
PD_10_PD_13,1.4190648656153826e-11,CAR1,colon
PD_10_PD_15,-1.4712675522332574e-11,CAR1,colon
PD_01_PD_02,-0.0730802851194445,CCK81,colon
PD_01_PD_03,-0.1050734495664122,CCK81,colon
PD_01_PD_08,-0.1564679351799521,CCK81,colon
PD_01_PD_10,-0.1203299839681889,CCK81,colon
PD_03_PD_05,-0.0061752971239784,CCK81,colon
PD_03_PD_06,-0.1173610482222828,CCK81,colon
PD_03_PD_07,-0.0022591628118397,CCK81,colon
PD_03_PD_08,-0.0836740949907391,CCK81,colon
PD_03_PD_09,-0.0072437954698312,CCK81,colon
PD_03_PD_10,-0.0121370195580473,CCK81,colon
PD_03_PD_11,-0.0131903838359784,CCK81,colon
PD_03_PD_12,-0.0009337982660855,CCK81,colon
PD_03_PD_15,-0.0003127590379554,CCK81,colon
PD_06_PD_08,0.00827482825008,CCK81,colon
PD_06_PD_10,-0.4037357817319463,CCK81,colon
PD_06_PD_14,-0.0695266564978535,CCK81,colon
PD_07_PD_08,-0.0076366546072232,CCK81,colon
PD_07_PD_10,-0.0017935598021854,CCK81,colon
PD_08_PD_10,-0.3382753330177018,CCK81,colon
PD_08_PD_12,-0.0874169910255293,CCK81,colon
PD_08_PD_14,-0.1567605112153233,CCK81,colon
PD_08_PD_15,-0.0017522188328293,CCK81,colon
PD_10_PD_12,-0.0012985938820423,CCK81,colon
PD_10_PD_13,0.0012365429887641,CCK81,colon
PD_10_PD_15,-0.0002416390641248,CCK81,colon
PD_01_PD_08,-0.0178019511825014,CL11,colon
PD_01_PD_10,-0.0013474027136213,CL11,colon
PD_06_PD_08,2.3759233580555872e-08,CL11,colon
PD_06_PD_10,-0.5356504755155083,CL11,colon
PD_06_PD_14,-0.0148147529621847,CL11,colon
PD_07_PD_08,-1.7703316717021522e-06,CL11,colon
PD_07_PD_10,-1.407429728317311e-11,CL11,colon
PD_08_PD_10,-0.0020032128496323,CL11,colon
PD_08_PD_12,-0.0009092791187695,CL11,colon
PD_08_PD_14,-0.0157240320804389,CL11,colon
PD_08_PD_15,-8.311267729599336e-08,CL11,colon
PD_10_PD_12,2.1227464230832998e-13,CL11,colon
PD_10_PD_13,2.1227464230832998e-13,CL11,colon
PD_10_PD_15,-2.599032100647492e-13,CL11,colon
PD_01_PD_02,-0.0046692073337697,CL40,colon
PD_01_PD_03,-0.0100423731124914,CL40,colon
PD_01_PD_08,-0.0527898422001669,CL40,colon
PD_01_PD_10,-0.0074000781394721,CL40,colon
PD_03_PD_05,-1.0581250320385036e-09,CL40,colon
PD_03_PD_06,-0.0312828394892034,CL40,colon
PD_03_PD_07,-8.416989327741929e-11,CL40,colon
PD_03_PD_08,-0.0314568929162953,CL40,colon
PD_03_PD_09,-5.843504502500708e-08,CL40,colon
PD_03_PD_10,-5.347230097596523e-07,CL40,colon
PD_03_PD_11,-5.347695934965202e-07,CL40,colon
PD_03_PD_12,0.0,CL40,colon
PD_03_PD_15,-4.732880753977042e-13,CL40,colon
PD_06_PD_08,0.0043542424348906,CL40,colon
PD_06_PD_10,-0.5339329575289975,CL40,colon
PD_06_PD_14,-0.0189381649356242,CL40,colon
PD_07_PD_08,-0.007530417655879,CL40,colon
PD_07_PD_10,-1.1315953729607031e-09,CL40,colon
PD_08_PD_10,-0.376251653503445,CL40,colon
PD_08_PD_12,-0.000174053427092,CL40,colon
PD_08_PD_14,-0.0191122183627163,CL40,colon
PD_08_PD_15,-0.0005311300305461,CL40,colon
PD_10_PD_12,-3.3306690738754696e-16,CL40,colon
PD_10_PD_13,4.658373686794448e-11,CL40,colon
PD_10_PD_15,-4.3286374484807766e-11,CL40,colon
PD_01_PD_02,-0.0041743914609096,COLO205,colon
PD_01_PD_03,-0.0072407746268035,COLO205,colon
PD_01_PD_08,-0.052444134987413,COLO205,colon
PD_01_PD_10,-0.010984082170514,COLO205,colon
PD_03_PD_05,-6.311686695514851e-08,COLO205,colon
PD_03_PD_06,-0.1113123105479796,COLO205,colon
PD_03_PD_07,-3.376984469838362e-09,COLO205,colon
PD_03_PD_08,-0.0258118295411798,COLO205,colon
PD_03_PD_09,-6.311676814529933e-08,COLO205,colon
PD_03_PD_10,-1.941751196199437e-05,COLO205,colon
PD_03_PD_11,-1.95098658144488e-05,COLO205,colon
PD_03_PD_12,-3.510155688335459e-08,COLO205,colon
PD_03_PD_15,-1.5852297252649803e-10,COLO205,colon
PD_06_PD_08,0.0882629346000338,COLO205,colon
PD_06_PD_10,-0.4328309368534598,COLO205,colon
PD_06_PD_14,-0.0679322524181643,COLO205,colon
PD_07_PD_08,-0.0008342959001661,COLO205,colon
PD_07_PD_10,-5.055674574538926e-07,COLO205,colon
PD_08_PD_10,0.0302292306612939,COLO205,colon
PD_08_PD_12,-0.0177072972774012,COLO205,colon
PD_08_PD_14,-0.0856395488797269,COLO205,colon
PD_08_PD_15,-0.0009268883468096,COLO205,colon
PD_10_PD_12,-4.31802064482234e-06,COLO205,colon
PD_10_PD_13,9.235388775952202e-08,COLO205,colon
PD_10_PD_15,-3.01405262970178e-08,COLO205,colon
PD_01_PD_02,-0.0042197626085886,COLO320HSR,colon
PD_01_PD_03,-0.0086878862227768,COLO320HSR,colon
PD_01_PD_08,-0.0374601940025105,COLO320HSR,colon
PD_01_PD_10,-0.0098364108917604,COLO320HSR,colon
PD_03_PD_05,-6.768175242477524e-09,COLO320HSR,colon
PD_03_PD_06,-0.022957521377409,COLO320HSR,colon
PD_03_PD_07,-1.9366147574473302e-09,COLO320HSR,colon
PD_03_PD_08,-0.0230799829848694,COLO320HSR,colon
PD_03_PD_09,-3.55580345390294e-07,COLO320HSR,colon
PD_03_PD_10,-2.250390258584645e-07,COLO320HSR,colon
PD_03_PD_11,-2.250850903440238e-07,COLO320HSR,colon
PD_03_PD_12,-2.3003821070233244e-13,COLO320HSR,colon
PD_03_PD_15,-8.475775636895833e-12,COLO320HSR,colon
PD_06_PD_08,0.003296686295042,COLO320HSR,colon
PD_06_PD_10,-0.5080823613010655,COLO320HSR,colon
PD_06_PD_14,-0.0136966256856706,COLO320HSR,colon
PD_07_PD_08,-0.0066378265274648,COLO320HSR,colon
PD_07_PD_10,-1.5203118763906787e-09,COLO320HSR,colon
PD_08_PD_10,-0.2989615155606342,COLO320HSR,colon
PD_08_PD_12,-0.0001237476126986,COLO320HSR,colon
PD_08_PD_14,-0.0138203732983692,COLO320HSR,colon
PD_08_PD_15,-0.0004057215935638,COLO320HSR,colon
PD_10_PD_12,-1.010296346581896e-07,COLO320HSR,colon
PD_10_PD_13,4.606870440682087e-11,COLO320HSR,colon
PD_10_PD_15,-3.3994140835602587e-11,COLO320HSR,colon
PD_01_PD_02,-0.0083715902826516,COLO678,colon
PD_01_PD_03,-0.0255219856414289,COLO678,colon
PD_01_PD_08,-0.0583559348939477,COLO678,colon
PD_01_PD_10,-0.0104474412335423,COLO678,colon
PD_03_PD_05,-2.2067351168608692e-08,COLO678,colon
PD_03_PD_06,-0.1740760359716991,COLO678,colon
PD_03_PD_07,-4.2873093963891046e-10,COLO678,colon
PD_03_PD_08,-0.1740760359716991,COLO678,colon
PD_03_PD_09,-2.206735050247488e-08,COLO678,colon
PD_03_PD_10,-1.046226951739726e-06,COLO678,colon
PD_03_PD_11,-1.0464493951367615e-06,COLO678,colon
PD_03_PD_12,0.0,COLO678,colon
PD_03_PD_15,-3.093436617973566e-11,COLO678,colon
PD_06_PD_08,0.0640650544875477,COLO678,colon
PD_06_PD_10,-0.5214734495322828,COLO678,colon
PD_06_PD_14,-0.1035995373881658,COLO678,colon
PD_07_PD_08,-0.1392848399088415,COLO678,colon
PD_07_PD_10,-3.8324136086842495e-09,COLO678,colon
PD_08_PD_10,-0.4193087719233305,COLO678,colon
PD_08_PD_12,0.0,COLO678,colon
PD_08_PD_14,-0.1035995373881658,COLO678,colon
PD_08_PD_15,-0.0045295922851708,COLO678,colon
PD_10_PD_12,-3.347897026273472e-08,COLO678,colon
PD_10_PD_13,2.2244406316929144e-10,COLO678,colon
PD_10_PD_15,-1.1186140902452736e-10,COLO678,colon
PD_01_PD_02,-0.0006762587599826,CW2,colon
PD_01_PD_03,-0.0033361934463751,CW2,colon
PD_01_PD_08,-0.0751901529394236,CW2,colon
PD_01_PD_10,-0.0042786568574224,CW2,colon
PD_03_PD_05,-2.246547672335453e-07,CW2,colon
PD_03_PD_06,-0.0895023647629068,CW2,colon
PD_03_PD_07,-6.172134370263649e-08,CW2,colon
PD_03_PD_08,-0.0895023647629068,CW2,colon
PD_03_PD_09,-2.2465474702748625e-07,CW2,colon
PD_03_PD_10,-4.179032392359616e-06,CW2,colon
PD_03_PD_11,-4.179902054701756e-06,CW2,colon
PD_03_PD_12,0.0,CW2,colon
PD_03_PD_15,-1.20042997764358e-09,CW2,colon
PD_06_PD_08,0.0361790452115492,CW2,colon
PD_06_PD_10,-0.5036073954096607,CW2,colon
PD_06_PD_14,-0.0480615174079248,CW2,colon
PD_07_PD_08,-0.0296527409915179,CW2,colon
PD_07_PD_10,-1.2925536752028677e-08,CW2,colon
PD_08_PD_10,-0.4496816798194387,CW2,colon
PD_08_PD_12,0.0,CW2,colon
PD_08_PD_14,-0.0480615174079248,CW2,colon
PD_08_PD_15,-0.001944995928738,CW2,colon
PD_10_PD_12,0.0,CW2,colon
PD_10_PD_13,8.703275877763871e-10,CW2,colon
PD_10_PD_15,-5.685326653903644e-10,CW2,colon
PD_01_PD_08,-0.030526142959862,DIFI,colon
PD_01_PD_10,-0.0013541879341708,DIFI,colon
PD_06_PD_08,1.4897313457273853e-06,DIFI,colon
PD_06_PD_10,-0.5909148158728217,DIFI,colon
PD_06_PD_14,-0.0337695758669476,DIFI,colon
PD_07_PD_08,-1.0423126667991056e-05,DIFI,colon
PD_07_PD_10,-8.793787920069461e-11,DIFI,colon
PD_08_PD_10,-0.0024175634944099,DIFI,colon
PD_08_PD_12,-0.0049004209727324,DIFI,colon
PD_08_PD_14,-0.0386699961872012,DIFI,colon
PD_08_PD_15,-2.832853989831463e-06,DIFI,colon
PD_10_PD_12,1.6783241463258493e-12,DIFI,colon
PD_10_PD_13,1.095457058397642e-12,DIFI,colon
PD_10_PD_15,-1.1928236176572682e-12,DIFI,colon
PD_01_PD_02,-0.0023022702085506,GP5D,colon
PD_01_PD_03,-0.0057207947970626,GP5D,colon
PD_01_PD_08,-0.0371011621925148,GP5D,colon
PD_01_PD_10,-0.0060110117842441,GP5D,colon
PD_03_PD_05,-5.825353976973702e-09,GP5D,colon
PD_03_PD_06,-0.0391747742381975,GP5D,colon
PD_03_PD_07,-6.77567668638801e-10,GP5D,colon
PD_03_PD_08,-0.0390876226463178,GP5D,colon
PD_03_PD_09,-5.825353976973702e-09,GP5D,colon
PD_03_PD_10,-2.145408951603756e-06,GP5D,colon
PD_03_PD_11,-2.145844214984649e-06,GP5D,colon
PD_03_PD_12,-3.077538224260934e-13,GP5D,colon
PD_03_PD_15,-5.424216631411127e-12,GP5D,colon
PD_06_PD_08,0.009521265627453,GP5D,colon
PD_06_PD_10,-0.516303912782518,GP5D,colon
PD_06_PD_14,-0.0246882640310258,GP5D,colon
PD_07_PD_08,-0.0173014636183449,GP5D,colon
PD_07_PD_10,-7.581637539999521e-09,GP5D,colon
PD_08_PD_10,-0.376458451246547,GP5D,colon
PD_08_PD_12,-1.6358713272879302e-09,GP5D,colon
PD_08_PD_14,-0.0246882656668971,GP5D,colon
PD_08_PD_15,-0.0010162730593119,GP5D,colon
PD_10_PD_12,-1.2323475573339238e-14,GP5D,colon
PD_10_PD_13,4.352637139604098e-10,GP5D,colon
PD_10_PD_15,-3.526692271549336e-10,GP5D,colon
PD_01_PD_02,-0.0021653945705376,HCC2998,colon
PD_01_PD_03,-0.0049572096522257,HCC2998,colon
PD_01_PD_08,-0.0413190683374694,HCC2998,colon
PD_01_PD_10,-0.0059371092502945,HCC2998,colon
PD_03_PD_05,-1.33166785498684e-06,HCC2998,colon
PD_03_PD_06,-0.0304566461580471,HCC2998,colon
PD_03_PD_07,-2.430879150194798e-07,HCC2998,colon
PD_03_PD_08,-0.0221556120300242,HCC2998,colon
PD_03_PD_09,-1.3316602592849949e-06,HCC2998,colon
PD_03_PD_10,-1.3993472711804069e-05,HCC2998,colon
PD_03_PD_11,-1.4008841596413468e-05,HCC2998,colon
PD_03_PD_12,-2.2981616609740744e-14,HCC2998,colon
PD_03_PD_15,-1.5221463423031878e-08,HCC2998,colon
PD_06_PD_08,0.0024727948256706,HCC2998,colon
PD_06_PD_10,-0.5052648149324499,HCC2998,colon
PD_06_PD_14,-0.0166551958366076,HCC2998,colon
PD_07_PD_08,-0.0036147823535461,HCC2998,colon
PD_07_PD_10,-2.1765790836347779e-07,HCC2998,colon
PD_08_PD_10,-0.2675880658726621,HCC2998,colon
PD_08_PD_12,-0.0384161952004484,HCC2998,colon
PD_08_PD_14,-0.0550713906773121,HCC2998,colon
PD_08_PD_15,-0.0003447873771458,HCC2998,colon
PD_10_PD_12,-2.525757381022231e-13,HCC2998,colon
PD_10_PD_13,1.540178651282531e-08,HCC2998,colon
PD_10_PD_15,-9.035449388683505e-09,HCC2998,colon
PD_01_PD_02,-0.0014906456375384,HCT116,colon
PD_01_PD_03,-0.0039987479680352,HCT116,colon
PD_01_PD_08,-0.0234407323383979,HCT116,colon
PD_01_PD_10,-0.0038249775916937,HCT116,colon
PD_03_PD_05,-1.0684541029704062e-09,HCT116,colon
PD_03_PD_06,-0.0211561899445626,HCT116,colon
PD_03_PD_07,-9.967904279761795e-11,HCT116,colon
PD_03_PD_08,-0.0212927401936399,HCT116,colon
PD_03_PD_09,-6.542764063866002e-08,HCT116,colon
PD_03_PD_10,-5.945817369568118e-07,HCT116,colon
PD_03_PD_11,-5.946372332310546e-07,HCT116,colon
PD_03_PD_12,-2.153832667772804e-14,HCT116,colon
PD_03_PD_15,-5.332401187274627e-13,HCT116,colon
PD_06_PD_08,0.0041374453799892,HCT116,colon
PD_06_PD_10,-0.5242523918736672,HCT116,colon
PD_06_PD_14,-0.0146900830616089,HCT116,colon
PD_07_PD_08,-0.0072638600427559,HCT116,colon
PD_07_PD_10,-1.3130362352953282e-09,HCT116,colon
PD_08_PD_10,-0.2908442814300354,HCT116,colon
PD_08_PD_12,-0.0001830841071117,HCT116,colon
PD_08_PD_14,-0.0148731671687206,HCT116,colon
PD_08_PD_15,-0.0004674553595117,HCT116,colon
PD_10_PD_12,-8.881784197001252e-16,HCT116,colon
PD_10_PD_13,5.549627424272785e-11,HCT116,colon
PD_10_PD_15,-5.1030291103870695e-11,HCT116,colon
PD_01_PD_02,-0.0025396769609962,HCT15,colon
PD_01_PD_03,-0.005683132705391,HCT15,colon
PD_01_PD_08,-0.0174749665833306,HCT15,colon
PD_01_PD_10,-0.0048028042089433,HCT15,colon
PD_03_PD_05,-2.5796183108495185e-06,HCT15,colon
PD_03_PD_06,-0.0643374959487825,HCT15,colon
PD_03_PD_07,-1.807657065144852e-07,HCT15,colon
PD_03_PD_08,-0.0180657312480537,HCT15,colon
PD_03_PD_09,-2.579571402039349e-06,HCT15,colon
PD_03_PD_10,-7.605252067888202e-06,HCT15,colon
PD_03_PD_11,-7.610986769379657e-06,HCT15,colon
PD_03_PD_12,-5.587192930534002e-10,HCT15,colon
PD_03_PD_15,-2.1646758829874105e-08,HCT15,colon
PD_06_PD_08,0.0169891817341054,HCT15,colon
PD_06_PD_10,-0.4592938573100816,HCT15,colon
PD_06_PD_14,-0.0462130892163118,HCT15,colon
PD_07_PD_08,-0.011596354531378,HCT15,colon
PD_07_PD_10,-5.46073233298472e-08,HCT15,colon
PD_08_PD_10,-0.262184395141313,HCT15,colon
PD_08_PD_12,-0.0717881474093735,HCT15,colon
PD_08_PD_14,-0.1176584942085804,HCT15,colon
PD_08_PD_15,-0.0008078170043567,HCT15,colon
PD_10_PD_12,-3.6093565913830612e-09,HCT15,colon
PD_10_PD_13,5.923949109032378e-09,HCT15,colon
PD_10_PD_15,-3.911139856427326e-09,HCT15,colon
PD_01_PD_02,-0.0008952842415841,HT29,colon
PD_01_PD_03,-0.0020561377862698,HT29,colon
PD_01_PD_08,-0.0043585779809863,HT29,colon
PD_01_PD_10,-0.0053549434703507,HT29,colon
PD_03_PD_05,-5.855826934464403e-11,HT29,colon
PD_03_PD_06,-0.0441626265507969,HT29,colon
PD_03_PD_07,-5.409561687486075e-12,HT29,colon
PD_03_PD_08,-3.0376208300930685e-06,HT29,colon
PD_03_PD_09,-5.855826934464403e-11,HT29,colon
PD_03_PD_10,-3.9043725030829535e-08,HT29,colon
PD_03_PD_11,-3.9055634393214695e-08,HT29,colon
PD_03_PD_12,-2.3479795885350535e-10,HT29,colon
PD_03_PD_15,-1.8984813721090177e-13,HT29,colon
PD_06_PD_08,6.7119643176738456e-12,HT29,colon
PD_06_PD_10,-0.511351623693959,HT29,colon
PD_06_PD_14,-0.028182414401242,HT29,colon
PD_07_PD_08,-1.6590362417190363e-10,HT29,colon
PD_07_PD_10,-1.1346767969655501e-10,HT29,colon
PD_08_PD_10,-0.010780470576911,HT29,colon
PD_08_PD_12,-0.0209678382313566,HT29,colon
PD_08_PD_14,-0.0491428068662807,HT29,colon
PD_08_PD_15,-8.694267528142063e-12,HT29,colon
PD_10_PD_12,-3.251586999653e-09,HT29,colon
PD_10_PD_13,1.1909362385154054e-11,HT29,colon
PD_10_PD_15,-8.349987368205802e-12,HT29,colon
PD_01_PD_02,-0.0023856833648613,HT55,colon
PD_01_PD_03,-0.0057677380939731,HT55,colon
PD_01_PD_08,-0.0348228687259601,HT55,colon
PD_01_PD_10,-0.0042533550989648,HT55,colon
PD_03_PD_05,-1.040416189090898e-06,HT55,colon
PD_03_PD_06,-0.0177345159048986,HT55,colon
PD_03_PD_07,-1.1577143776975165e-07,HT55,colon
PD_03_PD_08,-0.0177345159048986,HT55,colon
PD_03_PD_09,-1.0404151353782254e-06,HT55,colon
PD_03_PD_10,-1.2442325994621584e-05,HT55,colon
PD_03_PD_11,-1.244767172547956e-05,HT55,colon
PD_03_PD_12,0.0,HT55,colon
PD_03_PD_15,-7.484296626891762e-09,HT55,colon
PD_06_PD_08,0.00150704848052,HT55,colon
PD_06_PD_10,-0.5467360155282758,HT55,colon
PD_06_PD_14,-0.0088525119661178,HT55,colon
PD_07_PD_08,-0.0026721907614345,HT55,colon
PD_07_PD_10,-9.115326371489375e-08,HT55,colon
PD_08_PD_10,-0.4663629382032963,HT55,colon
PD_08_PD_12,0.0,HT55,colon
PD_08_PD_14,-0.0088525119661178,HT55,colon
PD_08_PD_15,-0.0002361128279857,HT55,colon
PD_10_PD_12,-6.102119920470273e-10,HT55,colon
PD_10_PD_13,5.351377674323032e-09,HT55,colon
PD_10_PD_15,-3.746896459766447e-09,HT55,colon
PD_01_PD_08,-0.035277432205828,KM12,colon
PD_01_PD_10,-0.0012218594683313,KM12,colon
PD_06_PD_08,1.543640634871224e-06,KM12,colon
PD_06_PD_10,-0.4413184592891929,KM12,colon
PD_06_PD_14,-0.0451489179738459,KM12,colon
PD_07_PD_08,-4.1469939483285145e-05,KM12,colon
PD_07_PD_10,-1.6362022847715707e-11,KM12,colon
PD_08_PD_10,-0.0047264616474874,KM12,colon
PD_08_PD_12,-0.1085497060002124,KM12,colon
PD_08_PD_14,-0.1536578555353385,KM12,colon
PD_08_PD_15,-3.321051541993469e-06,KM12,colon
PD_10_PD_12,-1.0125233984581428e-11,KM12,colon
PD_10_PD_13,1.0103029524088925e-14,KM12,colon
PD_10_PD_15,-9.214851104388801e-15,KM12,colon
PD_01_PD_02,-0.0103826467004244,LOVO,colon
PD_01_PD_03,-0.0182026239452193,LOVO,colon
PD_01_PD_08,-0.1701391970914609,LOVO,colon
PD_01_PD_10,-0.0064689254614581,LOVO,colon
PD_03_PD_05,-1.2036482921473636e-08,LOVO,colon
PD_03_PD_06,-0.1161326766404564,LOVO,colon
PD_03_PD_07,-2.6079749471108466e-10,LOVO,colon
PD_03_PD_08,-0.1161326766404564,LOVO,colon
PD_03_PD_09,-1.2036474039689438e-08,LOVO,colon
PD_03_PD_10,-7.714039399475681e-07,LOVO,colon
PD_03_PD_11,-7.718081476149052e-07,LOVO,colon
PD_03_PD_12,0.0,LOVO,colon
PD_03_PD_15,-1.608868593905299e-11,LOVO,colon
PD_06_PD_08,0.0364368786352017,LOVO,colon
PD_06_PD_10,-0.5179465704208286,LOVO,colon
PD_06_PD_14,-0.0711976838551428,LOVO,colon
PD_07_PD_08,-0.0403595338723781,LOVO,colon
PD_07_PD_10,-6.346398850887169e-09,LOVO,colon
PD_08_PD_10,-0.4474719428385619,LOVO,colon
PD_08_PD_12,0.0,LOVO,colon
PD_08_PD_14,-0.0711976838551428,LOVO,colon
PD_08_PD_15,-0.0030274072360308,LOVO,colon
PD_10_PD_12,-2.0401672573555633e-08,LOVO,colon
PD_10_PD_13,4.0420822244868754e-10,LOVO,colon
PD_10_PD_15,-2.0830770441904176e-10,LOVO,colon
PD_01_PD_02,-0.0057679869382215,LS123,colon
PD_01_PD_03,-0.0111066009653463,LS123,colon
PD_01_PD_08,-0.0243064714988354,LS123,colon
PD_01_PD_10,-0.0122799151983777,LS123,colon
PD_03_PD_05,-3.996943109818574e-09,LS123,colon
PD_03_PD_06,-0.0175154884309337,LS123,colon
PD_03_PD_07,-8.251274108417305e-10,LS123,colon
PD_03_PD_08,-0.0175147957346991,LS123,colon
PD_03_PD_09,-3.996943109818574e-09,LS123,colon
PD_03_PD_10,-2.1920376125361685e-07,LS123,colon
PD_03_PD_11,-2.1922775950145026e-07,LS123,colon
PD_03_PD_12,-7.227551890309769e-14,LS123,colon
PD_03_PD_15,-4.170885858911788e-12,LS123,colon
PD_06_PD_08,0.0029464267117995,LS123,colon
PD_06_PD_10,-0.5245425848467651,LS123,colon
PD_06_PD_14,-0.0110169480781967,LS123,colon
PD_07_PD_08,-0.006330171496762,LS123,colon
PD_07_PD_10,-8.345720781122167e-10,LS123,colon
PD_08_PD_10,-0.4023225422132521,LS123,colon
PD_08_PD_12,-7.327471962526033e-15,LS123,colon
PD_08_PD_14,-0.011016948078204,LS123,colon
PD_08_PD_15,-0.0003772250524362,LS123,colon
PD_10_PD_12,-6.235465122017558e-08,LS123,colon
PD_10_PD_13,2.4000912368649097e-11,LS123,colon
PD_10_PD_15,-1.8614443320075225e-11,LS123,colon
PD_01_PD_02,-0.0034622800034619,LS180,colon
PD_01_PD_03,-0.0071212706009954,LS180,colon
PD_01_PD_08,-0.0668155676809674,LS180,colon
PD_01_PD_10,-0.0068377776916471,LS180,colon
PD_03_PD_05,-5.238573685950598e-09,LS180,colon
PD_03_PD_06,-0.0646695262004968,LS180,colon
PD_03_PD_07,-5.004718861556512e-10,LS180,colon
PD_03_PD_08,-0.037478886653449,LS180,colon
PD_03_PD_09,-5.238573463905993e-09,LS180,colon
PD_03_PD_10,-1.3653285013681682e-07,LS180,colon
PD_03_PD_11,-1.366831970939231e-07,LS180,colon
PD_03_PD_12,-4.8332782220938946e-11,LS180,colon
PD_03_PD_15,-6.357248061306109e-12,LS180,colon
PD_06_PD_08,0.0082437188007816,LS180,colon
PD_06_PD_10,-0.47013533064043,LS180,colon
PD_06_PD_14,-0.0450448680202886,LS180,colon
PD_07_PD_08,-0.0058456981834286,LS180,colon
PD_07_PD_10,-4.63430249730834e-09,LS180,colon
PD_08_PD_10,-0.1954003125629648,LS180,colon
PD_08_PD_12,-0.0545313232133866,LS180,colon
PD_08_PD_14,-0.0992889107766276,LS180,colon
PD_08_PD_15,-0.0009319428452632,LS180,colon
PD_10_PD_12,-2.236631735375028e-08,LS180,colon
PD_10_PD_13,1.5034851141848546e-10,LS180,colon
PD_10_PD_15,-8.985967525632077e-11,LS180,colon
PD_01_PD_02,-0.0014372033622515,LS411N,colon
PD_01_PD_03,-0.0034749260041403,LS411N,colon
PD_01_PD_08,-0.1745163396546496,LS411N,colon
PD_01_PD_10,-0.0039811468885901,LS411N,colon
PD_03_PD_05,-5.811612155959267e-07,LS411N,colon
PD_03_PD_06,-0.0768194269102543,LS411N,colon
PD_03_PD_07,-9.5452703074983e-08,LS411N,colon
PD_03_PD_08,-0.0761206989373159,LS411N,colon
PD_03_PD_09,-5.811597909577415e-07,LS411N,colon
PD_03_PD_10,-7.173053853448685e-06,LS411N,colon
PD_03_PD_11,-7.177947891290337e-06,LS411N,colon
PD_03_PD_12,-1.7763568394002505e-15,LS411N,colon
PD_03_PD_15,-5.3639541697236845e-09,LS411N,colon
PD_06_PD_08,0.0119877667287998,LS411N,colon
PD_06_PD_10,-0.5224817665100198,LS411N,colon
PD_06_PD_14,-0.0432104889544869,LS411N,colon
PD_07_PD_08,-0.0031495459613891,LS411N,colon
PD_07_PD_10,-8.476999047157818e-08,LS411N,colon
PD_08_PD_10,-0.4095836910664122,LS411N,colon
PD_08_PD_12,-1.4105799368557823e-06,LS411N,colon
PD_08_PD_14,-0.0431976066341851,LS411N,colon
PD_08_PD_15,-0.0014955812450161,LS411N,colon
PD_10_PD_12,-3.7636560534792807e-14,LS411N,colon
PD_10_PD_13,4.900849503997051e-09,LS411N,colon
PD_10_PD_15,-3.1300816383250663e-09,LS411N,colon
PD_01_PD_02,-0.0103826467004244,LS513,colon
PD_01_PD_03,-0.0182026239452193,LS513,colon
PD_01_PD_08,-0.1701391970914609,LS513,colon
PD_01_PD_10,-0.0064689254614581,LS513,colon
PD_03_PD_05,-1.2036482921473636e-08,LS513,colon
PD_03_PD_06,-0.1161326766404564,LS513,colon
PD_03_PD_07,-2.6079749471108466e-10,LS513,colon
PD_03_PD_08,-0.1161326766404564,LS513,colon
PD_03_PD_09,-1.2036474039689438e-08,LS513,colon
PD_03_PD_10,-7.714039399475681e-07,LS513,colon
PD_03_PD_11,-7.718081476149052e-07,LS513,colon
PD_03_PD_12,0.0,LS513,colon
PD_03_PD_15,-1.608868593905299e-11,LS513,colon
PD_06_PD_08,0.0364368786352017,LS513,colon
PD_06_PD_10,-0.5179465704208286,LS513,colon
PD_06_PD_14,-0.0711976838551428,LS513,colon
PD_07_PD_08,-0.0403595338723781,LS513,colon
PD_07_PD_10,-6.346398850887169e-09,LS513,colon
PD_08_PD_10,-0.4474719428385619,LS513,colon
PD_08_PD_12,0.0,LS513,colon
PD_08_PD_14,-0.0711976838551428,LS513,colon
PD_08_PD_15,-0.0030274072360308,LS513,colon
PD_10_PD_12,-2.0401672573555633e-08,LS513,colon
PD_10_PD_13,4.0420822244868754e-10,LS513,colon
PD_10_PD_15,-2.0830770441904176e-10,LS513,colon
PD_01_PD_02,-0.0075909101692324,MDST8,colon
PD_01_PD_03,-0.0140296882883648,MDST8,colon
PD_01_PD_08,-0.0693547724598486,MDST8,colon
PD_01_PD_10,-0.0087884529248903,MDST8,colon
PD_03_PD_05,-6.017976006411629e-09,MDST8,colon
PD_03_PD_06,-0.151454722398512,MDST8,colon
PD_03_PD_07,-8.888179081623092e-11,MDST8,colon
PD_03_PD_08,-0.151454722398512,MDST8,colon
PD_03_PD_09,-6.017974230054791e-09,MDST8,colon
PD_03_PD_10,-3.779862778330312e-07,MDST8,colon
PD_03_PD_11,-3.781221155074732e-07,MDST8,colon
PD_03_PD_12,0.0,MDST8,colon
PD_03_PD_15,-5.673350678137013e-12,MDST8,colon
PD_06_PD_08,0.0631011965153642,MDST8,colon
PD_06_PD_10,-0.5329684585401225,MDST8,colon
PD_06_PD_14,-0.1018985547778554,MDST8,colon
PD_07_PD_08,-0.1236436000477567,MDST8,colon
PD_07_PD_10,-2.533539267268736e-09,MDST8,colon
PD_08_PD_10,-0.4198210168237797,MDST8,colon
PD_08_PD_12,0.0,MDST8,colon
PD_08_PD_14,-0.1018985547778554,MDST8,colon
PD_08_PD_15,-0.0051111883366106,MDST8,colon
PD_10_PD_12,-2.2712306146921435e-08,MDST8,colon
PD_10_PD_13,1.3583834057584454e-10,MDST8,colon
PD_10_PD_15,-7.492195752689668e-11,MDST8,colon
PD_01_PD_08,-0.0179788396575574,NCIH716,colon
PD_01_PD_10,-0.0009610634119993,NCIH716,colon
PD_06_PD_08,2.8183357092537165e-08,NCIH716,colon
PD_06_PD_10,-0.5260010792533789,NCIH716,colon
PD_06_PD_14,-0.0143732927693516,NCIH716,colon
PD_07_PD_08,-2.2355543229934938e-06,NCIH716,colon
PD_07_PD_10,-9.11426489835776e-12,NCIH716,colon
PD_08_PD_10,-0.001883232327552,NCIH716,colon
PD_08_PD_12,-0.000905569001508,NCIH716,colon
PD_08_PD_14,-0.0152788617702447,NCIH716,colon
PD_08_PD_15,-9.93329677401178e-08,NCIH716,colon
PD_10_PD_12,1.1868284133242926e-13,NCIH716,colon
PD_10_PD_13,1.1868284133242926e-13,NCIH716,colon
PD_10_PD_15,-1.4843681839238345e-13,NCIH716,colon
PD_01_PD_08,-0.0198040454970473,NCIH747,colon
PD_01_PD_10,-0.0010974996801704,NCIH747,colon
PD_06_PD_08,3.499723588706871e-08,NCIH747,colon
PD_06_PD_10,-0.5803024962090577,NCIH747,colon
PD_06_PD_14,-0.0229610996607234,NCIH747,colon
PD_07_PD_08,-1.6674227621971127e-06,NCIH747,colon
PD_07_PD_10,-1.0953460360951794e-11,NCIH747,colon
PD_08_PD_10,-0.0020097920899294,NCIH747,colon
PD_08_PD_12,-0.0028090632647079,NCIH747,colon
PD_08_PD_14,-0.0257701629227047,NCIH747,colon
PD_08_PD_15,-1.1880945016695676e-07,NCIH747,colon
PD_10_PD_12,1.5765166949677225e-13,NCIH747,colon
PD_10_PD_13,1.574296248918472e-13,NCIH747,colon
PD_10_PD_15,-1.955102746364901e-13,NCIH747,colon
PD_01_PD_02,-0.0052945988315455,RCM1,colon
PD_01_PD_03,-0.0105623004172347,RCM1,colon
PD_01_PD_08,-0.0378815729547853,RCM1,colon
PD_01_PD_10,-0.0121315306387445,RCM1,colon
PD_03_PD_05,-3.302299322882618e-09,RCM1,colon
PD_03_PD_06,-0.0193847471697223,RCM1,colon
PD_03_PD_07,-6.807955310605961e-10,RCM1,colon
PD_03_PD_08,-0.0193866675700793,RCM1,colon
PD_03_PD_09,-1.4918011270736997e-08,RCM1,colon
PD_03_PD_10,-1.3010797494938944e-07,RCM1,colon
PD_03_PD_11,-1.3012443578208632e-07,RCM1,colon
PD_03_PD_12,-5.206945985491984e-14,RCM1,colon
PD_03_PD_15,-3.1864511029766618e-12,RCM1,colon
PD_06_PD_08,0.0027948956394823,RCM1,colon
PD_06_PD_10,-0.5088684335681448,RCM1,colon
PD_06_PD_14,-0.0110509979556659,RCM1,colon
PD_07_PD_08,-0.0061870409330124,RCM1,colon
PD_07_PD_10,-6.010767439335041e-10,RCM1,colon
PD_08_PD_10,-0.3507788865429975,RCM1,colon
PD_08_PD_12,-2.5599238068219066e-06,RCM1,colon
PD_08_PD_14,-0.0110535578794728,RCM1,colon
PD_08_PD_15,-0.0003643379958461,RCM1,colon
PD_10_PD_12,-4.9645116684260415e-08,RCM1,colon
PD_10_PD_13,1.6462387009141818e-11,RCM1,colon
PD_10_PD_15,-1.2853385022992823e-11,RCM1,colon
PD_01_PD_02,-0.0006626483228581,RKO,colon
PD_01_PD_03,-0.0016210182599167,RKO,colon
PD_01_PD_08,-0.0038811398876211,RKO,colon
PD_01_PD_10,-0.0031120478841125,RKO,colon
PD_03_PD_05,-1.3238281804106578e-08,RKO,colon
PD_03_PD_06,-0.0746627116090891,RKO,colon
PD_03_PD_07,-6.924116169315653e-09,RKO,colon
PD_03_PD_08,-3.4293393699758035e-05,RKO,colon
PD_03_PD_09,-1.3238040108554117e-08,RKO,colon
PD_03_PD_10,-3.704322615316613e-08,RKO,colon
PD_03_PD_11,-3.7078047854244296e-08,RKO,colon
PD_03_PD_12,-3.6315998208635853e-08,RKO,colon
PD_03_PD_15,-1.0994927190921544e-10,RKO,colon
PD_06_PD_08,5.30132837628372e-09,RKO,colon
PD_06_PD_10,-0.5107953856848678,RKO,colon
PD_06_PD_14,-0.0502110186232312,RKO,colon
PD_07_PD_08,-1.217455881663554e-07,RKO,colon
PD_07_PD_10,-1.668526872222742e-09,RKO,colon
PD_08_PD_10,-0.0117560928622642,RKO,colon
PD_08_PD_12,-0.0352566758744663,RKO,colon
PD_08_PD_14,-0.0854382009413348,RKO,colon
PD_08_PD_15,-3.574143314644118e-09,RKO,colon
PD_10_PD_12,-8.008597673914153e-09,RKO,colon
PD_10_PD_13,3.578448648511312e-11,RKO,colon
PD_10_PD_15,-2.3464119536242837e-11,RKO,colon
PD_01_PD_02,-0.0065233416706895,SKCO1,colon
PD_01_PD_03,-0.0127211455899937,SKCO1,colon
PD_01_PD_08,-0.1194120985600529,SKCO1,colon
PD_01_PD_10,-0.0077702309966565,SKCO1,colon
PD_03_PD_05,-3.522276849077244e-07,SKCO1,colon
PD_03_PD_06,-0.1376744067172144,SKCO1,colon
PD_03_PD_07,-6.111079220438853e-08,SKCO1,colon
PD_03_PD_08,-0.1376744067172144,SKCO1,colon
PD_03_PD_09,-3.522266839306454e-07,SKCO1,colon
PD_03_PD_10,-0.0001903805717086,SKCO1,colon
PD_03_PD_11,-0.0001923677317462,SKCO1,colon
PD_03_PD_12,0.0,SKCO1,colon
PD_03_PD_15,-1.5166007338862642e-09,SKCO1,colon
PD_06_PD_08,0.029738221836671,SKCO1,colon
PD_06_PD_10,-0.5756654846087745,SKCO1,colon
PD_06_PD_14,-0.0789710319494033,SKCO1,colon
PD_07_PD_08,-0.0655214290760203,SKCO1,colon
PD_07_PD_10,-1.1511696590971177e-05,SKCO1,colon
PD_08_PD_10,-0.4566242119548389,SKCO1,colon
PD_08_PD_12,0.0,SKCO1,colon
PD_08_PD_14,-0.0789710319494033,SKCO1,colon
PD_08_PD_15,-0.0029357452046965,SKCO1,colon
PD_10_PD_12,-2.169775808036345e-05,SKCO1,colon
PD_10_PD_13,1.957704720001452e-06,SKCO1,colon
PD_10_PD_15,-5.036627529486637e-07,SKCO1,colon
PD_01_PD_08,-0.1943924857901863,SNU175,colon
PD_01_PD_10,-0.1058869182601427,SNU175,colon
PD_06_PD_08,0.0075781346057994,SNU175,colon
PD_06_PD_10,-0.1214131189068989,SNU175,colon
PD_06_PD_14,-0.0349896816366395,SNU175,colon
PD_07_PD_08,-0.0113158430387283,SNU175,colon
PD_07_PD_10,-0.0004035595914571,SNU175,colon
PD_08_PD_10,-0.1381874425233006,SNU175,colon
PD_08_PD_12,-0.3871225925555797,SNU175,colon
PD_08_PD_14,-0.41929998136984,SNU175,colon
PD_08_PD_15,-0.0054293292500419,SNU175,colon
PD_10_PD_12,0.0004215713921302,SNU175,colon
PD_10_PD_13,0.0002195295097414,SNU175,colon
PD_10_PD_15,-5.270976842752795e-05,SNU175,colon
PD_01_PD_02,-0.0046692073337697,SNU407,colon
PD_01_PD_03,-0.0100423731124914,SNU407,colon
PD_01_PD_08,-0.0527898422001669,SNU407,colon
PD_01_PD_10,-0.0074000781394721,SNU407,colon
PD_03_PD_05,-1.0581250320385036e-09,SNU407,colon
PD_03_PD_06,-0.0312828394892034,SNU407,colon
PD_03_PD_07,-8.416989327741929e-11,SNU407,colon
PD_03_PD_08,-0.0314568929162953,SNU407,colon
PD_03_PD_09,-5.843504502500708e-08,SNU407,colon
PD_03_PD_10,-5.347230097596523e-07,SNU407,colon
PD_03_PD_11,-5.347695934965202e-07,SNU407,colon
PD_03_PD_12,0.0,SNU407,colon
PD_03_PD_15,-4.732880753977042e-13,SNU407,colon
PD_06_PD_08,0.0043542424348906,SNU407,colon
PD_06_PD_10,-0.5339329575289975,SNU407,colon
PD_06_PD_14,-0.0189381649356242,SNU407,colon
PD_07_PD_08,-0.007530417655879,SNU407,colon
PD_07_PD_10,-1.1315953729607031e-09,SNU407,colon
PD_08_PD_10,-0.376251653503445,SNU407,colon
PD_08_PD_12,-0.000174053427092,SNU407,colon
PD_08_PD_14,-0.0191122183627163,SNU407,colon
PD_08_PD_15,-0.0005311300305461,SNU407,colon
PD_10_PD_12,-3.3306690738754696e-16,SNU407,colon
PD_10_PD_13,4.658373686794448e-11,SNU407,colon
PD_10_PD_15,-4.3286374484807766e-11,SNU407,colon
PD_01_PD_08,-0.0228856755352366,SNU61,colon
PD_01_PD_10,-0.0016890532999747,SNU61,colon
PD_06_PD_08,1.03455188460444e-06,SNU61,colon
PD_06_PD_10,-0.573181161922037,SNU61,colon
PD_06_PD_14,-0.0202207686529227,SNU61,colon
PD_07_PD_08,-5.566494666098265e-06,SNU61,colon
PD_07_PD_10,-1.2382539438249296e-11,SNU61,colon
PD_08_PD_10,-0.0021640261392912,SNU61,colon
PD_08_PD_12,-0.002069490180717,SNU61,colon
PD_08_PD_14,-0.022290258730069,SNU61,colon
PD_08_PD_15,-2.1408561977631635e-06,SNU61,colon
PD_10_PD_12,3.3384406350478457e-13,SNU61,colon
PD_10_PD_13,2.439159985101469e-13,SNU61,colon
PD_10_PD_15,-2.87214696470528e-13,SNU61,colon
PD_01_PD_02,-0.0019580784408628,SNUC1,colon
PD_01_PD_03,-0.004894508496026,SNUC1,colon
PD_01_PD_08,-0.0310451150727556,SNUC1,colon
PD_01_PD_10,-0.0043576655182615,SNUC1,colon
PD_03_PD_05,-6.443247756449111e-07,SNUC1,colon
PD_03_PD_06,-0.0165685648052156,SNUC1,colon
PD_03_PD_07,-6.616942838100216e-08,SNUC1,colon
PD_03_PD_08,-0.0165685648052156,SNUC1,colon
PD_03_PD_09,-6.443243985021496e-07,SNUC1,colon
PD_03_PD_10,-8.4983903375635e-06,SNUC1,colon
PD_03_PD_11,-8.501070720146053e-06,SNUC1,colon
PD_03_PD_12,0.0,SNUC1,colon
PD_03_PD_15,-4.0108121268644944e-09,SNUC1,colon
PD_06_PD_08,0.0012798511056777,SNUC1,colon
PD_06_PD_10,-0.5444325123899256,SNUC1,colon
PD_06_PD_14,-0.008253103862309,SNUC1,colon
PD_07_PD_08,-0.0024260503637175,SNUC1,colon
PD_07_PD_10,-5.1562295877438664e-08,SNUC1,colon
PD_08_PD_10,-0.4532277534597457,SNUC1,colon
PD_08_PD_12,0.0,SNUC1,colon
PD_08_PD_14,-0.008253103862309,SNUC1,colon
PD_08_PD_15,-0.0002094292154445,SNUC1,colon
PD_10_PD_12,-2.8551805364429583e-10,SNUC1,colon
PD_10_PD_13,2.682539745890722e-09,SNUC1,colon
PD_10_PD_15,-1.9754607949451493e-09,SNUC1,colon
PD_01_PD_02,-0.0018990666800083,SNUC2B,colon
PD_01_PD_03,-0.0082599045693277,SNUC2B,colon
PD_01_PD_08,-0.0171435604892644,SNUC2B,colon
PD_01_PD_10,-0.0053130444853958,SNUC2B,colon
PD_03_PD_05,-6.718337307476396e-06,SNUC2B,colon
PD_03_PD_06,-0.0704184488425584,SNUC2B,colon
PD_03_PD_07,-5.746241337201141e-07,SNUC2B,colon
PD_03_PD_08,-0.0201283674109902,SNUC2B,colon
PD_03_PD_09,-6.71831616316787e-06,SNUC2B,colon
PD_03_PD_10,-1.9283209039322458e-05,SNUC2B,colon
PD_03_PD_11,-1.9290953852668657e-05,SNUC2B,colon
PD_03_PD_12,-3.1623826890481155e-09,SNUC2B,colon
PD_03_PD_15,-7.470608964776916e-08,SNUC2B,colon
PD_06_PD_08,0.0166697176703448,SNUC2B,colon
PD_06_PD_10,-0.4563317072917438,SNUC2B,colon
PD_06_PD_14,-0.0467024248118342,SNUC2B,colon
PD_07_PD_08,-0.0116712522090262,SNUC2B,colon
PD_07_PD_10,-7.190696560410714e-08,SNUC2B,colon
PD_08_PD_10,-0.2672567300361159,SNUC2B,colon
PD_08_PD_12,-0.0707073313228004,SNUC2B,colon
PD_08_PD_14,-0.1170681678400371,SNUC2B,colon
PD_08_PD_15,-0.0007216944455017,SNUC2B,colon
PD_10_PD_12,-4.940262865460454e-09,SNUC2B,colon
PD_10_PD_13,8.094369285949199e-09,SNUC2B,colon
PD_10_PD_15,-4.741274484132418e-09,SNUC2B,colon
PD_01_PD_02,-0.0025956758031705,SNUC5,colon
PD_01_PD_03,-0.0059920323438407,SNUC5,colon
PD_01_PD_08,-0.0328500385953002,SNUC5,colon
PD_01_PD_10,-0.0052969419227977,SNUC5,colon
PD_03_PD_05,-3.229198797249921e-09,SNUC5,colon
PD_03_PD_06,-0.0305414664810436,SNUC5,colon
PD_03_PD_07,-3.6226566191288606e-10,SNUC5,colon
PD_03_PD_08,-0.030502124259767,SNUC5,colon
PD_03_PD_09,-3.229198797249921e-09,SNUC5,colon
PD_03_PD_10,-8.223009627661426e-07,SNUC5,colon
PD_03_PD_11,-8.223578623622885e-07,SNUC5,colon
PD_03_PD_12,-1.532107773982716e-14,SNUC5,colon
PD_03_PD_15,-2.502442697505103e-12,SNUC5,colon
PD_06_PD_08,0.0045481635100628,SNUC5,colon
PD_06_PD_10,-0.5243898988664886,SNUC5,colon
PD_06_PD_14,-0.017225799834647,SNUC5,colon
PD_07_PD_08,-0.0092420283154062,SNUC5,colon
PD_07_PD_10,-1.5169612233023601e-09,SNUC5,colon
PD_08_PD_10,-0.3820669181273506,SNUC5,colon
PD_08_PD_12,-2.1562673868658067e-10,SNUC5,colon
PD_08_PD_14,-0.0172258000502737,SNUC5,colon
PD_08_PD_15,-0.0005655620224059,SNUC5,colon
PD_10_PD_12,-3.3306690738754696e-16,SNUC5,colon
PD_10_PD_13,5.689959614585405e-11,SNUC5,colon
PD_10_PD_15,-5.3747339912035834e-11,SNUC5,colon
PD_01_PD_02,-0.0052945988315455,SW1116,colon
PD_01_PD_03,-0.0105623004172347,SW1116,colon
PD_01_PD_08,-0.0378815729547853,SW1116,colon
PD_01_PD_10,-0.0121315306387445,SW1116,colon
PD_03_PD_05,-3.302299322882618e-09,SW1116,colon
PD_03_PD_06,-0.0193847471697223,SW1116,colon
PD_03_PD_07,-6.807955310605961e-10,SW1116,colon
PD_03_PD_08,-0.0193866675700793,SW1116,colon
PD_03_PD_09,-1.4918011270736997e-08,SW1116,colon
PD_03_PD_10,-1.3010797494938944e-07,SW1116,colon
PD_03_PD_11,-1.3012443578208632e-07,SW1116,colon
PD_03_PD_12,-5.206945985491984e-14,SW1116,colon
PD_03_PD_15,-3.1864511029766618e-12,SW1116,colon
PD_06_PD_08,0.0027948956394823,SW1116,colon
PD_06_PD_10,-0.5088684335681448,SW1116,colon
PD_06_PD_14,-0.0110509979556659,SW1116,colon
PD_07_PD_08,-0.0061870409330124,SW1116,colon
PD_07_PD_10,-6.010767439335041e-10,SW1116,colon
PD_08_PD_10,-0.3507788865429975,SW1116,colon
PD_08_PD_12,-2.5599238068219066e-06,SW1116,colon
PD_08_PD_14,-0.0110535578794728,SW1116,colon
PD_08_PD_15,-0.0003643379958461,SW1116,colon
PD_10_PD_12,-4.9645116684260415e-08,SW1116,colon
PD_10_PD_13,1.6462387009141818e-11,SW1116,colon
PD_10_PD_15,-1.2853385022992823e-11,SW1116,colon
PD_01_PD_02,-0.0042045506553565,SW1417,colon
PD_01_PD_03,-0.008272784482151,SW1417,colon
PD_01_PD_08,-0.0314613891071978,SW1417,colon
PD_01_PD_10,-0.0097234220605136,SW1417,colon
PD_03_PD_05,-6.017372489175443e-09,SW1417,colon
PD_03_PD_06,-0.0287145820135912,SW1417,colon
PD_03_PD_07,-1.6955864490242332e-09,SW1417,colon
PD_03_PD_08,-0.0287135228196681,SW1417,colon
PD_03_PD_09,-6.017372267130838e-09,SW1417,colon
PD_03_PD_10,-4.520871289548367e-07,SW1417,colon
PD_03_PD_11,-4.5213957677869843e-07,SW1417,colon
PD_03_PD_12,-1.971756091734278e-13,SW1417,colon
PD_03_PD_15,-7.392086942559217e-12,SW1417,colon
PD_06_PD_08,0.0036882127157611,SW1417,colon
PD_06_PD_10,-0.5247452349306012,SW1417,colon
PD_06_PD_14,-0.0158232630157717,SW1417,colon
PD_07_PD_08,-0.0083301260258182,SW1417,colon
PD_07_PD_10,-1.7556615050651203e-09,SW1417,colon
PD_08_PD_10,-0.3940660866856431,SW1417,colon
PD_08_PD_12,-2.1649348980190556e-14,SW1417,colon
PD_08_PD_14,-0.0158232630157934,SW1417,colon
PD_08_PD_15,-0.0004882621728637,SW1417,colon
PD_10_PD_12,-1.0471635780717749e-07,SW1417,colon
PD_10_PD_13,5.2452486798415514e-11,SW1417,colon
PD_10_PD_15,-4.00297572866748e-11,SW1417,colon
PD_01_PD_02,-0.0674733012374485,SW1463,colon
PD_01_PD_03,-0.0912765912783508,SW1463,colon
PD_01_PD_08,-0.1117981058901489,SW1463,colon
PD_01_PD_10,-0.13771027927228,SW1463,colon
PD_03_PD_05,-0.0021327848314708,SW1463,colon
PD_03_PD_06,-0.1534122540994735,SW1463,colon
PD_03_PD_07,-0.0020266529211382,SW1463,colon
PD_03_PD_08,-0.0359261426240163,SW1463,colon
PD_03_PD_09,-0.0020962552604593,SW1463,colon
PD_03_PD_10,-0.016414869563586,SW1463,colon
PD_03_PD_11,-0.0217294319942882,SW1463,colon
PD_03_PD_12,-0.005290925233843,SW1463,colon
PD_03_PD_15,-0.0001470278926102,SW1463,colon
PD_06_PD_08,0.0011445262227944,SW1463,colon
PD_06_PD_10,-0.4412667087155302,SW1463,colon
PD_06_PD_14,-0.0772609410436816,SW1463,colon
PD_07_PD_08,-0.00317413122098,SW1463,colon
PD_07_PD_10,-0.0093214547267359,SW1463,colon
PD_08_PD_10,-0.2668784985713996,SW1463,colon
PD_08_PD_12,-0.0568765350742703,SW1463,colon
PD_08_PD_14,-0.1339765836905327,SW1463,colon
PD_08_PD_15,-0.0003086668340942,SW1463,colon
PD_10_PD_12,-0.0048327431505647,SW1463,colon
PD_10_PD_13,0.0054074665541963,SW1463,colon
PD_10_PD_15,-0.0007285677482178,SW1463,colon
PD_01_PD_08,-0.0199456974091452,SW48,colon
PD_01_PD_10,-0.0004905524417248,SW48,colon
PD_06_PD_08,1.3643271845609206e-07,SW48,colon
PD_06_PD_10,-0.4772984856008194,SW48,colon
PD_06_PD_14,-0.0402859755406276,SW48,colon
PD_07_PD_08,-4.285832505557252e-06,SW48,colon
PD_07_PD_10,-2.5828228444879638e-12,SW48,colon
PD_08_PD_10,-0.0044970478084346,SW48,colon
PD_08_PD_12,-0.0729606027921865,SW48,colon
PD_08_PD_14,-0.1132202175397336,SW48,colon
PD_08_PD_15,-4.457786961786781e-07,SW48,colon
PD_10_PD_12,-1.7334023105775028e-11,SW48,colon
PD_10_PD_13,9.214851104388801e-15,SW48,colon
PD_10_PD_15,-9.992007221626407e-15,SW48,colon
PD_01_PD_02,-0.0023856833648613,SW620,colon
PD_01_PD_03,-0.0057677380939731,SW620,colon
PD_01_PD_08,-0.0348228687259601,SW620,colon
PD_01_PD_10,-0.0042533550989648,SW620,colon
PD_03_PD_05,-1.040416189090898e-06,SW620,colon
PD_03_PD_06,-0.0177345159048986,SW620,colon
PD_03_PD_07,-1.1577143776975165e-07,SW620,colon
PD_03_PD_08,-0.0177345159048986,SW620,colon
PD_03_PD_09,-1.0404151353782254e-06,SW620,colon
PD_03_PD_10,-1.2442325994621584e-05,SW620,colon
PD_03_PD_11,-1.244767172547956e-05,SW620,colon
PD_03_PD_12,0.0,SW620,colon
PD_03_PD_15,-7.484296626891762e-09,SW620,colon
PD_06_PD_08,0.00150704848052,SW620,colon
PD_06_PD_10,-0.5467360155282758,SW620,colon
PD_06_PD_14,-0.0088525119661178,SW620,colon
PD_07_PD_08,-0.0026721907614345,SW620,colon
PD_07_PD_10,-9.115326371489375e-08,SW620,colon
PD_08_PD_10,-0.4663629382032963,SW620,colon
PD_08_PD_12,0.0,SW620,colon
PD_08_PD_14,-0.0088525119661178,SW620,colon
PD_08_PD_15,-0.0002361128279857,SW620,colon
PD_10_PD_12,-6.102119920470273e-10,SW620,colon
PD_10_PD_13,5.351377674323032e-09,SW620,colon
PD_10_PD_15,-3.746896459766447e-09,SW620,colon
PD_01_PD_02,-0.0052945988315455,SW626,colon
PD_01_PD_03,-0.0105623004172347,SW626,colon
PD_01_PD_08,-0.0378815729547853,SW626,colon
PD_01_PD_10,-0.0121315306387445,SW626,colon
PD_03_PD_05,-3.302299322882618e-09,SW626,colon
PD_03_PD_06,-0.0193847471697223,SW626,colon
PD_03_PD_07,-6.807955310605961e-10,SW626,colon
PD_03_PD_08,-0.0193866675700793,SW626,colon
PD_03_PD_09,-1.4918011270736997e-08,SW626,colon
PD_03_PD_10,-1.3010797494938944e-07,SW626,colon
PD_03_PD_11,-1.3012443578208632e-07,SW626,colon
PD_03_PD_12,-5.206945985491984e-14,SW626,colon
PD_03_PD_15,-3.1864511029766618e-12,SW626,colon
PD_06_PD_08,0.0027948956394823,SW626,colon
PD_06_PD_10,-0.5088684335681448,SW626,colon
PD_06_PD_14,-0.0110509979556659,SW626,colon
PD_07_PD_08,-0.0061870409330124,SW626,colon
PD_07_PD_10,-6.010767439335041e-10,SW626,colon
PD_08_PD_10,-0.3507788865429975,SW626,colon
PD_08_PD_12,-2.5599238068219066e-06,SW626,colon
PD_08_PD_14,-0.0110535578794728,SW626,colon
PD_08_PD_15,-0.0003643379958461,SW626,colon
PD_10_PD_12,-4.9645116684260415e-08,SW626,colon
PD_10_PD_13,1.6462387009141818e-11,SW626,colon
PD_10_PD_15,-1.2853385022992823e-11,SW626,colon
PD_01_PD_02,-0.0050739245823251,SW837,colon
PD_01_PD_03,-0.0100300215118812,SW837,colon
PD_01_PD_08,-0.0254779765331728,SW837,colon
PD_01_PD_10,-0.0109938573591416,SW837,colon
PD_03_PD_05,-1.0540286754512353e-08,SW837,colon
PD_03_PD_06,-0.0184771253356581,SW837,colon
PD_03_PD_07,-3.037943008266097e-09,SW837,colon
PD_03_PD_08,-0.0184755623698106,SW837,colon
PD_03_PD_09,-1.0540286088378537e-08,SW837,colon
PD_03_PD_10,-5.24835651050104e-07,SW837,colon
PD_03_PD_11,-5.249408902008312e-07,SW837,colon
PD_03_PD_12,-4.932720898409572e-13,SW837,colon
PD_03_PD_15,-1.573108310282123e-11,SW837,colon
PD_06_PD_08,0.0037115367876737,SW837,colon
PD_06_PD_10,-0.528618167218398,SW837,colon
PD_06_PD_14,-0.0118239368638179,SW837,colon
PD_07_PD_08,-0.0069643414301706,SW837,colon
PD_07_PD_10,-3.0986224697215903e-09,SW837,colon
PD_08_PD_10,-0.4060959890107167,SW837,colon
PD_08_PD_12,-5.828670879282073e-14,SW837,colon
PD_08_PD_14,-0.0118239368638762,SW837,colon
PD_08_PD_15,-0.0004372152823706,SW837,colon
PD_10_PD_12,-1.6913639377946765e-07,SW837,colon
PD_10_PD_13,1.0525269544814364e-10,SW837,colon
PD_10_PD_15,-7.541822721890412e-11,SW837,colon
PD_01_PD_02,-0.0022752381234284,SW948,colon
PD_01_PD_03,-0.0047700156278913,SW948,colon
PD_01_PD_08,-0.0099670280711562,SW948,colon
PD_01_PD_10,-0.0073891734553295,SW948,colon
PD_03_PD_05,-4.838696110454066e-11,SW948,colon
PD_03_PD_06,-0.0378666385785799,SW948,colon
PD_03_PD_07,-5.580091944068499e-12,SW948,colon
PD_03_PD_08,-2.95607723688196e-06,SW948,colon
PD_03_PD_09,-4.838696110454066e-11,SW948,colon
PD_03_PD_10,-7.793429868119263e-08,SW948,colon
PD_03_PD_11,-7.797147760779667e-08,SW948,colon
PD_03_PD_12,-1.9710844068043798e-10,SW948,colon
PD_03_PD_15,-1.0746958878371517e-13,SW948,colon
PD_06_PD_08,1.286726281080064e-11,SW948,colon
PD_06_PD_10,-0.5183546000490487,SW948,colon
PD_06_PD_14,-0.0224130924064858,SW948,colon
PD_07_PD_08,-3.056873643103586e-10,SW948,colon
PD_07_PD_10,-3.052754715682226e-10,SW948,colon
PD_08_PD_10,-0.012503854872551,SW948,colon
PD_08_PD_12,-0.0124318109382718,SW948,colon
PD_08_PD_14,-0.0348449033447028,SW948,colon
PD_08_PD_15,-1.3398837594991164e-11,SW948,colon
PD_10_PD_12,-7.538564328335441e-09,SW948,colon
PD_10_PD_13,3.717892660404232e-11,SW948,colon
PD_10_PD_15,-2.4347523996937067e-11,SW948,colon
PD_01_PD_02,-0.07686499603948,T84,colon
PD_01_PD_03,-0.1097204819811847,T84,colon
PD_01_PD_08,-0.16674716667038,T84,colon
PD_01_PD_10,-0.1345180234883591,T84,colon
PD_03_PD_05,-0.0028401288969124,T84,colon
PD_03_PD_06,-0.0922345842728716,T84,colon
PD_03_PD_07,-0.0008548858645598,T84,colon
PD_03_PD_08,-0.0780606914315884,T84,colon
PD_03_PD_09,-0.0028316902830188,T84,colon
PD_03_PD_10,-0.0121335606805254,T84,colon
PD_03_PD_11,-0.0131374300903609,T84,colon
PD_03_PD_12,-0.0001656031487553,T84,colon
PD_03_PD_15,-0.0001062990262966,T84,colon
PD_06_PD_08,0.0050494709602098,T84,colon
PD_06_PD_10,-0.4594939038911098,T84,colon
PD_06_PD_14,-0.0376685943909719,T84,colon
PD_07_PD_08,-0.0053644554374295,T84,colon
PD_07_PD_10,-0.0017467407040604,T84,colon
PD_08_PD_10,-0.4339048278537281,T84,colon
PD_08_PD_12,-0.0414623143980057,T84,colon
PD_08_PD_14,-0.0790044843312812,T84,colon
PD_08_PD_15,-0.0008407886887747,T84,colon
PD_10_PD_12,-0.0008551114081896,T84,colon
PD_10_PD_13,0.0010226926997299,T84,colon
PD_10_PD_15,-0.0001919220445326,T84,colon
PD_01_PD_08,-0.0498512922094895,AN3CA,endometrium
PD_01_PD_10,-0.0022227022422433,AN3CA,endometrium
PD_06_PD_08,1.4080706872698912e-06,AN3CA,endometrium
PD_06_PD_10,-0.4402823079537144,AN3CA,endometrium
PD_06_PD_14,-0.0392970820510766,AN3CA,endometrium
PD_07_PD_08,-3.802570922517568e-05,AN3CA,endometrium
PD_07_PD_10,-1.2856826714369164e-11,AN3CA,endometrium
PD_08_PD_10,-0.0046115301380522,AN3CA,endometrium
PD_08_PD_12,-0.1063676399285015,AN3CA,endometrium
PD_08_PD_14,-0.1456235971501329,AN3CA,endometrium
PD_08_PD_15,-3.0968489012073164e-06,AN3CA,endometrium
PD_10_PD_12,-7.888134589961737e-12,AN3CA,endometrium
PD_10_PD_13,7.438494264988549e-15,AN3CA,endometrium
PD_10_PD_15,-6.772360450213455e-15,AN3CA,endometrium
PD_01_PD_08,-0.0334568802320671,COLO684,endometrium
PD_01_PD_10,-0.0012277571663259,COLO684,endometrium
PD_06_PD_08,1.544990606894281e-06,COLO684,endometrium
PD_06_PD_10,-0.4398752533902615,COLO684,endometrium
PD_06_PD_14,-0.0446468194995022,COLO684,endometrium
PD_07_PD_08,-4.152784066335791e-05,COLO684,endometrium
PD_07_PD_10,-1.653333026041537e-11,COLO684,endometrium
PD_08_PD_10,-0.0055117719657984,COLO684,endometrium
PD_08_PD_12,-0.1081565044787427,COLO684,endometrium
PD_08_PD_14,-0.1527625555401219,COLO684,endometrium
PD_08_PD_15,-3.323129440513384e-06,COLO684,endometrium
PD_10_PD_12,-1.0987988297017635e-11,COLO684,endometrium
PD_10_PD_13,1.0658141036401504e-14,COLO684,endometrium
PD_10_PD_15,-9.769962616701378e-15,COLO684,endometrium
PD_01_PD_08,-0.0421969145968483,EN,endometrium
PD_01_PD_10,-0.0013685449676693,EN,endometrium
PD_06_PD_08,3.2095676648635774e-05,EN,endometrium
PD_06_PD_10,-0.4375741614225621,EN,endometrium
PD_06_PD_14,-0.0416303139790505,EN,endometrium
PD_07_PD_08,-0.0001900711872767,EN,endometrium
PD_07_PD_10,-2.0909951548020442e-10,EN,endometrium
PD_08_PD_10,-0.0088579078336488,EN,endometrium
PD_08_PD_12,-0.1043526650283814,EN,endometrium
PD_08_PD_14,-0.1459559316717585,EN,endometrium
PD_08_PD_15,-4.410545427957491e-05,EN,endometrium
PD_10_PD_12,-4.933872199686107e-10,EN,endometrium
PD_10_PD_13,1.439959262938828e-12,EN,endometrium
PD_10_PD_15,-1.0684786388992509e-12,EN,endometrium
PD_01_PD_02,-0.0020462237528492,ESS1,endometrium
PD_01_PD_03,-0.0043048663107736,ESS1,endometrium
PD_01_PD_08,-0.0211850728867508,ESS1,endometrium
PD_01_PD_10,-0.0043336633315912,ESS1,endometrium
PD_03_PD_05,-1.491789130114718e-06,ESS1,endometrium
PD_03_PD_06,-0.0623659299008301,ESS1,endometrium
PD_03_PD_07,-1.459015115390372e-07,ESS1,endometrium
PD_03_PD_08,-0.0182299250401866,ESS1,endometrium
PD_03_PD_09,-1.491732823710734e-06,ESS1,endometrium
PD_03_PD_10,-4.048275265677859e-06,ESS1,endometrium
PD_03_PD_11,-4.053260675207504e-06,ESS1,endometrium
PD_03_PD_12,-4.0505399034884704e-10,ESS1,endometrium
PD_03_PD_15,-1.543222827304902e-08,ESS1,endometrium
PD_06_PD_08,0.0182729340832222,ESS1,endometrium
PD_06_PD_10,-0.4489670211516929,ESS1,endometrium
PD_06_PD_14,-0.0444398305080071,ESS1,endometrium
PD_07_PD_08,-0.0112495994585969,ESS1,endometrium
PD_07_PD_10,-4.87505683599565e-08,ESS1,endometrium
PD_08_PD_10,-0.2703882041711015,ESS1,endometrium
PD_08_PD_12,-0.076067039790307,ESS1,endometrium
PD_08_PD_14,-0.1201707638202012,ESS1,endometrium
PD_08_PD_15,-0.0007992398582375,ESS1,endometrium
PD_10_PD_12,-3.149416838432728e-09,ESS1,endometrium
PD_10_PD_13,5.193428131988753e-09,ESS1,endometrium
PD_10_PD_15,-3.13890402559025e-09,ESS1,endometrium
PD_01_PD_02,-0.0031818378467138,HEC1,endometrium
PD_01_PD_03,-0.01193815407795,HEC1,endometrium
PD_01_PD_08,-0.0418330786561508,HEC1,endometrium
PD_01_PD_10,-0.0061281601941917,HEC1,endometrium
PD_03_PD_05,-5.738712580249938e-06,HEC1,endometrium
PD_03_PD_06,-0.0941341967078793,HEC1,endometrium
PD_03_PD_07,-4.684989243219917e-07,HEC1,endometrium
PD_03_PD_08,-0.0432508349830355,HEC1,endometrium
PD_03_PD_09,-5.738698355850502e-06,HEC1,endometrium
PD_03_PD_10,-1.6506270219096564e-05,HEC1,endometrium
PD_03_PD_11,-1.651203837593762e-05,HEC1,endometrium
PD_03_PD_12,-2.321185799125658e-09,HEC1,endometrium
PD_03_PD_15,-6.014987996572074e-08,HEC1,endometrium
PD_06_PD_08,0.0217266999210541,HEC1,endometrium
PD_06_PD_10,-0.4436812486245005,HEC1,endometrium
PD_06_PD_14,-0.0602495225902105,HEC1,endometrium
PD_07_PD_08,-0.0160615428488639,HEC1,endometrium
PD_07_PD_10,-5.5506852780773386e-08,HEC1,endometrium
PD_08_PD_10,-0.2593530239106446,HEC1,endometrium
PD_08_PD_12,-0.0695857202172594,HEC1,endometrium
PD_08_PD_14,-0.1294924243793376,HEC1,endometrium
PD_08_PD_15,-0.0012336115442099,HEC1,endometrium
PD_10_PD_12,-3.6530308777926734e-09,HEC1,endometrium
PD_10_PD_13,6.014995279635116e-09,HEC1,endometrium
PD_10_PD_15,-3.599855857849832e-09,HEC1,endometrium
PD_01_PD_02,-0.0023856833648613,KLE,endometrium
PD_01_PD_03,-0.0057677380939731,KLE,endometrium
PD_01_PD_08,-0.0348228687259601,KLE,endometrium
PD_01_PD_10,-0.0042533550989648,KLE,endometrium
PD_03_PD_05,-1.040416189090898e-06,KLE,endometrium
PD_03_PD_06,-0.0177345159048986,KLE,endometrium
PD_03_PD_07,-1.1577143776975165e-07,KLE,endometrium
PD_03_PD_08,-0.0177345159048986,KLE,endometrium
PD_03_PD_09,-1.0404151353782254e-06,KLE,endometrium
PD_03_PD_10,-1.2442325994621584e-05,KLE,endometrium
PD_03_PD_11,-1.244767172547956e-05,KLE,endometrium
PD_03_PD_12,0.0,KLE,endometrium
PD_03_PD_15,-7.484296626891762e-09,KLE,endometrium
PD_06_PD_08,0.00150704848052,KLE,endometrium
PD_06_PD_10,-0.5467360155282758,KLE,endometrium
PD_06_PD_14,-0.0088525119661178,KLE,endometrium
PD_07_PD_08,-0.0026721907614345,KLE,endometrium
PD_07_PD_10,-9.115326371489375e-08,KLE,endometrium
PD_08_PD_10,-0.4663629382032963,KLE,endometrium
PD_08_PD_12,0.0,KLE,endometrium
PD_08_PD_14,-0.0088525119661178,KLE,endometrium
PD_08_PD_15,-0.0002361128279857,KLE,endometrium
PD_10_PD_12,-6.102119920470273e-10,KLE,endometrium
PD_10_PD_13,5.351377674323032e-09,KLE,endometrium
PD_10_PD_15,-3.746896459766447e-09,KLE,endometrium
PD_01_PD_02,-0.06736301132844,MFE280,endometrium
PD_01_PD_03,-0.1229092211132776,MFE280,endometrium
PD_01_PD_08,-0.1396346508148847,MFE280,endometrium
PD_01_PD_10,-0.1367921797382049,MFE280,endometrium
PD_03_PD_05,-0.0083725099032411,MFE280,endometrium
PD_03_PD_06,-0.130390238499525,MFE280,endometrium
PD_03_PD_07,-0.0032548119345334,MFE280,endometrium
PD_03_PD_08,-0.0892573435209297,MFE280,endometrium
PD_03_PD_09,-0.0083071270215796,MFE280,endometrium
PD_03_PD_10,-0.0225896555966913,MFE280,endometrium
PD_03_PD_11,-0.0245185713307654,MFE280,endometrium
PD_03_PD_12,-0.0014855708425702,MFE280,endometrium
PD_03_PD_15,-0.0004558208144281,MFE280,endometrium
PD_06_PD_08,0.0072559576631672,MFE280,endometrium
PD_06_PD_10,-0.4512571360327071,MFE280,endometrium
PD_06_PD_14,-0.0491973729873161,MFE280,endometrium
PD_07_PD_08,-0.0064526795656379,MFE280,endometrium
PD_07_PD_10,-0.0030843168698211,MFE280,endometrium
PD_08_PD_10,-0.3884023016918065,MFE280,endometrium
PD_08_PD_12,-0.0445084600785367,MFE280,endometrium
PD_08_PD_14,-0.0935599041944338,MFE280,endometrium
PD_08_PD_15,-0.0008964605815886,MFE280,endometrium
PD_10_PD_12,-0.0015766204648555,MFE280,endometrium
PD_10_PD_13,0.0021723608921028,MFE280,endometrium
PD_10_PD_15,-0.0003465694240415,MFE280,endometrium
PD_01_PD_08,-0.0415031957469937,MFE296,endometrium
PD_01_PD_10,-0.0012363178685499,MFE296,endometrium
PD_06_PD_08,3.20929706002504e-05,MFE296,endometrium
PD_06_PD_10,-0.429210648227497,MFE296,endometrium
PD_06_PD_14,-0.0416089761070674,MFE296,endometrium
PD_07_PD_08,-0.0001900663460058,MFE296,endometrium
PD_07_PD_10,-2.0909951548020442e-10,MFE296,endometrium
PD_08_PD_10,-0.0088529404036978,MFE296,endometrium
PD_08_PD_12,-0.1043508705068404,MFE296,endometrium
PD_08_PD_14,-0.1459327992785709,MFE296,endometrium
PD_08_PD_15,-4.409817259387605e-05,MFE296,endometrium
PD_10_PD_12,-4.933869979240058e-10,MFE296,endometrium
PD_10_PD_13,1.439959262938828e-12,MFE296,endometrium
PD_10_PD_15,-1.0684786388992509e-12,MFE296,endometrium
PD_01_PD_02,-0.0639307205637971,MFE319,endometrium
PD_01_PD_03,-0.1157454605412562,MFE319,endometrium
PD_01_PD_08,-0.1458599962138578,MFE319,endometrium
PD_01_PD_10,-0.1310312234347546,MFE319,endometrium
PD_03_PD_05,-0.0060213666893194,MFE319,endometrium
PD_03_PD_06,-0.1357586266526328,MFE319,endometrium
PD_03_PD_07,-0.0027025131757016,MFE319,endometrium
PD_03_PD_08,-0.0948396297053016,MFE319,endometrium
PD_03_PD_09,-0.0059643060904421,MFE319,endometrium
PD_03_PD_10,-0.0172158009153482,MFE319,endometrium
PD_03_PD_11,-0.018837358070688,MFE319,endometrium
PD_03_PD_12,-0.0011286155791806,MFE319,endometrium
PD_03_PD_15,-0.0003405524364309,MFE319,endometrium
PD_06_PD_08,0.008212737066276,MFE319,endometrium
PD_06_PD_10,-0.4495682374227175,MFE319,endometrium
PD_06_PD_14,-0.0520494340578009,MFE319,endometrium
PD_07_PD_08,-0.0070788917146126,MFE319,endometrium
PD_07_PD_10,-0.0027241790815206,MFE319,endometrium
PD_08_PD_10,-0.3908180441692873,MFE319,endometrium
PD_08_PD_12,-0.0453062585273382,MFE319,endometrium
PD_08_PD_14,-0.0972116523783861,MFE319,endometrium
PD_08_PD_15,-0.000986814038301,MFE319,endometrium
PD_10_PD_12,-0.0013025468309113,MFE319,endometrium
PD_10_PD_13,0.0018284770067586,MFE319,endometrium
PD_10_PD_15,-0.0002789811821569,MFE319,endometrium
PD_01_PD_08,-0.0498512922094895,RL952,endometrium
PD_01_PD_10,-0.0022227022422433,RL952,endometrium
PD_06_PD_08,1.4080706872698912e-06,RL952,endometrium
PD_06_PD_10,-0.4402823079537144,RL952,endometrium
PD_06_PD_14,-0.0392970820510766,RL952,endometrium
PD_07_PD_08,-3.802570922517568e-05,RL952,endometrium
PD_07_PD_10,-1.2856826714369164e-11,RL952,endometrium
PD_08_PD_10,-0.0046115301380522,RL952,endometrium
PD_08_PD_12,-0.1063676399285015,RL952,endometrium
PD_08_PD_14,-0.1456235971501329,RL952,endometrium
PD_08_PD_15,-3.0968489012073164e-06,RL952,endometrium
PD_10_PD_12,-7.888134589961737e-12,RL952,endometrium
PD_10_PD_13,7.438494264988549e-15,RL952,endometrium
PD_10_PD_15,-6.772360450213455e-15,RL952,endometrium
PD_01_PD_08,-0.0547186206345889,SNGM,endometrium
PD_01_PD_10,-0.0027026518760359,SNGM,endometrium
PD_06_PD_08,3.602743412489673e-07,SNGM,endometrium
PD_06_PD_10,-0.464680793187366,SNGM,endometrium
PD_06_PD_14,-0.0371114772537002,SNGM,endometrium
PD_07_PD_08,-5.208315041915768e-06,SNGM,endometrium
PD_07_PD_10,-7.355227538141662e-13,SNGM,endometrium
PD_08_PD_10,-0.0050322273478602,SNGM,endometrium
PD_08_PD_12,-0.0725715833015157,SNGM,endometrium
PD_08_PD_14,-0.1096569350152245,SNGM,endometrium
PD_08_PD_15,-1.041579269278614e-06,SNGM,endometrium
PD_10_PD_12,-3.4521274727694617e-12,SNGM,endometrium
PD_10_PD_13,1.9984014443252818e-15,SNGM,endometrium
PD_10_PD_15,-2.1094237467877974e-15,SNGM,endometrium
PD_01_PD_08,-0.0184062368999827,COLO680N,esophagus
PD_01_PD_10,-0.0010289410837523,COLO680N,esophagus
PD_06_PD_08,2.8272377883276082e-08,COLO680N,esophagus
PD_06_PD_10,-0.5172269990775398,COLO680N,esophagus
PD_06_PD_14,-0.0158872320798261,COLO680N,esophagus
PD_07_PD_08,-2.2383143853943466e-06,COLO680N,esophagus
PD_07_PD_10,-9.132028466751764e-12,COLO680N,esophagus
PD_08_PD_10,-0.0019842256256817,COLO680N,esophagus
PD_08_PD_12,-0.0011965707130989,COLO680N,esophagus
PD_08_PD_14,-0.0170838027921064,COLO680N,esophagus
PD_08_PD_15,-9.982626947291352e-08,COLO680N,esophagus
PD_10_PD_12,1.1868284133242926e-13,COLO680N,esophagus
PD_10_PD_13,1.1868284133242926e-13,COLO680N,esophagus
PD_10_PD_15,-1.4888090760223352e-13,COLO680N,esophagus
PD_01_PD_02,-0.0017773192942426,ECGI10,esophagus
PD_01_PD_03,-0.0090279720668816,ECGI10,esophagus
PD_01_PD_08,-0.0312812707291467,ECGI10,esophagus
PD_01_PD_10,-0.0044088674444612,ECGI10,esophagus
PD_03_PD_05,-2.9110575616719814e-06,ECGI10,esophagus
PD_03_PD_06,-0.0211335156219955,ECGI10,esophagus
PD_03_PD_07,-3.827861245753184e-07,ECGI10,esophagus
PD_03_PD_08,-0.0211335156219955,ECGI10,esophagus
PD_03_PD_09,-2.911057221943736e-06,ECGI10,esophagus
PD_03_PD_10,-2.829322455388805e-05,ECGI10,esophagus
PD_03_PD_11,-2.82997629441617e-05,ECGI10,esophagus
PD_03_PD_12,0.0,ECGI10,esophagus
PD_03_PD_15,-2.8315751299246017e-08,ECGI10,esophagus
PD_06_PD_08,0.001363817207334,ECGI10,esophagus
PD_06_PD_10,-0.5432966276848364,ECGI10,esophagus
PD_06_PD_14,-0.0084962321121241,ECGI10,esophagus
PD_07_PD_08,-0.0025185692454067,ECGI10,esophagus
PD_07_PD_10,-1.0764566304999337e-07,ECGI10,esophagus
PD_08_PD_10,-0.4649328704578763,ECGI10,esophagus
PD_08_PD_12,0.0,ECGI10,esophagus
PD_08_PD_14,-0.0084962321121241,ECGI10,esophagus
PD_08_PD_15,-0.0001945425045415,ECGI10,esophagus
PD_10_PD_12,-1.939905791559226e-09,ECGI10,esophagus
PD_10_PD_13,6.548540376627443e-09,ECGI10,esophagus
PD_10_PD_15,-4.095125127889787e-09,ECGI10,esophagus
PD_01_PD_02,-0.0795135726512534,ESO26,esophagus
PD_01_PD_03,-0.1330843886632766,ESO26,esophagus
PD_01_PD_08,-0.1452339201524073,ESO26,esophagus
PD_01_PD_10,-0.1399089839300591,ESO26,esophagus
PD_03_PD_05,-0.0053212332659345,ESO26,esophagus
PD_03_PD_06,-0.171177608674828,ESO26,esophagus
PD_03_PD_07,-0.0026114834539595,ESO26,esophagus
PD_03_PD_08,-0.0659283839098723,ESO26,esophagus
PD_03_PD_09,-0.0052484611153568,ESO26,esophagus
PD_03_PD_10,-0.0148854904135887,ESO26,esophagus
PD_03_PD_11,-0.0170438999157288,ESO26,esophagus
PD_03_PD_12,-0.0078310571517072,ESO26,esophagus
PD_03_PD_15,-0.0003328866625244,ESO26,esophagus
PD_06_PD_08,0.0028218616246826,ESO26,esophagus
PD_06_PD_10,-0.4439281500035608,ESO26,esophagus
PD_06_PD_14,-0.0764194548192622,ESO26,esophagus
PD_07_PD_08,-0.0034997798315469,ESO26,esophagus
PD_07_PD_10,-0.0023234316118413,ESO26,esophagus
PD_08_PD_10,-0.2783090133152335,ESO26,esophagus
PD_08_PD_12,-0.0583839913111349,ESO26,esophagus
PD_08_PD_14,-0.1346765885122577,ESO26,esophagus
PD_08_PD_15,-0.0005126670552804,ESO26,esophagus
PD_10_PD_12,-0.0062407451230438,ESO26,esophagus
PD_10_PD_13,0.0024026071403338,ESO26,esophagus
PD_10_PD_15,-0.0003056261797113,ESO26,esophagus
PD_01_PD_02,-0.0023856833648613,ESO51,esophagus
PD_01_PD_03,-0.0057677380939731,ESO51,esophagus
PD_01_PD_08,-0.0348228687259601,ESO51,esophagus
PD_01_PD_10,-0.0042533550989648,ESO51,esophagus
PD_03_PD_05,-1.040416189090898e-06,ESO51,esophagus
PD_03_PD_06,-0.0177345159048986,ESO51,esophagus
PD_03_PD_07,-1.1577143776975165e-07,ESO51,esophagus
PD_03_PD_08,-0.0177345159048986,ESO51,esophagus
PD_03_PD_09,-1.0404151353782254e-06,ESO51,esophagus
PD_03_PD_10,-1.2442325994621584e-05,ESO51,esophagus
PD_03_PD_11,-1.244767172547956e-05,ESO51,esophagus
PD_03_PD_12,0.0,ESO51,esophagus
PD_03_PD_15,-7.484296626891762e-09,ESO51,esophagus
PD_06_PD_08,0.00150704848052,ESO51,esophagus
PD_06_PD_10,-0.5467360155282758,ESO51,esophagus
PD_06_PD_14,-0.0088525119661178,ESO51,esophagus
PD_07_PD_08,-0.0026721907614345,ESO51,esophagus
PD_07_PD_10,-9.115326371489375e-08,ESO51,esophagus
PD_08_PD_10,-0.4663629382032963,ESO51,esophagus
PD_08_PD_12,0.0,ESO51,esophagus
PD_08_PD_14,-0.0088525119661178,ESO51,esophagus
PD_08_PD_15,-0.0002361128279857,ESO51,esophagus
PD_10_PD_12,-6.102119920470273e-10,ESO51,esophagus
PD_10_PD_13,5.351377674323032e-09,ESO51,esophagus
PD_10_PD_15,-3.746896459766447e-09,ESO51,esophagus
PD_01_PD_08,-0.0184062368999827,FLO1,esophagus
PD_01_PD_10,-0.0010289410837523,FLO1,esophagus
PD_06_PD_08,2.8272377883276082e-08,FLO1,esophagus
PD_06_PD_10,-0.5172269990775398,FLO1,esophagus
PD_06_PD_14,-0.0158872320798261,FLO1,esophagus
PD_07_PD_08,-2.2383143853943466e-06,FLO1,esophagus
PD_07_PD_10,-9.132028466751764e-12,FLO1,esophagus
PD_08_PD_10,-0.0019842256256817,FLO1,esophagus
PD_08_PD_12,-0.0011965707130989,FLO1,esophagus
PD_08_PD_14,-0.0170838027921064,FLO1,esophagus
PD_08_PD_15,-9.982626947291352e-08,FLO1,esophagus
PD_10_PD_12,1.1868284133242926e-13,FLO1,esophagus
PD_10_PD_13,1.1868284133242926e-13,FLO1,esophagus
PD_10_PD_15,-1.4888090760223352e-13,FLO1,esophagus
PD_01_PD_08,-0.0162248984377683,KYAE1,esophagus
PD_01_PD_10,-0.0010695531096168,KYAE1,esophagus
PD_06_PD_08,3.964881767348771e-08,KYAE1,esophagus
PD_06_PD_10,-0.5803129371142874,KYAE1,esophagus
PD_06_PD_14,-0.0184181999379011,KYAE1,esophagus
PD_07_PD_08,-2.868079869822182e-06,KYAE1,esophagus
PD_07_PD_10,-9.003131573592782e-12,KYAE1,esophagus
PD_08_PD_10,-0.0019922044683353,KYAE1,esophagus
PD_08_PD_12,-0.0020018004720306,KYAE1,esophagus
PD_08_PD_14,-0.0204200004088512,KYAE1,esophagus
PD_08_PD_15,-1.3352344119255124e-07,KYAE1,esophagus
PD_10_PD_12,1.234568003383174e-13,KYAE1,esophagus
PD_10_PD_13,1.234568003383174e-13,KYAE1,esophagus
PD_10_PD_15,-1.4621637234313314e-13,KYAE1,esophagus
PD_01_PD_08,-0.0132156835165744,KYSE140,esophagus
PD_01_PD_10,-0.0003795537424444,KYSE140,esophagus
PD_06_PD_08,1.415341372212886e-06,KYSE140,esophagus
PD_06_PD_10,-0.4340953824909866,KYSE140,esophagus
PD_06_PD_14,-0.0386237100967997,KYSE140,esophagus
PD_07_PD_08,-3.856372699806432e-05,KYSE140,esophagus
PD_07_PD_10,-4.3334891230983885e-11,KYSE140,esophagus
PD_08_PD_10,-0.0046202390869065,KYSE140,esophagus
PD_08_PD_12,-0.1210452011390491,KYSE140,esophagus
PD_08_PD_14,-0.1596264497411547,KYSE140,esophagus
PD_08_PD_15,-3.1155586944775493e-06,KYSE140,esophagus
PD_10_PD_12,-4.4199310877957026e-11,KYSE140,esophagus
PD_10_PD_13,3.8413716652030416e-14,KYSE140,esophagus
PD_10_PD_15,-3.5860203695392556e-14,KYSE140,esophagus
PD_01_PD_08,-0.0184062368999827,KYSE150,esophagus
PD_01_PD_10,-0.0010289410837523,KYSE150,esophagus
PD_06_PD_08,2.8272377883276082e-08,KYSE150,esophagus
PD_06_PD_10,-0.5172269990775398,KYSE150,esophagus
PD_06_PD_14,-0.0158872320798261,KYSE150,esophagus
PD_07_PD_08,-2.2383143853943466e-06,KYSE150,esophagus
PD_07_PD_10,-9.132028466751764e-12,KYSE150,esophagus
PD_08_PD_10,-0.0019842256256817,KYSE150,esophagus
PD_08_PD_12,-0.0011965707130989,KYSE150,esophagus
PD_08_PD_14,-0.0170838027921064,KYSE150,esophagus
PD_08_PD_15,-9.982626947291352e-08,KYSE150,esophagus
PD_10_PD_12,1.1868284133242926e-13,KYSE150,esophagus
PD_10_PD_13,1.1868284133242926e-13,KYSE150,esophagus
PD_10_PD_15,-1.4888090760223352e-13,KYSE150,esophagus
PD_01_PD_02,-0.0730802851194445,KYSE180,esophagus
PD_01_PD_03,-0.1050734495664122,KYSE180,esophagus
PD_01_PD_08,-0.1564679351799521,KYSE180,esophagus
PD_01_PD_10,-0.1203299839681889,KYSE180,esophagus
PD_03_PD_05,-0.0061752971239784,KYSE180,esophagus
PD_03_PD_06,-0.1173610482222828,KYSE180,esophagus
PD_03_PD_07,-0.0022591628118397,KYSE180,esophagus
PD_03_PD_08,-0.0836740949907391,KYSE180,esophagus
PD_03_PD_09,-0.0072437954698312,KYSE180,esophagus
PD_03_PD_10,-0.0121370195580473,KYSE180,esophagus
PD_03_PD_11,-0.0131903838359784,KYSE180,esophagus
PD_03_PD_12,-0.0009337982660855,KYSE180,esophagus
PD_03_PD_15,-0.0003127590379554,KYSE180,esophagus
PD_06_PD_08,0.00827482825008,KYSE180,esophagus
PD_06_PD_10,-0.4037357817319463,KYSE180,esophagus
PD_06_PD_14,-0.0695266564978535,KYSE180,esophagus
PD_07_PD_08,-0.0076366546072232,KYSE180,esophagus
PD_07_PD_10,-0.0017935598021854,KYSE180,esophagus
PD_08_PD_10,-0.3382753330177018,KYSE180,esophagus
PD_08_PD_12,-0.0874169910255293,KYSE180,esophagus
PD_08_PD_14,-0.1567605112153233,KYSE180,esophagus
PD_08_PD_15,-0.0017522188328293,KYSE180,esophagus
PD_10_PD_12,-0.0012985938820423,KYSE180,esophagus
PD_10_PD_13,0.0012365429887641,KYSE180,esophagus
PD_10_PD_15,-0.0002416390641248,KYSE180,esophagus
PD_01_PD_08,-0.0343118851806731,KYSE220,esophagus
PD_01_PD_10,-0.0011045926589147,KYSE220,esophagus
PD_06_PD_08,5.33352753073757e-07,KYSE220,esophagus
PD_06_PD_10,-0.4884649596818415,KYSE220,esophagus
PD_06_PD_14,-0.0336385535498456,KYSE220,esophagus
PD_07_PD_08,-8.476030294746195e-06,KYSE220,esophagus
PD_07_PD_10,-3.392841563254479e-13,KYSE220,esophagus
PD_08_PD_10,-0.0028457035121777,KYSE220,esophagus
PD_08_PD_12,-0.0344416231279834,KYSE220,esophagus
PD_08_PD_14,-0.0680651570954334,KYSE220,esophagus
PD_08_PD_15,-1.236815187155571e-06,KYSE220,esophagus
PD_10_PD_12,-3.893219080453037e-12,KYSE220,esophagus
PD_10_PD_13,1.4432899320127037e-15,KYSE220,esophagus
PD_10_PD_15,-1.4432899320127037e-15,KYSE220,esophagus
PD_01_PD_08,-0.034883571258237,KYSE270,esophagus
PD_01_PD_10,-0.0010271149048655,KYSE270,esophagus
PD_06_PD_08,4.465731544556206e-07,KYSE270,esophagus
PD_06_PD_10,-0.5446812307002441,KYSE270,esophagus
PD_06_PD_14,-0.0226144398654309,KYSE270,esophagus
PD_07_PD_08,-6.852923405298306e-06,KYSE270,esophagus
PD_07_PD_10,-1.8030021919912545e-13,KYSE270,esophagus
PD_08_PD_10,-0.0025158064868069,KYSE270,esophagus
PD_08_PD_12,-0.0035169755628103,KYSE270,esophagus
PD_08_PD_14,-0.0261314154267596,KYSE270,esophagus
PD_08_PD_15,-1.0397728180677746e-06,KYSE270,esophagus
PD_10_PD_12,-2.185474023974621e-12,KYSE270,esophagus
PD_10_PD_13,6.661338147750939e-16,KYSE270,esophagus
PD_10_PD_15,-7.771561172376097e-16,KYSE270,esophagus
PD_01_PD_02,-0.0017773192942426,KYSE410,esophagus
PD_01_PD_03,-0.0090279720668816,KYSE410,esophagus
PD_01_PD_08,-0.0312812707291467,KYSE410,esophagus
PD_01_PD_10,-0.0044088674444612,KYSE410,esophagus
PD_03_PD_05,-2.9110575616719814e-06,KYSE410,esophagus
PD_03_PD_06,-0.0211335156219955,KYSE410,esophagus
PD_03_PD_07,-3.827861245753184e-07,KYSE410,esophagus
PD_03_PD_08,-0.0211335156219955,KYSE410,esophagus
PD_03_PD_09,-2.911057221943736e-06,KYSE410,esophagus
PD_03_PD_10,-2.829322455388805e-05,KYSE410,esophagus
PD_03_PD_11,-2.82997629441617e-05,KYSE410,esophagus
PD_03_PD_12,0.0,KYSE410,esophagus
PD_03_PD_15,-2.8315751299246017e-08,KYSE410,esophagus
PD_06_PD_08,0.001363817207334,KYSE410,esophagus
PD_06_PD_10,-0.5432966276848364,KYSE410,esophagus
PD_06_PD_14,-0.0084962321121241,KYSE410,esophagus
PD_07_PD_08,-0.0025185692454067,KYSE410,esophagus
PD_07_PD_10,-1.0764566304999337e-07,KYSE410,esophagus
PD_08_PD_10,-0.4649328704578763,KYSE410,esophagus
PD_08_PD_12,0.0,KYSE410,esophagus
PD_08_PD_14,-0.0084962321121241,KYSE410,esophagus
PD_08_PD_15,-0.0001945425045415,KYSE410,esophagus
PD_10_PD_12,-1.939905791559226e-09,KYSE410,esophagus
PD_10_PD_13,6.548540376627443e-09,KYSE410,esophagus
PD_10_PD_15,-4.095125127889787e-09,KYSE410,esophagus
PD_01_PD_08,-0.0497534821425068,KYSE450,esophagus
PD_01_PD_10,-0.0007958080942748,KYSE450,esophagus
PD_06_PD_08,2.336387041279586e-06,KYSE450,esophagus
PD_06_PD_10,-0.5020514182228908,KYSE450,esophagus
PD_06_PD_14,-0.0151730349898189,KYSE450,esophagus
PD_07_PD_08,-9.807447843734884e-06,KYSE450,esophagus
PD_07_PD_10,-1.6063483876394002e-11,KYSE450,esophagus
PD_08_PD_10,-0.0020541818630962,KYSE450,esophagus
PD_08_PD_12,-0.0009002740230555,KYSE450,esophagus
PD_08_PD_14,-0.0160733089498641,KYSE450,esophagus
PD_08_PD_15,-4.178289683465231e-06,KYSE450,esophagus
PD_10_PD_12,4.2332803928957224e-13,KYSE450,esophagus
PD_10_PD_13,2.6356694604601216e-13,KYSE450,esophagus
PD_10_PD_15,-3.064215547965432e-13,KYSE450,esophagus
PD_01_PD_02,-0.0010556505731947,KYSE50,esophagus
PD_01_PD_03,-0.0024639613129112,KYSE50,esophagus
PD_01_PD_08,-0.0058872079254436,KYSE50,esophagus
PD_01_PD_10,-0.0049916453452369,KYSE50,esophagus
PD_03_PD_05,-1.1810663558264878e-11,KYSE50,esophagus
PD_03_PD_06,-0.0361691736544893,KYSE50,esophagus
PD_03_PD_07,-1.1459722060180866e-12,KYSE50,esophagus
PD_03_PD_08,-1.6491793152217935e-06,KYSE50,esophagus
PD_03_PD_09,-1.1810663558264878e-11,KYSE50,esophagus
PD_03_PD_10,-2.8776457439150253e-08,KYSE50,esophagus
PD_03_PD_11,-2.8784578942619987e-08,KYSE50,esophagus
PD_03_PD_12,-5.355871302015202e-11,KYSE50,esophagus
PD_03_PD_15,-1.8318679906315083e-14,KYSE50,esophagus
PD_06_PD_08,2.7288171722261727e-12,KYSE50,esophagus
PD_06_PD_10,-0.5354112718065851,KYSE50,esophagus
PD_06_PD_14,-0.0213577156904765,KYSE50,esophagus
PD_07_PD_08,-7.889899844570891e-11,KYSE50,esophagus
PD_07_PD_10,-7.749978436777383e-11,KYSE50,esophagus
PD_08_PD_10,-0.0089243483365265,KYSE50,esophagus
PD_08_PD_12,-0.0107248771850796,KYSE50,esophagus
PD_08_PD_14,-0.0320825928755471,KYSE50,esophagus
PD_08_PD_15,-3.132938353189729e-12,KYSE50,esophagus
PD_10_PD_12,-2.361876694223497e-09,KYSE50,esophagus
PD_10_PD_13,8.121503469737945e-12,KYSE50,esophagus
PD_10_PD_15,-5.7898130734201906e-12,KYSE50,esophagus
PD_01_PD_08,-0.0178312422741009,KYSE520,esophagus
PD_01_PD_10,-0.0014728734301009,KYSE520,esophagus
PD_06_PD_08,2.371201524020705e-08,KYSE520,esophagus
PD_06_PD_10,-0.5281479536808062,KYSE520,esophagus
PD_06_PD_14,-0.0143089372006053,KYSE520,esophagus
PD_07_PD_08,-1.7691608400483003e-06,KYSE520,esophagus
PD_07_PD_10,-1.3046119740067752e-11,KYSE520,esophagus
PD_08_PD_10,-0.0018171614772193,KYSE520,esophagus
PD_08_PD_12,-0.0009472492824408,KYSE520,esophagus
PD_08_PD_14,-0.0152561864825104,KYSE520,esophagus
PD_08_PD_15,-8.28594227675339e-08,KYSE520,esophagus
PD_10_PD_12,1.9539925233402758e-13,KYSE520,esophagus
PD_10_PD_13,1.9539925233402758e-13,KYSE520,esophagus
PD_10_PD_15,-2.3858692799194614e-13,KYSE520,esophagus
PD_01_PD_08,-0.0380958549467181,KYSE70,esophagus
PD_01_PD_10,-0.0010007738511668,KYSE70,esophagus
PD_06_PD_08,4.297525209029374e-07,KYSE70,esophagus
PD_06_PD_10,-0.5250423451748432,KYSE70,esophagus
PD_06_PD_14,-0.0334168553629055,KYSE70,esophagus
PD_07_PD_08,-4.664110115570885e-06,KYSE70,esophagus
PD_07_PD_10,-1.5895063043558366e-12,KYSE70,esophagus
PD_08_PD_10,-0.002985741238764,KYSE70,esophagus
PD_08_PD_12,-0.0234338577332146,KYSE70,esophagus
PD_08_PD_14,-0.0568507130868296,KYSE70,esophagus
PD_08_PD_15,-1.0361138592651642e-06,KYSE70,esophagus
PD_10_PD_12,-6.944000929820504e-12,KYSE70,esophagus
PD_10_PD_13,3.3306690738754696e-15,KYSE70,esophagus
PD_10_PD_15,-3.4416913763379853e-15,KYSE70,esophagus
PD_01_PD_02,-0.0017773192942426,OACM51,esophagus
PD_01_PD_03,-0.0090279720668816,OACM51,esophagus
PD_01_PD_08,-0.0312812707291467,OACM51,esophagus
PD_01_PD_10,-0.0044088674444612,OACM51,esophagus
PD_03_PD_05,-2.9110575616719814e-06,OACM51,esophagus
PD_03_PD_06,-0.0211335156219955,OACM51,esophagus
PD_03_PD_07,-3.827861245753184e-07,OACM51,esophagus
PD_03_PD_08,-0.0211335156219955,OACM51,esophagus
PD_03_PD_09,-2.911057221943736e-06,OACM51,esophagus
PD_03_PD_10,-2.829322455388805e-05,OACM51,esophagus
PD_03_PD_11,-2.82997629441617e-05,OACM51,esophagus
PD_03_PD_12,0.0,OACM51,esophagus
PD_03_PD_15,-2.8315751299246017e-08,OACM51,esophagus
PD_06_PD_08,0.001363817207334,OACM51,esophagus
PD_06_PD_10,-0.5432966276848364,OACM51,esophagus
PD_06_PD_14,-0.0084962321121241,OACM51,esophagus
PD_07_PD_08,-0.0025185692454067,OACM51,esophagus
PD_07_PD_10,-1.0764566304999337e-07,OACM51,esophagus
PD_08_PD_10,-0.4649328704578763,OACM51,esophagus
PD_08_PD_12,0.0,OACM51,esophagus
PD_08_PD_14,-0.0084962321121241,OACM51,esophagus
PD_08_PD_15,-0.0001945425045415,OACM51,esophagus
PD_10_PD_12,-1.939905791559226e-09,OACM51,esophagus
PD_10_PD_13,6.548540376627443e-09,OACM51,esophagus
PD_10_PD_15,-4.095125127889787e-09,OACM51,esophagus
PD_01_PD_02,-0.0595710857223301,OACP4C,esophagus
PD_01_PD_03,-0.1043667573722798,OACP4C,esophagus
PD_01_PD_08,-0.1069995186442888,OACP4C,esophagus
PD_01_PD_10,-0.1446952339466277,OACP4C,esophagus
PD_03_PD_05,-0.0031761456732938,OACP4C,esophagus
PD_03_PD_06,-0.1639570501590865,OACP4C,esophagus
PD_03_PD_07,-0.0030199743326044,OACP4C,esophagus
PD_03_PD_08,-0.0453794898312724,OACP4C,esophagus
PD_03_PD_09,-0.0031474480931326,OACP4C,esophagus
PD_03_PD_10,-0.0205687659767784,OACP4C,esophagus
PD_03_PD_11,-0.0266448462227995,OACP4C,esophagus
PD_03_PD_12,-0.0074890638005667,OACP4C,esophagus
PD_03_PD_15,-0.0002302623100773,OACP4C,esophagus
PD_06_PD_08,0.0010152706471737,OACP4C,esophagus
PD_06_PD_10,-0.4444110715991819,OACP4C,esophagus
PD_06_PD_14,-0.0691875378914121,OACP4C,esophagus
PD_07_PD_08,-0.0029622612773061,OACP4C,esophagus
PD_07_PD_10,-0.0100770454852116,OACP4C,esophagus
PD_08_PD_10,-0.2751277307405437,OACP4C,esophagus
PD_08_PD_12,-0.0520932982024366,OACP4C,esophagus
PD_08_PD_14,-0.1211398808840686,OACP4C,esophagus
PD_08_PD_15,-0.0002455221449442,OACP4C,esophagus
PD_10_PD_12,-0.0040253703887581,OACP4C,esophagus
PD_10_PD_13,0.0062142745306962,OACP4C,esophagus
PD_10_PD_15,-0.0007695366700771,OACP4C,esophagus
PD_01_PD_02,-0.0595710857223301,OE19,esophagus
PD_01_PD_03,-0.1043667573722798,OE19,esophagus
PD_01_PD_08,-0.1069995186442888,OE19,esophagus
PD_01_PD_10,-0.1446952339466277,OE19,esophagus
PD_03_PD_05,-0.0031761456732938,OE19,esophagus
PD_03_PD_06,-0.1639570501590865,OE19,esophagus
PD_03_PD_07,-0.0030199743326044,OE19,esophagus
PD_03_PD_08,-0.0453794898312724,OE19,esophagus
PD_03_PD_09,-0.0031474480931326,OE19,esophagus
PD_03_PD_10,-0.0205687659767784,OE19,esophagus
PD_03_PD_11,-0.0266448462227995,OE19,esophagus
PD_03_PD_12,-0.0074890638005667,OE19,esophagus
PD_03_PD_15,-0.0002302623100773,OE19,esophagus
PD_06_PD_08,0.0010152706471737,OE19,esophagus
PD_06_PD_10,-0.4444110715991819,OE19,esophagus
PD_06_PD_14,-0.0691875378914121,OE19,esophagus
PD_07_PD_08,-0.0029622612773061,OE19,esophagus
PD_07_PD_10,-0.0100770454852116,OE19,esophagus
PD_08_PD_10,-0.2751277307405437,OE19,esophagus
PD_08_PD_12,-0.0520932982024366,OE19,esophagus
PD_08_PD_14,-0.1211398808840686,OE19,esophagus
PD_08_PD_15,-0.0002455221449442,OE19,esophagus
PD_10_PD_12,-0.0040253703887581,OE19,esophagus
PD_10_PD_13,0.0062142745306962,OE19,esophagus
PD_10_PD_15,-0.0007695366700771,OE19,esophagus
PD_01_PD_08,-0.0493378753802229,OE21,esophagus
PD_01_PD_10,-0.0007984797940454,OE21,esophagus
PD_06_PD_08,2.33238159774718e-06,OE21,esophagus
PD_06_PD_10,-0.5151938279253712,OE21,esophagus
PD_06_PD_14,-0.0181882467345881,OE21,esophagus
PD_07_PD_08,-9.780201691511614e-06,OE21,esophagus
PD_07_PD_10,-1.6063483876394002e-11,OE21,esophagus
PD_08_PD_10,-0.0020961778437362,OE21,esophagus
PD_08_PD_12,-0.0014141515892006,OE21,esophagus
PD_08_PD_14,-0.0196023982247108,OE21,esophagus
PD_08_PD_15,-4.171217827253493e-06,OE21,esophagus
PD_10_PD_12,4.2332803928957224e-13,OE21,esophagus
PD_10_PD_13,2.6356694604601216e-13,OE21,esophagus
PD_10_PD_15,-3.064215547965432e-13,OE21,esophagus
PD_01_PD_02,-0.0048731292229613,OE33,esophagus
PD_01_PD_03,-0.0168508736373428,OE33,esophagus
PD_01_PD_08,-0.0569113023211211,OE33,esophagus
PD_01_PD_10,-0.0102309411586574,OE33,esophagus
PD_03_PD_05,-2.5820411808652466e-08,OE33,esophagus
PD_03_PD_06,-0.1426970698445745,OE33,esophagus
PD_03_PD_07,-5.830983473842365e-10,OE33,esophagus
PD_03_PD_08,-0.1426970698445745,OE33,esophagus
PD_03_PD_09,-2.5820410587407142e-08,OE33,esophagus
PD_03_PD_10,-2.255343788504227e-06,OE33,esophagus
PD_03_PD_11,-2.255761951786006e-06,OE33,esophagus
PD_03_PD_12,0.0,OE33,esophagus
PD_03_PD_15,-4.2300718483545545e-11,OE33,esophagus
PD_06_PD_08,0.0404808463574508,OE33,esophagus
PD_06_PD_10,-0.5214298902905936,OE33,esophagus
PD_06_PD_14,-0.0790367229674283,OE33,esophagus
PD_07_PD_08,-0.1023687049947756,OE33,esophagus
PD_07_PD_10,-5.902606181606984e-09,OE33,esophagus
PD_08_PD_10,-0.4506523955981513,OE33,esophagus
PD_08_PD_12,0.0,OE33,esophagus
PD_08_PD_14,-0.0790367229674283,OE33,esophagus
PD_08_PD_15,-0.0031889659641658,OE33,esophagus
PD_10_PD_12,-3.5665578934640514e-08,OE33,esophagus
PD_10_PD_13,4.174591783367987e-10,OE33,esophagus
PD_10_PD_15,-2.0619383978015546e-10,OE33,esophagus
PD_01_PD_02,-0.0046692073337697,SKGT4,esophagus
PD_01_PD_03,-0.0100423731124914,SKGT4,esophagus
PD_01_PD_08,-0.0527898422001669,SKGT4,esophagus
PD_01_PD_10,-0.0074000781394721,SKGT4,esophagus
PD_03_PD_05,-1.0581250320385036e-09,SKGT4,esophagus
PD_03_PD_06,-0.0312828394892034,SKGT4,esophagus
PD_03_PD_07,-8.416989327741929e-11,SKGT4,esophagus
PD_03_PD_08,-0.0314568929162953,SKGT4,esophagus
PD_03_PD_09,-5.843504502500708e-08,SKGT4,esophagus
PD_03_PD_10,-5.347230097596523e-07,SKGT4,esophagus
PD_03_PD_11,-5.347695934965202e-07,SKGT4,esophagus
PD_03_PD_12,0.0,SKGT4,esophagus
PD_03_PD_15,-4.732880753977042e-13,SKGT4,esophagus
PD_06_PD_08,0.0043542424348906,SKGT4,esophagus
PD_06_PD_10,-0.5339329575289975,SKGT4,esophagus
PD_06_PD_14,-0.0189381649356242,SKGT4,esophagus
PD_07_PD_08,-0.007530417655879,SKGT4,esophagus
PD_07_PD_10,-1.1315953729607031e-09,SKGT4,esophagus
PD_08_PD_10,-0.376251653503445,SKGT4,esophagus
PD_08_PD_12,-0.000174053427092,SKGT4,esophagus
PD_08_PD_14,-0.0191122183627163,SKGT4,esophagus
PD_08_PD_15,-0.0005311300305461,SKGT4,esophagus
PD_10_PD_12,-3.3306690738754696e-16,SKGT4,esophagus
PD_10_PD_13,4.658373686794448e-11,SKGT4,esophagus
PD_10_PD_15,-4.3286374484807766e-11,SKGT4,esophagus
PD_01_PD_08,-0.0191632521359086,TE1,esophagus
PD_01_PD_10,-0.0011303365935129,TE1,esophagus
PD_06_PD_08,9.99201990037335e-08,TE1,esophagus
PD_06_PD_10,-0.5353932359405098,TE1,esophagus
PD_06_PD_14,-0.0275352855350429,TE1,esophagus
PD_07_PD_08,-2.4114925253337915e-06,TE1,esophagus
PD_07_PD_10,-1.0357270596728084e-11,TE1,esophagus
PD_08_PD_10,-0.0020128748325592,TE1,esophagus
PD_08_PD_12,-0.0047700516233054,TE1,esophagus
PD_08_PD_14,-0.0323053371334793,TE1,esophagus
PD_08_PD_15,-2.8531348161831005e-07,TE1,esophagus
PD_10_PD_12,1.5076828674409628e-13,TE1,esophagus
PD_10_PD_13,1.4632739464559566e-13,TE1,esophagus
PD_10_PD_15,-1.819655537360632e-13,TE1,esophagus
PD_01_PD_08,-0.0184062368999827,TE15,esophagus
PD_01_PD_10,-0.0010289410837523,TE15,esophagus
PD_06_PD_08,2.8272377883276082e-08,TE15,esophagus
PD_06_PD_10,-0.5172269990775398,TE15,esophagus
PD_06_PD_14,-0.0158872320798261,TE15,esophagus
PD_07_PD_08,-2.2383143853943466e-06,TE15,esophagus
PD_07_PD_10,-9.132028466751764e-12,TE15,esophagus
PD_08_PD_10,-0.0019842256256817,TE15,esophagus
PD_08_PD_12,-0.0011965707130989,TE15,esophagus
PD_08_PD_14,-0.0170838027921064,TE15,esophagus
PD_08_PD_15,-9.982626947291352e-08,TE15,esophagus
PD_10_PD_12,1.1868284133242926e-13,TE15,esophagus
PD_10_PD_13,1.1868284133242926e-13,TE15,esophagus
PD_10_PD_15,-1.4888090760223352e-13,TE15,esophagus
PD_01_PD_08,-0.0753388945403514,TE4,esophagus
PD_01_PD_10,-0.0007365641748503,TE4,esophagus
PD_06_PD_08,3.827939036737949e-05,TE4,esophagus
PD_06_PD_10,-0.5055221225082631,TE4,esophagus
PD_06_PD_14,-0.0703277991170089,TE4,esophagus
PD_07_PD_08,-0.0002680503449581,TE4,esophagus
PD_07_PD_10,-1.974975738505691e-12,TE4,esophagus
PD_08_PD_10,-0.0197775497921184,TE4,esophagus
PD_08_PD_12,-0.0235184184148402,TE4,esophagus
PD_08_PD_14,-0.093846217526299,TE4,esophagus
PD_08_PD_15,-5.379445054420895e-05,TE4,esophagus
PD_10_PD_12,-2.329358927966041e-11,TE4,esophagus
PD_10_PD_13,2.042810365310288e-14,TE4,esophagus
PD_10_PD_15,-1.1879386363489175e-14,TE4,esophagus
PD_01_PD_02,-0.0730802851194445,TE5,esophagus
PD_01_PD_03,-0.1050734495664122,TE5,esophagus
PD_01_PD_08,-0.1564679351799521,TE5,esophagus
PD_01_PD_10,-0.1203299839681889,TE5,esophagus
PD_03_PD_05,-0.0061752971239784,TE5,esophagus
PD_03_PD_06,-0.1173610482222828,TE5,esophagus
PD_03_PD_07,-0.0022591628118397,TE5,esophagus
PD_03_PD_08,-0.0836740949907391,TE5,esophagus
PD_03_PD_09,-0.0072437954698312,TE5,esophagus
PD_03_PD_10,-0.0121370195580473,TE5,esophagus
PD_03_PD_11,-0.0131903838359784,TE5,esophagus
PD_03_PD_12,-0.0009337982660855,TE5,esophagus
PD_03_PD_15,-0.0003127590379554,TE5,esophagus
PD_06_PD_08,0.00827482825008,TE5,esophagus
PD_06_PD_10,-0.4037357817319463,TE5,esophagus
PD_06_PD_14,-0.0695266564978535,TE5,esophagus
PD_07_PD_08,-0.0076366546072232,TE5,esophagus
PD_07_PD_10,-0.0017935598021854,TE5,esophagus
PD_08_PD_10,-0.3382753330177018,TE5,esophagus
PD_08_PD_12,-0.0874169910255293,TE5,esophagus
PD_08_PD_14,-0.1567605112153233,TE5,esophagus
PD_08_PD_15,-0.0017522188328293,TE5,esophagus
PD_10_PD_12,-0.0012985938820423,TE5,esophagus
PD_10_PD_13,0.0012365429887641,TE5,esophagus
PD_10_PD_15,-0.0002416390641248,TE5,esophagus
PD_01_PD_02,-0.06736301132844,TE6,esophagus
PD_01_PD_03,-0.1229092211132776,TE6,esophagus
PD_01_PD_08,-0.1396346508148847,TE6,esophagus
PD_01_PD_10,-0.1367921797382049,TE6,esophagus
PD_03_PD_05,-0.0083725099032411,TE6,esophagus
PD_03_PD_06,-0.130390238499525,TE6,esophagus
PD_03_PD_07,-0.0032548119345334,TE6,esophagus
PD_03_PD_08,-0.0892573435209297,TE6,esophagus
PD_03_PD_09,-0.0083071270215796,TE6,esophagus
PD_03_PD_10,-0.0225896555966913,TE6,esophagus
PD_03_PD_11,-0.0245185713307654,TE6,esophagus
PD_03_PD_12,-0.0014855708425702,TE6,esophagus
PD_03_PD_15,-0.0004558208144281,TE6,esophagus
PD_06_PD_08,0.0072559576631672,TE6,esophagus
PD_06_PD_10,-0.4512571360327071,TE6,esophagus
PD_06_PD_14,-0.0491973729873161,TE6,esophagus
PD_07_PD_08,-0.0064526795656379,TE6,esophagus
PD_07_PD_10,-0.0030843168698211,TE6,esophagus
PD_08_PD_10,-0.3884023016918065,TE6,esophagus
PD_08_PD_12,-0.0445084600785367,TE6,esophagus
PD_08_PD_14,-0.0935599041944338,TE6,esophagus
PD_08_PD_15,-0.0008964605815886,TE6,esophagus
PD_10_PD_12,-0.0015766204648555,TE6,esophagus
PD_10_PD_13,0.0021723608921028,TE6,esophagus
PD_10_PD_15,-0.0003465694240415,TE6,esophagus
PD_01_PD_08,-0.0132146294521808,TE8,esophagus
PD_01_PD_10,-0.0009124654881927,TE8,esophagus
PD_06_PD_08,1.7452462586220463e-08,TE8,esophagus
PD_06_PD_10,-0.5975784300752206,TE8,esophagus
PD_06_PD_14,-0.0154665558611241,TE8,esophagus
PD_07_PD_08,-1.560978425518833e-06,TE8,esophagus
PD_07_PD_10,-6.347367076386945e-12,TE8,esophagus
PD_08_PD_10,-0.0018374832859623,TE8,esophagus
PD_08_PD_12,-0.0014848069331384,TE8,esophagus
PD_08_PD_14,-0.0169513627937119,TE8,esophagus
PD_08_PD_15,-6.549309949921422e-08,TE8,esophagus
PD_10_PD_12,8.060219158778636e-14,TE8,esophagus
PD_10_PD_13,8.060219158778636e-14,TE8,esophagus
PD_10_PD_15,-1.0380585280245215e-13,TE8,esophagus
PD_01_PD_02,-0.0023478941801117,TE9,esophagus
PD_01_PD_03,-0.0053186879670985,TE9,esophagus
PD_01_PD_08,-0.0252573802498052,TE9,esophagus
PD_01_PD_10,-0.0057073521825486,TE9,esophagus
PD_03_PD_05,-1.976250741830832e-06,TE9,esophagus
PD_03_PD_06,-0.101045764257667,TE9,esophagus
PD_03_PD_07,-1.279681633992169e-07,TE9,esophagus
PD_03_PD_08,-0.0219771263371725,TE9,esophagus
PD_03_PD_09,-1.7953093200961945e-06,TE9,esophagus
PD_03_PD_10,-3.830306594010402e-06,TE9,esophagus
PD_03_PD_11,-3.83325451958072e-06,TE9,esophagus
PD_03_PD_12,-3.1683033974161385e-10,TE9,esophagus
PD_03_PD_15,-1.4814137028196228e-08,TE9,esophagus
PD_06_PD_08,0.0162914868175242,TE9,esophagus
PD_06_PD_10,-0.4430582718487318,TE9,esophagus
PD_06_PD_14,-0.059310049560422,TE9,esophagus
PD_07_PD_08,-0.0117531004037383,TE9,esophagus
PD_07_PD_10,-2.3583183628161922e-08,TE9,esophagus
PD_08_PD_10,-0.2044575458312917,TE9,esophagus
PD_08_PD_12,-0.0718838230688077,TE9,esophagus
PD_08_PD_14,-0.1308485551561241,TE9,esophagus
PD_08_PD_15,-0.0008099762864735,TE9,esophagus
PD_10_PD_12,-1.95864280350122e-09,TE9,esophagus
PD_10_PD_13,3.040701246348476e-09,TE9,esophagus
PD_10_PD_15,-2.065526527594841e-09,TE9,esophagus
PD_01_PD_02,-0.001122747463277,TT,esophagus
PD_01_PD_03,-0.0025932269377001,TT,esophagus
PD_01_PD_08,-0.0060904302343181,TT,esophagus
PD_01_PD_10,-0.0050552530434274,TT,esophagus
PD_03_PD_05,-1.1810441513659951e-11,TT,esophagus
PD_03_PD_06,-0.0215115599546608,TT,esophagus
PD_03_PD_07,-1.1459722060180866e-12,TT,esophagus
PD_03_PD_08,-1.6488194504171716e-06,TT,esophagus
PD_03_PD_09,-1.1810441513659951e-11,TT,esophagus
PD_03_PD_10,-2.8791233730451893e-08,TT,esophagus
PD_03_PD_11,-2.879935545596624e-08,TT,esophagus
PD_03_PD_12,-5.355749177482494e-11,TT,esophagus
PD_03_PD_15,-1.8318679906315083e-14,TT,esophagus
PD_06_PD_08,2.7317037520901977e-12,TT,esophagus
PD_06_PD_10,-0.5309196982191549,TT,esophagus
PD_06_PD_14,-0.0142537947861773,TT,esophagus
PD_07_PD_08,-7.889866537880151e-11,TT,esophagus
PD_07_PD_10,-7.749978436777383e-11,TT,esophagus
PD_08_PD_10,-0.0089603331701091,TT,esophagus
PD_08_PD_12,-0.00966460704491,TT,esophagus
PD_08_PD_14,-0.0239184018310792,TT,esophagus
PD_08_PD_15,-3.132938353189729e-12,TT,esophagus
PD_10_PD_12,-2.3623772937853e-09,TT,esophagus
PD_10_PD_13,8.12172551434287e-12,TT,esophagus
PD_10_PD_15,-5.790146140327579e-12,TT,esophagus
PD_01_PD_08,-0.0506062036983863,A253,head
PD_01_PD_10,-0.0004269879723706,A253,head
PD_06_PD_08,2.382223479868717e-05,A253,head
PD_06_PD_10,-0.498979945349018,A253,head
PD_06_PD_14,-0.0551963827265419,A253,head
PD_07_PD_08,-0.0002458040803724,A253,head
PD_07_PD_10,-4.1056047450638294e-13,A253,head
PD_08_PD_10,-0.0193948065879286,A253,head
PD_08_PD_12,-0.0110222163381686,A253,head
PD_08_PD_14,-0.0662185990628326,A253,head
PD_08_PD_15,-3.716140128384726e-05,A253,head
PD_10_PD_12,-7.27351512352925e-12,A253,head
PD_10_PD_13,2.997602166487923e-15,A253,head
PD_10_PD_15,-1.9984014443252818e-15,A253,head
PD_01_PD_02,-0.0043215245258224,BB49HNC,head
PD_01_PD_03,-0.0084339005705756,BB49HNC,head
PD_01_PD_08,-0.1494289907152626,BB49HNC,head
PD_01_PD_10,-0.0108024724470807,BB49HNC,head
PD_03_PD_05,-3.1419233770257904e-08,BB49HNC,head
PD_03_PD_06,-0.1321795155520975,BB49HNC,head
PD_03_PD_07,-3.828494632429624e-09,BB49HNC,head
PD_03_PD_08,-0.1496234024490491,BB49HNC,head
PD_03_PD_09,-4.443270829046497e-08,BB49HNC,head
PD_03_PD_10,-7.056889623768825e-07,BB49HNC,head
PD_03_PD_11,-7.059982242152429e-07,BB49HNC,head
PD_03_PD_12,0.0,BB49HNC,head
PD_03_PD_15,-4.973166323196665e-11,BB49HNC,head
PD_06_PD_08,0.050542719208573,BB49HNC,head
PD_06_PD_10,-0.4979253252884288,BB49HNC,head
PD_06_PD_14,-0.0973598950721074,BB49HNC,head
PD_07_PD_08,-0.0494141017905461,BB49HNC,head
PD_07_PD_10,-5.0937835061048994e-09,BB49HNC,head
PD_08_PD_10,-0.3359842312976056,BB49HNC,head
PD_08_PD_12,-0.0174438868980185,BB49HNC,head
PD_08_PD_14,-0.1148037819700896,BB49HNC,head
PD_08_PD_15,-0.0040317510362787,BB49HNC,head
PD_10_PD_12,-3.5967573808193265e-08,BB49HNC,head
PD_10_PD_13,3.0926661231944763e-10,BB49HNC,head
PD_10_PD_15,-1.6241685774076586e-10,BB49HNC,head
PD_01_PD_08,-0.0423825801477926,BICR10,head
PD_01_PD_10,-0.0020210158890276,BICR10,head
PD_06_PD_08,1.0272626104201876e-06,BICR10,head
PD_06_PD_10,-0.5492304868922279,BICR10,head
PD_06_PD_14,-0.0262521459274699,BICR10,head
PD_07_PD_08,-7.985087768780375e-06,BICR10,head
PD_07_PD_10,-1.1080025785759064e-13,BICR10,head
PD_08_PD_10,-0.0032254870402724,BICR10,head
PD_08_PD_12,-0.0039720793165343,BICR10,head
PD_08_PD_14,-0.0302242252397666,BICR10,head
PD_08_PD_15,-2.280620007844014e-06,BICR10,head
PD_10_PD_12,-7.020828363124565e-12,BICR10,head
PD_10_PD_13,2.886579864025407e-15,BICR10,head
PD_10_PD_15,-2.997602166487923e-15,BICR10,head
PD_01_PD_02,-0.0046603812581789,BICR22,head
PD_01_PD_03,-0.0099941645818626,BICR22,head
PD_01_PD_08,-0.0525851815860825,BICR22,head
PD_01_PD_10,-0.0073148228806402,BICR22,head
PD_03_PD_05,-1.05402619965389e-09,BICR22,head
PD_03_PD_06,-0.0313204913813912,BICR22,head
PD_03_PD_07,-8.415890206947552e-11,BICR22,head
PD_03_PD_08,-0.0314508312053287,BICR22,head
PD_03_PD_09,-5.8431356086963155e-08,BICR22,head
PD_03_PD_10,-5.342111798478655e-07,BICR22,head
PD_03_PD_11,-5.34257762696555e-07,BICR22,head
PD_03_PD_12,-1.6986412276764895e-14,BICR22,head
PD_03_PD_15,-4.725109192804666e-13,BICR22,head
PD_06_PD_08,0.0043542424325579,BICR22,head
PD_06_PD_10,-0.525619118436708,BICR22,head
PD_06_PD_14,-0.018939573715365,BICR22,head
PD_07_PD_08,-0.0075304176236277,BICR22,head
PD_07_PD_10,-1.131557958444773e-09,BICR22,head
PD_08_PD_10,-0.3220680470330338,BICR22,head
PD_08_PD_12,-0.000174053642719,BICR22,head
PD_08_PD_14,-0.019113627358084,BICR22,head
PD_08_PD_15,-0.0005311300285528,BICR22,head
PD_10_PD_12,-6.661338147750939e-16,BICR22,head
PD_10_PD_13,4.658284868952478e-11,BICR22,head
PD_10_PD_15,-4.3285042217178216e-11,BICR22,head
PD_01_PD_02,-0.0042197626085886,BICR78,head
PD_01_PD_03,-0.0086878862227768,BICR78,head
PD_01_PD_08,-0.0374601940025105,BICR78,head
PD_01_PD_10,-0.0098364108917604,BICR78,head
PD_03_PD_05,-6.768175242477524e-09,BICR78,head
PD_03_PD_06,-0.022957521377409,BICR78,head
PD_03_PD_07,-1.9366147574473302e-09,BICR78,head
PD_03_PD_08,-0.0230799829848694,BICR78,head
PD_03_PD_09,-3.55580345390294e-07,BICR78,head
PD_03_PD_10,-2.250390258584645e-07,BICR78,head
PD_03_PD_11,-2.250850903440238e-07,BICR78,head
PD_03_PD_12,-2.3003821070233244e-13,BICR78,head
PD_03_PD_15,-8.475775636895833e-12,BICR78,head
PD_06_PD_08,0.003296686295042,BICR78,head
PD_06_PD_10,-0.5080823613010655,BICR78,head
PD_06_PD_14,-0.0136966256856706,BICR78,head
PD_07_PD_08,-0.0066378265274648,BICR78,head
PD_07_PD_10,-1.5203118763906787e-09,BICR78,head
PD_08_PD_10,-0.2989615155606342,BICR78,head
PD_08_PD_12,-0.0001237476126986,BICR78,head
PD_08_PD_14,-0.0138203732983692,BICR78,head
PD_08_PD_15,-0.0004057215935638,BICR78,head
PD_10_PD_12,-1.010296346581896e-07,BICR78,head
PD_10_PD_13,4.606870440682087e-11,BICR78,head
PD_10_PD_15,-3.3994140835602587e-11,BICR78,head
PD_01_PD_08,-0.0346741290618097,CA922,head
PD_01_PD_10,-0.0027763210011702,CA922,head
PD_06_PD_08,2.616631380791823e-06,CA922,head
PD_06_PD_10,-0.5504043714221699,CA922,head
PD_06_PD_14,-0.0192739647642538,CA922,head
PD_07_PD_08,-1.1634657789305614e-05,CA922,head
PD_07_PD_10,-7.856826300667308e-11,CA922,head
PD_08_PD_10,-0.0029023078907989,CA922,head
PD_08_PD_12,-0.0017257532397834,CA922,head
PD_08_PD_14,-0.0209997177294885,CA922,head
PD_08_PD_15,-4.700749097419354e-06,CA922,head
PD_10_PD_12,2.9348745655966013e-12,CA922,head
PD_10_PD_13,2.116862241052786e-12,CA922,head
PD_10_PD_15,-2.222333428392176e-12,CA922,head
PD_01_PD_08,-0.0266062096702521,CAL27,head
PD_01_PD_10,-0.0056126379196635,CAL27,head
PD_06_PD_08,7.049816186377457e-08,CAL27,head
PD_06_PD_10,-0.5598937559444164,CAL27,head
PD_06_PD_14,-0.0308858942726558,CAL27,head
PD_07_PD_08,-4.2865664962032923e-07,CAL27,head
PD_07_PD_10,-1.5167189726383867e-10,CAL27,head
PD_08_PD_10,-0.0048490215132641,CAL27,head
PD_08_PD_12,-0.0039238645714848,CAL27,head
PD_08_PD_14,-0.0348097588351019,CAL27,head
PD_08_PD_15,-2.1604787969753406e-07,CAL27,head
PD_10_PD_12,1.2518874825673264e-11,CAL27,head
PD_10_PD_13,1.2520651182512664e-11,CAL27,head
PD_10_PD_15,-1.2033374297004684e-11,CAL27,head
PD_01_PD_08,-0.0463054946221491,CAL33,head
PD_01_PD_10,-0.0024033635327055,CAL33,head
PD_06_PD_08,8.932694443020139e-07,CAL33,head
PD_06_PD_10,-0.4877109084148207,CAL33,head
PD_06_PD_14,-0.035816010934181,CAL33,head
PD_07_PD_08,-2.6758861526476885e-05,CAL33,head
PD_07_PD_10,-1.9522605754218603e-11,CAL33,head
PD_08_PD_10,-0.0035743170814108,CAL33,head
PD_08_PD_12,-0.0693052469039354,CAL33,head
PD_08_PD_14,-0.1050930976269538,CAL33,head
PD_08_PD_15,-1.9824913976007608e-06,CAL33,head
PD_10_PD_12,-1.8447465777171598e-11,CAL33,head
PD_10_PD_13,1.27675647831893e-14,CAL33,head
PD_10_PD_15,-1.2656542480726783e-14,CAL33,head
PD_01_PD_02,-0.0010556505731947,DETROIT562,head
PD_01_PD_03,-0.0024639613129112,DETROIT562,head
PD_01_PD_08,-0.0058872079254436,DETROIT562,head
PD_01_PD_10,-0.0049916453452369,DETROIT562,head
PD_03_PD_05,-1.1810663558264878e-11,DETROIT562,head
PD_03_PD_06,-0.0361691736544893,DETROIT562,head
PD_03_PD_07,-1.1459722060180866e-12,DETROIT562,head
PD_03_PD_08,-1.6491793152217935e-06,DETROIT562,head
PD_03_PD_09,-1.1810663558264878e-11,DETROIT562,head
PD_03_PD_10,-2.8776457439150253e-08,DETROIT562,head
PD_03_PD_11,-2.8784578942619987e-08,DETROIT562,head
PD_03_PD_12,-5.355871302015202e-11,DETROIT562,head
PD_03_PD_15,-1.8318679906315083e-14,DETROIT562,head
PD_06_PD_08,2.7288171722261727e-12,DETROIT562,head
PD_06_PD_10,-0.5354112718065851,DETROIT562,head
PD_06_PD_14,-0.0213577156904765,DETROIT562,head
PD_07_PD_08,-7.889899844570891e-11,DETROIT562,head
PD_07_PD_10,-7.749978436777383e-11,DETROIT562,head
PD_08_PD_10,-0.0089243483365265,DETROIT562,head
PD_08_PD_12,-0.0107248771850796,DETROIT562,head
PD_08_PD_14,-0.0320825928755471,DETROIT562,head
PD_08_PD_15,-3.132938353189729e-12,DETROIT562,head
PD_10_PD_12,-2.361876694223497e-09,DETROIT562,head
PD_10_PD_13,8.121503469737945e-12,DETROIT562,head
PD_10_PD_15,-5.7898130734201906e-12,DETROIT562,head
PD_01_PD_08,-0.0196904142661871,DOK,head
PD_01_PD_10,-0.0009366193880926,DOK,head
PD_06_PD_08,3.500314760263024e-08,DOK,head
PD_06_PD_10,-0.5598286741087761,DOK,head
PD_06_PD_14,-0.02015262382625,DOK,head
PD_07_PD_08,-1.6672412802565262e-06,DOK,head
PD_07_PD_10,-1.0953127294044408e-11,DOK,head
PD_08_PD_10,-0.0019286389621631,DOK,head
PD_08_PD_12,-0.0024656425274446,DOK,head
PD_08_PD_14,-0.0226182663513017,DOK,head
PD_08_PD_15,-1.1876691341505818e-07,DOK,head
PD_10_PD_12,1.5765166949677225e-13,DOK,head
PD_10_PD_13,1.574296248918472e-13,DOK,head
PD_10_PD_15,-1.955102746364901e-13,DOK,head
PD_01_PD_08,-0.0189918063612033,FADU,head
PD_01_PD_10,-0.001312584317139,FADU,head
PD_06_PD_08,5.527303104102543e-08,FADU,head
PD_06_PD_10,-0.5147715731862468,FADU,head
PD_06_PD_14,-0.012578110951028,FADU,head
PD_07_PD_08,-2.3207216693910127e-06,FADU,head
PD_07_PD_10,-6.007860875456572e-12,FADU,head
PD_08_PD_10,-0.0019714213219033,FADU,head
PD_08_PD_12,-0.0006736275462022,FADU,head
PD_08_PD_14,-0.0132517384960879,FADU,head
PD_08_PD_15,-1.7515009231861e-07,FADU,head
PD_10_PD_12,7.549516567451064e-14,FADU,head
PD_10_PD_13,7.527312106958561e-14,FADU,head
PD_10_PD_15,-9.736655925962625e-14,FADU,head
PD_01_PD_08,-0.0184062368999827,HO1N1,head
PD_01_PD_10,-0.0010289410837523,HO1N1,head
PD_06_PD_08,2.8272377883276082e-08,HO1N1,head
PD_06_PD_10,-0.5172269990775398,HO1N1,head
PD_06_PD_14,-0.0158872320798261,HO1N1,head
PD_07_PD_08,-2.2383143853943466e-06,HO1N1,head
PD_07_PD_10,-9.132028466751764e-12,HO1N1,head
PD_08_PD_10,-0.0019842256256817,HO1N1,head
PD_08_PD_12,-0.0011965707130989,HO1N1,head
PD_08_PD_14,-0.0170838027921064,HO1N1,head
PD_08_PD_15,-9.982626947291352e-08,HO1N1,head
PD_10_PD_12,1.1868284133242926e-13,HO1N1,head
PD_10_PD_13,1.1868284133242926e-13,HO1N1,head
PD_10_PD_15,-1.4888090760223352e-13,HO1N1,head
PD_01_PD_02,-0.0595710857223301,HO1U1,head
PD_01_PD_03,-0.1043667573722798,HO1U1,head
PD_01_PD_08,-0.1069995186442888,HO1U1,head
PD_01_PD_10,-0.1446952339466277,HO1U1,head
PD_03_PD_05,-0.0031761456732938,HO1U1,head
PD_03_PD_06,-0.1639570501590865,HO1U1,head
PD_03_PD_07,-0.0030199743326044,HO1U1,head
PD_03_PD_08,-0.0453794898312724,HO1U1,head
PD_03_PD_09,-0.0031474480931326,HO1U1,head
PD_03_PD_10,-0.0205687659767784,HO1U1,head
PD_03_PD_11,-0.0266448462227995,HO1U1,head
PD_03_PD_12,-0.0074890638005667,HO1U1,head
PD_03_PD_15,-0.0002302623100773,HO1U1,head
PD_06_PD_08,0.0010152706471737,HO1U1,head
PD_06_PD_10,-0.4444110715991819,HO1U1,head
PD_06_PD_14,-0.0691875378914121,HO1U1,head
PD_07_PD_08,-0.0029622612773061,HO1U1,head
PD_07_PD_10,-0.0100770454852116,HO1U1,head
PD_08_PD_10,-0.2751277307405437,HO1U1,head
PD_08_PD_12,-0.0520932982024366,HO1U1,head
PD_08_PD_14,-0.1211398808840686,HO1U1,head
PD_08_PD_15,-0.0002455221449442,HO1U1,head
PD_10_PD_12,-0.0040253703887581,HO1U1,head
PD_10_PD_13,0.0062142745306962,HO1U1,head
PD_10_PD_15,-0.0007695366700771,HO1U1,head
PD_01_PD_08,-0.0263967610299378,HSC2,head
PD_01_PD_10,-0.0032556383782228,HSC2,head
PD_06_PD_08,2.349378989463524e-06,HSC2,head
PD_06_PD_10,-0.4816335014628176,HSC2,head
PD_06_PD_14,-0.0351159429700806,HSC2,head
PD_07_PD_08,-2.090711233626585e-05,HSC2,head
PD_07_PD_10,-5.771716438118801e-12,HSC2,head
PD_08_PD_10,-0.0055823846850195,HSC2,head
PD_08_PD_12,-0.089409879544454,HSC2,head
PD_08_PD_14,-0.1244982108481976,HSC2,head
PD_08_PD_15,-4.474060091963494e-06,HSC2,head
PD_10_PD_12,-2.0756107943498134e-10,HSC2,head
PD_10_PD_13,2.9420910152566653e-13,HSC2,head
PD_10_PD_15,-2.496891582381977e-13,HSC2,head
PD_01_PD_08,-0.0164728240478948,HSC3,head
PD_01_PD_10,-0.0012878951135409,HSC3,head
PD_06_PD_08,3.0856817101465595e-08,HSC3,head
PD_06_PD_10,-0.5320637814519065,HSC3,head
PD_06_PD_14,-0.0131590437460307,HSC3,head
PD_07_PD_08,-2.190562805703955e-06,HSC3,head
PD_07_PD_10,-1.0632272839927737e-11,HSC3,head
PD_08_PD_10,-0.0017612937589469,HSC3,head
PD_08_PD_12,-0.0007846135453217,HSC3,head
PD_08_PD_14,-0.0139436572907541,HSC3,head
PD_08_PD_15,-1.061568988269812e-07,HSC3,head
PD_10_PD_12,1.48991929904696e-13,HSC3,head
PD_10_PD_13,1.48991929904696e-13,HSC3,head
PD_10_PD_15,-1.8463008899516358e-13,HSC3,head
PD_01_PD_08,-0.0415031957469937,HSC4,head
PD_01_PD_10,-0.0012363178685499,HSC4,head
PD_06_PD_08,3.20929706002504e-05,HSC4,head
PD_06_PD_10,-0.429210648227497,HSC4,head
PD_06_PD_14,-0.0416089761070674,HSC4,head
PD_07_PD_08,-0.0001900663460058,HSC4,head
PD_07_PD_10,-2.0909951548020442e-10,HSC4,head
PD_08_PD_10,-0.0088529404036978,HSC4,head
PD_08_PD_12,-0.1043508705068404,HSC4,head
PD_08_PD_14,-0.1459327992785709,HSC4,head
PD_08_PD_15,-4.409817259387605e-05,HSC4,head
PD_10_PD_12,-4.933869979240058e-10,HSC4,head
PD_10_PD_13,1.439959262938828e-12,HSC4,head
PD_10_PD_15,-1.0684786388992509e-12,HSC4,head
PD_01_PD_02,-0.0002201507571135,JHU022,head
PD_01_PD_03,-0.000867319321625,JHU022,head
PD_01_PD_08,-0.0132162468196767,JHU022,head
PD_01_PD_10,-0.0011707636709782,JHU022,head
PD_03_PD_05,-3.3747302952136244e-08,JHU022,head
PD_03_PD_06,-0.0012343546920215,JHU022,head
PD_03_PD_07,-3.611615340126661e-09,JHU022,head
PD_03_PD_08,-0.0013154590738689,JHU022,head
PD_03_PD_09,-5.209743068945727e-06,JHU022,head
PD_03_PD_10,-4.620490670070865e-07,JHU022,head
PD_03_PD_11,-4.620632562124527e-07,JHU022,head
PD_03_PD_12,-2.220446049250313e-16,JHU022,head
PD_03_PD_15,-6.798772655969286e-11,JHU022,head
PD_06_PD_08,5.944834491344864e-08,JHU022,head
PD_06_PD_10,-0.5116160680441351,JHU022,head
PD_06_PD_14,-0.0039957249811315,JHU022,head
PD_07_PD_08,-1.1553692378374336e-06,JHU022,head
PD_07_PD_10,-6.704187205386346e-10,JHU022,head
PD_08_PD_10,-0.0675935697951697,JHU022,head
PD_08_PD_12,-0.0001336535055094,JHU022,head
PD_08_PD_14,-0.0041293784866286,JHU022,head
PD_08_PD_15,-5.362108468354165e-08,JHU022,head
PD_10_PD_12,-2.4586604430165693e-07,JHU022,head
PD_10_PD_13,1.4190648656153826e-11,JHU022,head
PD_10_PD_15,-1.4712675522332574e-11,JHU022,head
PD_01_PD_02,-0.0704520093382511,LB771HNC,head
PD_01_PD_03,-0.1022185154234306,LB771HNC,head
PD_01_PD_08,-0.163051920959394,LB771HNC,head
PD_01_PD_10,-0.1197524014474521,LB771HNC,head
PD_03_PD_05,-0.0056608940598941,LB771HNC,head
PD_03_PD_06,-0.1156260779242013,LB771HNC,head
PD_03_PD_07,-0.0021898983395584,LB771HNC,head
PD_03_PD_08,-0.0899465587345543,LB771HNC,head
PD_03_PD_09,-0.0064416603179199,LB771HNC,head
PD_03_PD_10,-0.0101173341927482,LB771HNC,head
PD_03_PD_11,-0.0108733193621339,LB771HNC,head
PD_03_PD_12,-0.000723586516532,LB771HNC,head
PD_03_PD_15,-0.0006384134788327,LB771HNC,head
PD_06_PD_08,0.0093737163344551,LB771HNC,head
PD_06_PD_10,-0.425090327529419,LB771HNC,head
PD_06_PD_14,-0.0719718430617216,LB771HNC,head
PD_07_PD_08,-0.0086132782859603,LB771HNC,head
PD_07_PD_10,-0.0013383238390463,LB771HNC,head
PD_08_PD_10,-0.3386502265160621,LB771HNC,head
PD_08_PD_12,-0.0440104911156558,LB771HNC,head
PD_08_PD_14,-0.1159545828463244,LB771HNC,head
PD_08_PD_15,-0.0038200011502201,LB771HNC,head
PD_10_PD_12,-0.0004408447484488,LB771HNC,head
PD_10_PD_13,0.0009313296660237,LB771HNC,head
PD_10_PD_15,-0.0004229684144604,LB771HNC,head
PD_01_PD_08,-0.0478225626785636,NCIH3118,head
PD_01_PD_10,-0.0035969828370236,NCIH3118,head
PD_06_PD_08,8.554587303866157e-06,NCIH3118,head
PD_06_PD_10,-0.5628450075785305,NCIH3118,head
PD_06_PD_14,-0.0382391455697532,NCIH3118,head
PD_07_PD_08,-4.113326279520102e-05,NCIH3118,head
PD_07_PD_10,-2.286537292839341e-09,NCIH3118,head
PD_08_PD_10,-0.0048635015705184,NCIH3118,head
PD_08_PD_12,-0.0061663112254032,NCIH3118,head
PD_08_PD_14,-0.0444054500048176,NCIH3118,head
PD_08_PD_15,-1.2528346606033304e-05,NCIH3118,head
PD_10_PD_12,9.14601727686204e-11,NCIH3118,head
PD_10_PD_13,5.980793638116211e-11,NCIH3118,head
PD_10_PD_15,-5.183808937658796e-11,NCIH3118,head
PD_01_PD_08,-0.0365115120917312,OSC20,head
PD_01_PD_10,-0.001106840987002,OSC20,head
PD_06_PD_08,5.332815330438834e-07,OSC20,head
PD_06_PD_10,-0.5006065458810898,OSC20,head
PD_06_PD_14,-0.0342461562280608,OSC20,head
PD_07_PD_08,-8.352378457643361e-06,OSC20,head
PD_07_PD_10,-3.426148253993233e-13,OSC20,head
PD_08_PD_10,-0.0030899893838212,OSC20,head
PD_08_PD_12,-0.0344805681180029,OSC20,head
PD_08_PD_14,-0.0687117047636466,OSC20,head
PD_08_PD_15,-1.236592524045399e-06,OSC20,head
PD_10_PD_12,-3.934630399271555e-12,OSC20,head
PD_10_PD_13,1.4432899320127037e-15,OSC20,head
PD_10_PD_15,-1.4432899320127037e-15,OSC20,head
PD_01_PD_08,-0.03013202755569,PCI30,head
PD_01_PD_10,-0.0015258174639815,PCI30,head
PD_06_PD_08,1.0937951467893114e-06,PCI30,head
PD_06_PD_10,-0.4416568444072342,PCI30,head
PD_06_PD_14,-0.0373933896711456,PCI30,head
PD_07_PD_08,-3.133621203910142e-05,PCI30,head
PD_07_PD_10,-2.5603408282393048e-11,PCI30,head
PD_08_PD_10,-0.0041532154710853,PCI30,head
PD_08_PD_12,-0.1199635876351651,PCI30,head
PD_08_PD_14,-0.1573136163927841,PCI30,head
PD_08_PD_15,-2.51672029472072e-06,PCI30,head
PD_10_PD_12,-2.5781266010938e-11,PCI30,head
PD_10_PD_13,1.8984813721090177e-14,PCI30,head
PD_10_PD_15,-1.8318679906315083e-14,PCI30,head
PD_01_PD_02,-0.0047742872282622,SAS,head
PD_01_PD_03,-0.0094280435837277,SAS,head
PD_01_PD_08,-0.0344020503382035,SAS,head
PD_01_PD_10,-0.0101548231594438,SAS,head
PD_03_PD_05,-3.7121689056007763e-09,SAS,head
PD_03_PD_06,-0.022071764893557,SAS,head
PD_03_PD_07,-7.658929046527874e-10,SAS,head
PD_03_PD_08,-0.022158611615198,SAS,head
PD_03_PD_09,-1.8593978545755618e-07,SAS,head
PD_03_PD_10,-1.3005333221460802e-07,SAS,head
PD_03_PD_11,-1.3006979304730493e-07,SAS,head
PD_03_PD_12,-5.850875339774575e-14,SAS,head
PD_03_PD_15,-3.584355035002318e-12,SAS,head
PD_06_PD_08,0.0027946573874418,SAS,head
PD_06_PD_10,-0.5003606278669349,SAS,head
PD_06_PD_14,-0.0127096456048813,SAS,head
PD_07_PD_08,-0.006187040998002,SAS,head
PD_07_PD_10,-6.010786313126458e-10,SAS,head
PD_08_PD_10,-0.2969752047454816,SAS,head
PD_08_PD_12,-8.756618552219209e-05,SAS,head
PD_08_PD_14,-0.0127972117904034,SAS,head
PD_08_PD_15,-0.0003643379958457,SAS,head
PD_10_PD_12,-4.9631524112747634e-08,SAS,head
PD_10_PD_13,1.6462387009141818e-11,SAS,head
PD_10_PD_15,-1.2853162978387898e-11,SAS,head
PD_01_PD_08,-0.0210966560100416,SAT,head
PD_01_PD_10,-0.0012453341441254,SAT,head
PD_06_PD_08,3.9320325662117745e-08,SAT,head
PD_06_PD_10,-0.5474541186697784,SAT,head
PD_06_PD_14,-0.0206477544932287,SAT,head
PD_07_PD_08,-1.832519269329147e-06,SAT,head
PD_07_PD_10,-1.3012146915514222e-11,SAT,head
PD_08_PD_10,-0.0016358275738594,SAT,head
PD_08_PD_12,-0.0025870093007903,SAT,head
PD_08_PD_14,-0.0232347637910834,SAT,head
PD_08_PD_15,-1.2943461391579092e-07,SAT,head
PD_10_PD_12,1.9562129693895258e-13,SAT,head
PD_10_PD_13,1.9539925233402758e-13,SAT,head
PD_10_PD_15,-2.383648833870211e-13,SAT,head
PD_01_PD_02,-0.0042197626085886,SCC15,head
PD_01_PD_03,-0.0086878862227768,SCC15,head
PD_01_PD_08,-0.0374601940025105,SCC15,head
PD_01_PD_10,-0.0098364108917604,SCC15,head
PD_03_PD_05,-6.768175242477524e-09,SCC15,head
PD_03_PD_06,-0.022957521377409,SCC15,head
PD_03_PD_07,-1.9366147574473302e-09,SCC15,head
PD_03_PD_08,-0.0230799829848694,SCC15,head
PD_03_PD_09,-3.55580345390294e-07,SCC15,head
PD_03_PD_10,-2.250390258584645e-07,SCC15,head
PD_03_PD_11,-2.250850903440238e-07,SCC15,head
PD_03_PD_12,-2.3003821070233244e-13,SCC15,head
PD_03_PD_15,-8.475775636895833e-12,SCC15,head
PD_06_PD_08,0.003296686295042,SCC15,head
PD_06_PD_10,-0.5080823613010655,SCC15,head
PD_06_PD_14,-0.0136966256856706,SCC15,head
PD_07_PD_08,-0.0066378265274648,SCC15,head
PD_07_PD_10,-1.5203118763906787e-09,SCC15,head
PD_08_PD_10,-0.2989615155606342,SCC15,head
PD_08_PD_12,-0.0001237476126986,SCC15,head
PD_08_PD_14,-0.0138203732983692,SCC15,head
PD_08_PD_15,-0.0004057215935638,SCC15,head
PD_10_PD_12,-1.010296346581896e-07,SCC15,head
PD_10_PD_13,4.606870440682087e-11,SCC15,head
PD_10_PD_15,-3.3994140835602587e-11,SCC15,head
PD_01_PD_08,-0.034428538564544,SCC4,head
PD_01_PD_10,-0.0010535659491549,SCC4,head
PD_06_PD_08,5.490368516491984e-07,SCC4,head
PD_06_PD_10,-0.5499691298963092,SCC4,head
PD_06_PD_14,-0.0261600754269584,SCC4,head
PD_07_PD_08,-1.2194366390216873e-05,SCC4,head
PD_07_PD_10,-7.045475314271243e-13,SCC4,head
PD_08_PD_10,-0.0025757452681287,SCC4,head
PD_08_PD_12,-0.0038259289972856,SCC4,head
PD_08_PD_14,-0.0299860044223502,SCC4,head
PD_08_PD_15,-1.2833939356804436e-06,SCC4,head
PD_10_PD_12,-2.5892621380307897e-12,SCC4,head
PD_10_PD_13,6.661338147750939e-16,SCC4,head
PD_10_PD_15,-8.881784197001252e-16,SCC4,head
PD_01_PD_02,-0.0047742872282622,SCC9,head
PD_01_PD_03,-0.0094280435837277,SCC9,head
PD_01_PD_08,-0.0344020503382035,SCC9,head
PD_01_PD_10,-0.0101548231594438,SCC9,head
PD_03_PD_05,-3.7121689056007763e-09,SCC9,head
PD_03_PD_06,-0.022071764893557,SCC9,head
PD_03_PD_07,-7.658929046527874e-10,SCC9,head
PD_03_PD_08,-0.022158611615198,SCC9,head
PD_03_PD_09,-1.8593978545755618e-07,SCC9,head
PD_03_PD_10,-1.3005333221460802e-07,SCC9,head
PD_03_PD_11,-1.3006979304730493e-07,SCC9,head
PD_03_PD_12,-5.850875339774575e-14,SCC9,head
PD_03_PD_15,-3.584355035002318e-12,SCC9,head
PD_06_PD_08,0.0027946573874418,SCC9,head
PD_06_PD_10,-0.5003606278669349,SCC9,head
PD_06_PD_14,-0.0127096456048813,SCC9,head
PD_07_PD_08,-0.006187040998002,SCC9,head
PD_07_PD_10,-6.010786313126458e-10,SCC9,head
PD_08_PD_10,-0.2969752047454816,SCC9,head
PD_08_PD_12,-8.756618552219209e-05,SCC9,head
PD_08_PD_14,-0.0127972117904034,SCC9,head
PD_08_PD_15,-0.0003643379958457,SCC9,head
PD_10_PD_12,-4.9631524112747634e-08,SCC9,head
PD_10_PD_13,1.6462387009141818e-11,SCC9,head
PD_10_PD_15,-1.2853162978387898e-11,SCC9,head
PD_01_PD_02,-0.0042197626085886,SKN3,head
PD_01_PD_03,-0.0086878862227768,SKN3,head
PD_01_PD_08,-0.0374601940025105,SKN3,head
PD_01_PD_10,-0.0098364108917604,SKN3,head
PD_03_PD_05,-6.768175242477524e-09,SKN3,head
PD_03_PD_06,-0.022957521377409,SKN3,head
PD_03_PD_07,-1.9366147574473302e-09,SKN3,head
PD_03_PD_08,-0.0230799829848694,SKN3,head
PD_03_PD_09,-3.55580345390294e-07,SKN3,head
PD_03_PD_10,-2.250390258584645e-07,SKN3,head
PD_03_PD_11,-2.250850903440238e-07,SKN3,head
PD_03_PD_12,-2.3003821070233244e-13,SKN3,head
PD_03_PD_15,-8.475775636895833e-12,SKN3,head
PD_06_PD_08,0.003296686295042,SKN3,head
PD_06_PD_10,-0.5080823613010655,SKN3,head
PD_06_PD_14,-0.0136966256856706,SKN3,head
PD_07_PD_08,-0.0066378265274648,SKN3,head
PD_07_PD_10,-1.5203118763906787e-09,SKN3,head
PD_08_PD_10,-0.2989615155606342,SKN3,head
PD_08_PD_12,-0.0001237476126986,SKN3,head
PD_08_PD_14,-0.0138203732983692,SKN3,head
PD_08_PD_15,-0.0004057215935638,SKN3,head
PD_10_PD_12,-1.010296346581896e-07,SKN3,head
PD_10_PD_13,4.606870440682087e-11,SKN3,head
PD_10_PD_15,-3.3994140835602587e-11,SKN3,head
PD_01_PD_02,-0.0043804772218585,769P,kidney
PD_01_PD_03,-0.0086211698836304,769P,kidney
PD_01_PD_08,-0.166977817255124,769P,kidney
PD_01_PD_10,-0.0100898667803156,769P,kidney
PD_03_PD_05,-2.4162150724649223e-08,769P,kidney
PD_03_PD_06,-0.1379518604150225,769P,kidney
PD_03_PD_07,-2.833953072212125e-09,769P,kidney
PD_03_PD_08,-0.1379518604150225,769P,kidney
PD_03_PD_09,-0.0976144754336758,769P,kidney
PD_03_PD_10,-5.199651611498268e-07,769P,kidney
PD_03_PD_11,-5.201602397697513e-07,769P,kidney
PD_03_PD_12,0.0,769P,kidney
PD_03_PD_15,-3.432854001061969e-11,769P,kidney
PD_06_PD_08,0.0799695421121334,769P,kidney
PD_06_PD_10,-0.4832001274653994,769P,kidney
PD_06_PD_14,-0.1092306750542907,769P,kidney
PD_07_PD_08,-0.0752708170926964,769P,kidney
PD_07_PD_10,-3.44630468607221e-09,769P,kidney
PD_08_PD_10,-0.3985026670671669,769P,kidney
PD_08_PD_12,0.0,769P,kidney
PD_08_PD_14,-0.1092306750542907,769P,kidney
PD_08_PD_15,-0.0098841814937482,769P,kidney
PD_10_PD_12,-2.4723189384623367e-08,769P,kidney
PD_10_PD_13,1.9508095139286752e-10,769P,kidney
PD_10_PD_15,-1.0535183836424268e-10,769P,kidney
PD_01_PD_08,-0.0498512922094895,7860,kidney
PD_01_PD_10,-0.0022227022422433,7860,kidney
PD_06_PD_08,1.4080706872698912e-06,7860,kidney
PD_06_PD_10,-0.4402823079537144,7860,kidney
PD_06_PD_14,-0.0392970820510766,7860,kidney
PD_07_PD_08,-3.802570922517568e-05,7860,kidney
PD_07_PD_10,-1.2856826714369164e-11,7860,kidney
PD_08_PD_10,-0.0046115301380522,7860,kidney
PD_08_PD_12,-0.1063676399285015,7860,kidney
PD_08_PD_14,-0.1456235971501329,7860,kidney
PD_08_PD_15,-3.0968489012073164e-06,7860,kidney
PD_10_PD_12,-7.888134589961737e-12,7860,kidney
PD_10_PD_13,7.438494264988549e-15,7860,kidney
PD_10_PD_15,-6.772360450213455e-15,7860,kidney
PD_01_PD_02,-0.0077404045705469,A498,kidney
PD_01_PD_03,-0.0144859222894602,A498,kidney
PD_01_PD_08,-0.0737862397424935,A498,kidney
PD_01_PD_10,-0.004324758770227,A498,kidney
PD_03_PD_05,-1.9923435123914143e-08,A498,kidney
PD_03_PD_06,-0.0487145324469839,A498,kidney
PD_03_PD_07,-3.843342311071751e-10,A498,kidney
PD_03_PD_08,-0.0804460549221783,A498,kidney
PD_03_PD_09,-0.0977016804028029,A498,kidney
PD_03_PD_10,-7.713630872929755e-07,A498,kidney
PD_03_PD_11,-7.717672948492904e-07,A498,kidney
PD_03_PD_12,0.0,A498,kidney
PD_03_PD_15,-2.6773472328045497e-11,A498,kidney
PD_06_PD_08,0.0546637507194663,A498,kidney
PD_06_PD_10,-0.4459617914833336,A498,kidney
PD_06_PD_14,-0.0712782846668355,A498,kidney
PD_07_PD_08,-0.0664874621788711,A498,kidney
PD_07_PD_10,-6.346396408396515e-09,A498,kidney
PD_08_PD_10,-0.2863765982994131,A498,kidney
PD_08_PD_12,-0.0317315224761932,A498,kidney
PD_08_PD_14,-0.1030098071429381,A498,kidney
PD_08_PD_15,-0.0076180547721048,A498,kidney
PD_10_PD_12,-1.9709093468378572e-08,A498,kidney
PD_10_PD_13,4.042080004040826e-10,A498,kidney
PD_10_PD_15,-2.0830759339673927e-10,A498,kidney
PD_01_PD_02,-0.0073471789260849,A704,kidney
PD_01_PD_03,-0.0145438975132888,A704,kidney
PD_01_PD_08,-0.0454334602829393,A704,kidney
PD_01_PD_10,-0.0152005300521916,A704,kidney
PD_03_PD_05,-5.552155069032949e-09,A704,kidney
PD_03_PD_06,-0.0205400331664492,A704,kidney
PD_03_PD_07,-1.3283318889278914e-10,A704,kidney
PD_03_PD_08,-0.020543875706945,A704,kidney
PD_03_PD_09,-4.091136440731447e-08,A704,kidney
PD_03_PD_10,-3.756724039627457e-07,A704,kidney
PD_03_PD_11,-3.756977052793431e-07,A704,kidney
PD_03_PD_12,-3.6970426720017713e-13,A704,kidney
PD_03_PD_15,-6.9046990347487736e-12,A704,kidney
PD_06_PD_08,0.0035401526382862,A704,kidney
PD_06_PD_10,-0.4949105390457723,A704,kidney
PD_06_PD_14,-0.011991911811967,A704,kidney
PD_07_PD_08,-0.006833225746063,A704,kidney
PD_07_PD_10,-5.712493811316222e-10,A704,kidney
PD_08_PD_10,-0.3579994932880459,A704,kidney
PD_08_PD_12,-5.311820639453124e-06,A704,kidney
PD_08_PD_14,-0.0119972236326064,A704,kidney
PD_08_PD_15,-0.0004244652238361,A704,kidney
PD_10_PD_12,-9.682390444964992e-10,A704,kidney
PD_10_PD_13,2.5308422024750143e-11,A704,kidney
PD_10_PD_15,-2.2545187938760588e-11,A704,kidney
PD_01_PD_02,-0.0077404045705469,ACHN,kidney
PD_01_PD_03,-0.0144859222894602,ACHN,kidney
PD_01_PD_08,-0.0737862397424935,ACHN,kidney
PD_01_PD_10,-0.004324758770227,ACHN,kidney
PD_03_PD_05,-1.9923435123914143e-08,ACHN,kidney
PD_03_PD_06,-0.0487145324469839,ACHN,kidney
PD_03_PD_07,-3.843342311071751e-10,ACHN,kidney
PD_03_PD_08,-0.0804460549221783,ACHN,kidney
PD_03_PD_09,-0.0977016804028029,ACHN,kidney
PD_03_PD_10,-7.713630872929755e-07,ACHN,kidney
PD_03_PD_11,-7.717672948492904e-07,ACHN,kidney
PD_03_PD_12,0.0,ACHN,kidney
PD_03_PD_15,-2.6773472328045497e-11,ACHN,kidney
PD_06_PD_08,0.0546637507194663,ACHN,kidney
PD_06_PD_10,-0.4459617914833336,ACHN,kidney
PD_06_PD_14,-0.0712782846668355,ACHN,kidney
PD_07_PD_08,-0.0664874621788711,ACHN,kidney
PD_07_PD_10,-6.346396408396515e-09,ACHN,kidney
PD_08_PD_10,-0.2863765982994131,ACHN,kidney
PD_08_PD_12,-0.0317315224761932,ACHN,kidney
PD_08_PD_14,-0.1030098071429381,ACHN,kidney
PD_08_PD_15,-0.0076180547721048,ACHN,kidney
PD_10_PD_12,-1.9709093468378572e-08,ACHN,kidney
PD_10_PD_13,4.042080004040826e-10,ACHN,kidney
PD_10_PD_15,-2.0830759339673927e-10,ACHN,kidney
PD_01_PD_08,-0.0409376392556117,BFTC909,kidney
PD_01_PD_10,-0.0009882523452185,BFTC909,kidney
PD_06_PD_08,4.646534427221738e-07,BFTC909,kidney
PD_06_PD_10,-0.5378673749989453,BFTC909,kidney
PD_06_PD_14,-0.0364861049079964,BFTC909,kidney
PD_07_PD_08,-3.785662755051433e-06,BFTC909,kidney
PD_07_PD_10,-1.6611156894441592e-12,BFTC909,kidney
PD_08_PD_10,-0.0025536466972803,BFTC909,kidney
PD_08_PD_12,-0.0247552871230608,BFTC909,kidney
PD_08_PD_14,-0.0612413920207962,BFTC909,kidney
PD_08_PD_15,-1.115935126527745e-06,BFTC909,kidney
PD_10_PD_12,-7.199019158576903e-12,BFTC909,kidney
PD_10_PD_13,3.552713678800501e-15,BFTC909,kidney
PD_10_PD_15,-3.774758283725532e-15,BFTC909,kidney
PD_01_PD_02,-0.002511294639704,CAL54,kidney
PD_01_PD_03,-0.0053820700741008,CAL54,kidney
PD_01_PD_08,-0.0230875297036744,CAL54,kidney
PD_01_PD_10,-0.010574223683835,CAL54,kidney
PD_03_PD_05,-1.95695525340156e-07,CAL54,kidney
PD_03_PD_06,-0.043725593877278,CAL54,kidney
PD_03_PD_07,-1.6108066103193153e-08,CAL54,kidney
PD_03_PD_08,-0.0359449886515008,CAL54,kidney
PD_03_PD_09,-1.956954983617365e-07,CAL54,kidney
PD_03_PD_10,-3.192113949168629e-06,CAL54,kidney
PD_03_PD_11,-3.1925687637990308e-06,CAL54,kidney
PD_03_PD_12,-2.1515345061118296e-11,CAL54,kidney
PD_03_PD_15,-8.147990060436426e-10,CAL54,kidney
PD_06_PD_08,0.016012139531801,CAL54,kidney
PD_06_PD_10,-0.5240513016719355,CAL54,kidney
PD_06_PD_14,-0.0260307225966784,CAL54,kidney
PD_07_PD_08,-0.0237988509732642,CAL54,kidney
PD_07_PD_10,-1.1902755781001416e-08,CAL54,kidney
PD_08_PD_10,-0.1887432769666854,CAL54,kidney
PD_08_PD_12,-0.0001929480482445,CAL54,kidney
PD_08_PD_14,-0.0262236706449028,CAL54,kidney
PD_08_PD_15,-0.0010602682259097,CAL54,kidney
PD_10_PD_12,-1.05398201277751e-09,CAL54,kidney
PD_10_PD_13,4.549972620893072e-10,CAL54,kidney
PD_10_PD_15,-3.7892389226357176e-10,CAL54,kidney
PD_01_PD_02,-0.0043804772218585,G401,kidney
PD_01_PD_03,-0.0086211698836304,G401,kidney
PD_01_PD_08,-0.166977817255124,G401,kidney
PD_01_PD_10,-0.0100898667803156,G401,kidney
PD_03_PD_05,-2.4162150724649223e-08,G401,kidney
PD_03_PD_06,-0.1379518604150225,G401,kidney
PD_03_PD_07,-2.833953072212125e-09,G401,kidney
PD_03_PD_08,-0.1379518604150225,G401,kidney
PD_03_PD_09,-0.0976144754336758,G401,kidney
PD_03_PD_10,-5.199651611498268e-07,G401,kidney
PD_03_PD_11,-5.201602397697513e-07,G401,kidney
PD_03_PD_12,0.0,G401,kidney
PD_03_PD_15,-3.432854001061969e-11,G401,kidney
PD_06_PD_08,0.0799695421121334,G401,kidney
PD_06_PD_10,-0.4832001274653994,G401,kidney
PD_06_PD_14,-0.1092306750542907,G401,kidney
PD_07_PD_08,-0.0752708170926964,G401,kidney
PD_07_PD_10,-3.44630468607221e-09,G401,kidney
PD_08_PD_10,-0.3985026670671669,G401,kidney
PD_08_PD_12,0.0,G401,kidney
PD_08_PD_14,-0.1092306750542907,G401,kidney
PD_08_PD_15,-0.0098841814937482,G401,kidney
PD_10_PD_12,-2.4723189384623367e-08,G401,kidney
PD_10_PD_13,1.9508095139286752e-10,G401,kidney
PD_10_PD_15,-1.0535183836424268e-10,G401,kidney
PD_01_PD_02,-0.0077404045705469,KMRC1,kidney
PD_01_PD_03,-0.0144859222894602,KMRC1,kidney
PD_01_PD_08,-0.0737862397424935,KMRC1,kidney
PD_01_PD_10,-0.004324758770227,KMRC1,kidney
PD_03_PD_05,-1.9923435123914143e-08,KMRC1,kidney
PD_03_PD_06,-0.0487145324469839,KMRC1,kidney
PD_03_PD_07,-3.843342311071751e-10,KMRC1,kidney
PD_03_PD_08,-0.0804460549221783,KMRC1,kidney
PD_03_PD_09,-0.0977016804028029,KMRC1,kidney
PD_03_PD_10,-7.713630872929755e-07,KMRC1,kidney
PD_03_PD_11,-7.717672948492904e-07,KMRC1,kidney
PD_03_PD_12,0.0,KMRC1,kidney
PD_03_PD_15,-2.6773472328045497e-11,KMRC1,kidney
PD_06_PD_08,0.0546637507194663,KMRC1,kidney
PD_06_PD_10,-0.4459617914833336,KMRC1,kidney
PD_06_PD_14,-0.0712782846668355,KMRC1,kidney
PD_07_PD_08,-0.0664874621788711,KMRC1,kidney
PD_07_PD_10,-6.346396408396515e-09,KMRC1,kidney
PD_08_PD_10,-0.2863765982994131,KMRC1,kidney
PD_08_PD_12,-0.0317315224761932,KMRC1,kidney
PD_08_PD_14,-0.1030098071429381,KMRC1,kidney
PD_08_PD_15,-0.0076180547721048,KMRC1,kidney
PD_10_PD_12,-1.9709093468378572e-08,KMRC1,kidney
PD_10_PD_13,4.042080004040826e-10,KMRC1,kidney
PD_10_PD_15,-2.0830759339673927e-10,KMRC1,kidney
PD_01_PD_02,-0.0023856833648613,KMRC20,kidney
PD_01_PD_03,-0.0057677380939731,KMRC20,kidney
PD_01_PD_08,-0.0348228687259601,KMRC20,kidney
PD_01_PD_10,-0.0042533550989648,KMRC20,kidney
PD_03_PD_05,-1.040416189090898e-06,KMRC20,kidney
PD_03_PD_06,-0.0177345159048986,KMRC20,kidney
PD_03_PD_07,-1.1577143776975165e-07,KMRC20,kidney
PD_03_PD_08,-0.0177345159048986,KMRC20,kidney
PD_03_PD_09,-1.0404151353782254e-06,KMRC20,kidney
PD_03_PD_10,-1.2442325994621584e-05,KMRC20,kidney
PD_03_PD_11,-1.244767172547956e-05,KMRC20,kidney
PD_03_PD_12,0.0,KMRC20,kidney
PD_03_PD_15,-7.484296626891762e-09,KMRC20,kidney
PD_06_PD_08,0.00150704848052,KMRC20,kidney
PD_06_PD_10,-0.5467360155282758,KMRC20,kidney
PD_06_PD_14,-0.0088525119661178,KMRC20,kidney
PD_07_PD_08,-0.0026721907614345,KMRC20,kidney
PD_07_PD_10,-9.115326371489375e-08,KMRC20,kidney
PD_08_PD_10,-0.4663629382032963,KMRC20,kidney
PD_08_PD_12,0.0,KMRC20,kidney
PD_08_PD_14,-0.0088525119661178,KMRC20,kidney
PD_08_PD_15,-0.0002361128279857,KMRC20,kidney
PD_10_PD_12,-6.102119920470273e-10,KMRC20,kidney
PD_10_PD_13,5.351377674323032e-09,KMRC20,kidney
PD_10_PD_15,-3.746896459766447e-09,KMRC20,kidney
PD_01_PD_02,-0.0077404045705469,LB996RCC,kidney
PD_01_PD_03,-0.0144859222894602,LB996RCC,kidney
PD_01_PD_08,-0.0737862397424935,LB996RCC,kidney
PD_01_PD_10,-0.004324758770227,LB996RCC,kidney
PD_03_PD_05,-1.9923435123914143e-08,LB996RCC,kidney
PD_03_PD_06,-0.0487145324469839,LB996RCC,kidney
PD_03_PD_07,-3.843342311071751e-10,LB996RCC,kidney
PD_03_PD_08,-0.0804460549221783,LB996RCC,kidney
PD_03_PD_09,-0.0977016804028029,LB996RCC,kidney
PD_03_PD_10,-7.713630872929755e-07,LB996RCC,kidney
PD_03_PD_11,-7.717672948492904e-07,LB996RCC,kidney
PD_03_PD_12,0.0,LB996RCC,kidney
PD_03_PD_15,-2.6773472328045497e-11,LB996RCC,kidney
PD_06_PD_08,0.0546637507194663,LB996RCC,kidney
PD_06_PD_10,-0.4459617914833336,LB996RCC,kidney
PD_06_PD_14,-0.0712782846668355,LB996RCC,kidney
PD_07_PD_08,-0.0664874621788711,LB996RCC,kidney
PD_07_PD_10,-6.346396408396515e-09,LB996RCC,kidney
PD_08_PD_10,-0.2863765982994131,LB996RCC,kidney
PD_08_PD_12,-0.0317315224761932,LB996RCC,kidney
PD_08_PD_14,-0.1030098071429381,LB996RCC,kidney
PD_08_PD_15,-0.0076180547721048,LB996RCC,kidney
PD_10_PD_12,-1.9709093468378572e-08,LB996RCC,kidney
PD_10_PD_13,4.042080004040826e-10,LB996RCC,kidney
PD_10_PD_15,-2.0830759339673927e-10,LB996RCC,kidney
PD_01_PD_02,-0.0043526485348672,OSRC2,kidney
PD_01_PD_03,-0.008239842129725,OSRC2,kidney
PD_01_PD_08,-0.0360584434734876,OSRC2,kidney
PD_01_PD_10,-0.0047848543158777,OSRC2,kidney
PD_03_PD_05,-1.7488575587698563e-08,OSRC2,kidney
PD_03_PD_06,-0.0299539715631396,OSRC2,kidney
PD_03_PD_07,-3.4897251754983927e-10,OSRC2,kidney
PD_03_PD_08,-0.1100768711765651,OSRC2,kidney
PD_03_PD_09,-2.138300436715923e-07,OSRC2,kidney
PD_03_PD_10,-2.012315970190137e-06,OSRC2,kidney
PD_03_PD_11,-2.013049226756713e-06,OSRC2,kidney
PD_03_PD_12,1.4432899320127037e-15,OSRC2,kidney
PD_03_PD_15,-2.231781426331736e-11,OSRC2,kidney
PD_06_PD_08,0.0216835681692816,OSRC2,kidney
PD_06_PD_10,-0.4637401934135765,OSRC2,kidney
PD_06_PD_14,-0.059285376016731,OSRC2,kidney
PD_07_PD_08,-0.0708367481123005,OSRC2,kidney
PD_07_PD_10,-7.49817952172549e-09,OSRC2,kidney
PD_08_PD_10,-0.3424103630635805,OSRC2,kidney
PD_08_PD_12,-0.0801228996155528,OSRC2,kidney
PD_08_PD_14,-0.1394082756121227,OSRC2,kidney
PD_08_PD_15,-0.0020162013726514,OSRC2,kidney
PD_10_PD_12,-2.2875613958639466e-08,OSRC2,kidney
PD_10_PD_13,7.325906548061312e-10,OSRC2,kidney
PD_10_PD_15,-3.8456160478261836e-10,OSRC2,kidney
PD_01_PD_02,-0.0055989119046736,RCC10RGB,kidney
PD_01_PD_03,-0.010426163480508,RCC10RGB,kidney
PD_01_PD_08,-0.0880311056863494,RCC10RGB,kidney
PD_01_PD_10,-0.0050106457586859,RCC10RGB,kidney
PD_03_PD_05,-6.378069961066046e-08,RCC10RGB,kidney
PD_03_PD_06,-0.0235483482643965,RCC10RGB,kidney
PD_03_PD_07,-1.841916508205088e-09,RCC10RGB,kidney
PD_03_PD_08,-0.1056170379731078,RCC10RGB,kidney
PD_03_PD_09,-0.0494539763369086,RCC10RGB,kidney
PD_03_PD_10,-2.158809829455599e-06,RCC10RGB,kidney
PD_03_PD_11,-2.1612063061393627e-06,RCC10RGB,kidney
PD_03_PD_12,3.9634961979118095e-14,RCC10RGB,kidney
PD_03_PD_15,-1.3726808578695682e-10,RCC10RGB,kidney
PD_06_PD_08,0.033426210009006,RCC10RGB,kidney
PD_06_PD_10,-0.4180484771425772,RCC10RGB,kidney
PD_06_PD_14,-0.065299099546648,RCC10RGB,kidney
PD_07_PD_08,-0.0473342451028894,RCC10RGB,kidney
PD_07_PD_10,-2.858452308185377e-08,RCC10RGB,kidney
PD_08_PD_10,-0.2875290019407608,RCC10RGB,kidney
PD_08_PD_12,-0.0820686897244807,RCC10RGB,kidney
PD_08_PD_14,-0.1473677891117377,RCC10RGB,kidney
PD_08_PD_15,-0.0046563309602895,RCC10RGB,kidney
PD_10_PD_12,-8.084833580390693e-08,RCC10RGB,kidney
PD_10_PD_13,2.396539189319924e-09,RCC10RGB,kidney
PD_10_PD_15,-1.0967342589651707e-09,RCC10RGB,kidney
PD_01_PD_02,-0.0013343977271321,RCCJW,kidney
PD_01_PD_03,-0.0033996839834019,RCCJW,kidney
PD_01_PD_08,-0.067191161209489,RCCJW,kidney
PD_01_PD_10,-0.0016982774963664,RCCJW,kidney
PD_03_PD_05,-1.0141847550659833e-07,RCCJW,kidney
PD_03_PD_06,-0.0382591919318812,RCCJW,kidney
PD_03_PD_07,-7.4592626519987e-09,RCCJW,kidney
PD_03_PD_08,-0.031268027352431,RCCJW,kidney
PD_03_PD_09,-1.014184689562825e-07,RCCJW,kidney
PD_03_PD_10,-1.886900145464665e-06,RCCJW,kidney
PD_03_PD_11,-1.8870774557422363e-06,RCCJW,kidney
PD_03_PD_12,-7.323142092729995e-12,RCCJW,kidney
PD_03_PD_15,-3.4526903558429467e-10,RCCJW,kidney
PD_06_PD_08,0.0029041697481666,RCCJW,kidney
PD_06_PD_10,-0.5511145820798068,RCCJW,kidney
PD_06_PD_14,-0.0198327887532308,RCCJW,kidney
PD_07_PD_08,-0.0032839036917043,RCCJW,kidney
PD_07_PD_10,-5.453911655628474e-09,RCCJW,kidney
PD_08_PD_10,-0.1969300191091652,RCCJW,kidney
PD_08_PD_12,-0.0001438431205449,RCCJW,kidney
PD_08_PD_14,-0.0199736698129631,RCCJW,kidney
PD_08_PD_15,-0.0004552436291029,RCCJW,kidney
PD_10_PD_12,-1.5999979119385443e-11,RCCJW,kidney
PD_10_PD_13,1.7735946045149828e-10,RCCJW,kidney
PD_10_PD_15,-1.5715162504648106e-10,RCCJW,kidney
PD_01_PD_08,-0.0184062368999827,SN12C,kidney
PD_01_PD_10,-0.0010289410837523,SN12C,kidney
PD_06_PD_08,2.8272377883276082e-08,SN12C,kidney
PD_06_PD_10,-0.5172269990775398,SN12C,kidney
PD_06_PD_14,-0.0158872320798261,SN12C,kidney
PD_07_PD_08,-2.2383143853943466e-06,SN12C,kidney
PD_07_PD_10,-9.132028466751764e-12,SN12C,kidney
PD_08_PD_10,-0.0019842256256817,SN12C,kidney
PD_08_PD_12,-0.0011965707130989,SN12C,kidney
PD_08_PD_14,-0.0170838027921064,SN12C,kidney
PD_08_PD_15,-9.982626947291352e-08,SN12C,kidney
PD_10_PD_12,1.1868284133242926e-13,SN12C,kidney
PD_10_PD_13,1.1868284133242926e-13,SN12C,kidney
PD_10_PD_15,-1.4888090760223352e-13,SN12C,kidney
PD_01_PD_02,-0.0016196128921667,TK10,kidney
PD_01_PD_03,-0.0040447220442846,TK10,kidney
PD_01_PD_08,-0.0437251656686376,TK10,kidney
PD_01_PD_10,-0.0022827949248646,TK10,kidney
PD_03_PD_05,-7.266984758391716e-08,TK10,kidney
PD_03_PD_06,-0.0378187851639071,TK10,kidney
PD_03_PD_07,-4.871348546764409e-09,TK10,kidney
PD_03_PD_08,-0.037792486707058,TK10,kidney
PD_03_PD_09,-5.939850102887334e-07,TK10,kidney
PD_03_PD_10,-1.323627920379877e-06,TK10,kidney
PD_03_PD_11,-1.3237205550575837e-06,TK10,kidney
PD_03_PD_12,-9.992007221626409e-16,TK10,kidney
PD_03_PD_15,-2.1256796323143587e-10,TK10,kidney
PD_06_PD_08,0.0037682763023357,TK10,kidney
PD_06_PD_10,-0.5449711350628699,TK10,kidney
PD_06_PD_14,-0.0190232447623157,TK10,kidney
PD_07_PD_08,-0.0056669327745435,TK10,kidney
PD_07_PD_10,-3.183538321849255e-09,TK10,kidney
PD_08_PD_10,-0.2386248862221296,TK10,kidney
PD_08_PD_12,-3.0674843633726745e-05,TK10,kidney
PD_08_PD_14,-0.019053919605948,TK10,kidney
PD_08_PD_15,-0.0005403433628966,TK10,kidney
PD_10_PD_12,-2.96721980319603e-10,TK10,kidney
PD_10_PD_13,9.265455069851214e-11,TK10,kidney
PD_10_PD_15,-8.558631581223608e-11,TK10,kidney
PD_01_PD_02,-0.0002611460623627,VMRCRCZ,kidney
PD_01_PD_03,-0.0010454295907713,VMRCRCZ,kidney
PD_01_PD_08,-0.0112769246325553,VMRCRCZ,kidney
PD_01_PD_10,-0.0009311898949778,VMRCRCZ,kidney
PD_03_PD_05,-1.0936443195497247e-08,VMRCRCZ,kidney
PD_03_PD_06,-0.0007571236442489,VMRCRCZ,kidney
PD_03_PD_07,-4.284557153511059e-10,VMRCRCZ,kidney
PD_03_PD_08,-0.0014401736735352,VMRCRCZ,kidney
PD_03_PD_09,-2.3358735904976943e-05,VMRCRCZ,kidney
PD_03_PD_10,-9.200117245811157e-08,VMRCRCZ,kidney
PD_03_PD_11,-9.200251360752533e-08,VMRCRCZ,kidney
PD_03_PD_12,3.3306690738754696e-16,VMRCRCZ,kidney
PD_03_PD_15,-1.1672329769396583e-11,VMRCRCZ,kidney
PD_06_PD_08,5.6112858026757806e-08,VMRCRCZ,kidney
PD_06_PD_10,-0.5230828132945776,VMRCRCZ,kidney
PD_06_PD_14,-0.0094991275760155,VMRCRCZ,kidney
PD_07_PD_08,-6.028546979397476e-07,VMRCRCZ,kidney
PD_07_PD_10,-7.328959661379031e-11,VMRCRCZ,kidney
PD_08_PD_10,-0.0012915872636192,VMRCRCZ,kidney
PD_08_PD_12,-0.0006830500292901,VMRCRCZ,kidney
PD_08_PD_14,-0.0101821776051794,VMRCRCZ,kidney
PD_08_PD_15,-1.0555448459736995e-07,VMRCRCZ,kidney
PD_10_PD_12,-1.6745025366304842e-09,VMRCRCZ,kidney
PD_10_PD_13,1.3411494137471889e-12,VMRCRCZ,kidney
PD_10_PD_15,-1.5427659150191177e-12,VMRCRCZ,kidney
PD_01_PD_02,-0.0043804772218585,C3A,liver
PD_01_PD_03,-0.0086211698836304,C3A,liver
PD_01_PD_08,-0.166977817255124,C3A,liver
PD_01_PD_10,-0.0100898667803156,C3A,liver
PD_03_PD_05,-2.4162150724649223e-08,C3A,liver
PD_03_PD_06,-0.1379518604150225,C3A,liver
PD_03_PD_07,-2.833953072212125e-09,C3A,liver
PD_03_PD_08,-0.1379518604150225,C3A,liver
PD_03_PD_09,-0.0976144754336758,C3A,liver
PD_03_PD_10,-5.199651611498268e-07,C3A,liver
PD_03_PD_11,-5.201602397697513e-07,C3A,liver
PD_03_PD_12,0.0,C3A,liver
PD_03_PD_15,-3.432854001061969e-11,C3A,liver
PD_06_PD_08,0.0799695421121334,C3A,liver
PD_06_PD_10,-0.4832001274653994,C3A,liver
PD_06_PD_14,-0.1092306750542907,C3A,liver
PD_07_PD_08,-0.0752708170926964,C3A,liver
PD_07_PD_10,-3.44630468607221e-09,C3A,liver
PD_08_PD_10,-0.3985026670671669,C3A,liver
PD_08_PD_12,0.0,C3A,liver
PD_08_PD_14,-0.1092306750542907,C3A,liver
PD_08_PD_15,-0.0098841814937482,C3A,liver
PD_10_PD_12,-2.4723189384623367e-08,C3A,liver
PD_10_PD_13,1.9508095139286752e-10,C3A,liver
PD_10_PD_15,-1.0535183836424268e-10,C3A,liver
PD_01_PD_02,-0.0047742872282622,HLE,liver
PD_01_PD_03,-0.0094280435837277,HLE,liver
PD_01_PD_08,-0.0344020503382035,HLE,liver
PD_01_PD_10,-0.0101548231594438,HLE,liver
PD_03_PD_05,-3.7121689056007763e-09,HLE,liver
PD_03_PD_06,-0.022071764893557,HLE,liver
PD_03_PD_07,-7.658929046527874e-10,HLE,liver
PD_03_PD_08,-0.022158611615198,HLE,liver
PD_03_PD_09,-1.8593978545755618e-07,HLE,liver
PD_03_PD_10,-1.3005333221460802e-07,HLE,liver
PD_03_PD_11,-1.3006979304730493e-07,HLE,liver
PD_03_PD_12,-5.850875339774575e-14,HLE,liver
PD_03_PD_15,-3.584355035002318e-12,HLE,liver
PD_06_PD_08,0.0027946573874418,HLE,liver
PD_06_PD_10,-0.5003606278669349,HLE,liver
PD_06_PD_14,-0.0127096456048813,HLE,liver
PD_07_PD_08,-0.006187040998002,HLE,liver
PD_07_PD_10,-6.010786313126458e-10,HLE,liver
PD_08_PD_10,-0.2969752047454816,HLE,liver
PD_08_PD_12,-8.756618552219209e-05,HLE,liver
PD_08_PD_14,-0.0127972117904034,HLE,liver
PD_08_PD_15,-0.0003643379958457,HLE,liver
PD_10_PD_12,-4.9631524112747634e-08,HLE,liver
PD_10_PD_13,1.6462387009141818e-11,HLE,liver
PD_10_PD_15,-1.2853162978387898e-11,HLE,liver
PD_01_PD_02,-0.0073471789260849,HUH1,liver
PD_01_PD_03,-0.0145438975132888,HUH1,liver
PD_01_PD_08,-0.0454334602829393,HUH1,liver
PD_01_PD_10,-0.0152005300521916,HUH1,liver
PD_03_PD_05,-5.552155069032949e-09,HUH1,liver
PD_03_PD_06,-0.0205400331664492,HUH1,liver
PD_03_PD_07,-1.3283318889278914e-10,HUH1,liver
PD_03_PD_08,-0.020543875706945,HUH1,liver
PD_03_PD_09,-4.091136440731447e-08,HUH1,liver
PD_03_PD_10,-3.756724039627457e-07,HUH1,liver
PD_03_PD_11,-3.756977052793431e-07,HUH1,liver
PD_03_PD_12,-3.6970426720017713e-13,HUH1,liver
PD_03_PD_15,-6.9046990347487736e-12,HUH1,liver
PD_06_PD_08,0.0035401526382862,HUH1,liver
PD_06_PD_10,-0.4949105390457723,HUH1,liver
PD_06_PD_14,-0.011991911811967,HUH1,liver
PD_07_PD_08,-0.006833225746063,HUH1,liver
PD_07_PD_10,-5.712493811316222e-10,HUH1,liver
PD_08_PD_10,-0.3579994932880459,HUH1,liver
PD_08_PD_12,-5.311820639453124e-06,HUH1,liver
PD_08_PD_14,-0.0119972236326064,HUH1,liver
PD_08_PD_15,-0.0004244652238361,HUH1,liver
PD_10_PD_12,-9.682390444964992e-10,HUH1,liver
PD_10_PD_13,2.5308422024750143e-11,HUH1,liver
PD_10_PD_15,-2.2545187938760588e-11,HUH1,liver
PD_01_PD_08,-0.0221012451766194,HUH7,liver
PD_01_PD_10,-0.0020973205376778,HUH7,liver
PD_06_PD_08,9.802506084621855e-08,HUH7,liver
PD_06_PD_10,-0.478958747502187,HUH7,liver
PD_06_PD_14,-0.0186088429889622,HUH7,liver
PD_07_PD_08,-5.4820054811166585e-06,HUH7,liver
PD_07_PD_10,-1.9296086950504327e-10,HUH7,liver
PD_08_PD_10,-0.0022595382271878,HUH7,liver
PD_08_PD_12,-0.0015894167297969,HUH7,liver
PD_08_PD_14,-0.020198259704484,HUH7,liver
PD_08_PD_15,-1.1969140728540497e-06,HUH7,liver
PD_10_PD_12,4.383382545825043e-12,HUH7,liver
PD_10_PD_13,4.381717211288105e-12,HUH7,liver
PD_10_PD_15,-1.3016476785310259e-11,HUH7,liver
PD_01_PD_02,-0.0002168570298419,JHH1,liver
PD_01_PD_03,-0.0018909882719645,JHH1,liver
PD_01_PD_08,-0.0324780011790234,JHH1,liver
PD_01_PD_10,-0.0048362642946161,JHH1,liver
PD_03_PD_05,-6.428734211638698e-09,JHH1,liver
PD_03_PD_06,-0.0231740683517254,JHH1,liver
PD_03_PD_07,-1.936153126713691e-09,JHH1,liver
PD_03_PD_08,-0.0232965299591858,JHH1,liver
PD_03_PD_09,-3.553088336882837e-07,JHH1,liver
PD_03_PD_10,-3.110769420944237e-07,JHH1,liver
PD_03_PD_11,-3.11124097818194e-07,JHH1,liver
PD_03_PD_12,-2.3003821070233244e-13,JHH1,liver
PD_03_PD_15,-8.120171202108395e-12,JHH1,liver
PD_06_PD_08,0.0032966894735196,JHH1,liver
PD_06_PD_10,-0.5085691615900784,JHH1,liver
PD_06_PD_14,-0.0137026646318916,JHH1,liver
PD_07_PD_08,-0.0066378697350181,JHH1,liver
PD_07_PD_10,-1.5671328679189855e-09,JHH1,liver
PD_08_PD_10,-0.2963247297686222,JHH1,liver
PD_08_PD_12,-0.0001237476126986,JHH1,liver
PD_08_PD_14,-0.0138264122445902,JHH1,liver
PD_08_PD_15,-0.0004057243169571,JHH1,liver
PD_10_PD_12,-1.0230748315187554e-07,JHH1,liver
PD_10_PD_13,4.715983159542248e-11,JHH1,liver
PD_10_PD_15,-3.5339287052238426e-11,JHH1,liver
PD_01_PD_02,-0.0021653945705376,JHH2,liver
PD_01_PD_03,-0.0049572096522257,JHH2,liver
PD_01_PD_08,-0.0413190683374694,JHH2,liver
PD_01_PD_10,-0.0059371092502945,JHH2,liver
PD_03_PD_05,-1.33166785498684e-06,JHH2,liver
PD_03_PD_06,-0.0304566461580471,JHH2,liver
PD_03_PD_07,-2.430879150194798e-07,JHH2,liver
PD_03_PD_08,-0.0221556120300242,JHH2,liver
PD_03_PD_09,-1.3316602592849949e-06,JHH2,liver
PD_03_PD_10,-1.3993472711804069e-05,JHH2,liver
PD_03_PD_11,-1.4008841596413468e-05,JHH2,liver
PD_03_PD_12,-2.2981616609740744e-14,JHH2,liver
PD_03_PD_15,-1.5221463423031878e-08,JHH2,liver
PD_06_PD_08,0.0024727948256706,JHH2,liver
PD_06_PD_10,-0.5052648149324499,JHH2,liver
PD_06_PD_14,-0.0166551958366076,JHH2,liver
PD_07_PD_08,-0.0036147823535461,JHH2,liver
PD_07_PD_10,-2.1765790836347779e-07,JHH2,liver
PD_08_PD_10,-0.2675880658726621,JHH2,liver
PD_08_PD_12,-0.0384161952004484,JHH2,liver
PD_08_PD_14,-0.0550713906773121,JHH2,liver
PD_08_PD_15,-0.0003447873771458,JHH2,liver
PD_10_PD_12,-2.525757381022231e-13,JHH2,liver
PD_10_PD_13,1.540178651282531e-08,JHH2,liver
PD_10_PD_15,-9.035449388683505e-09,JHH2,liver
PD_01_PD_02,-0.0042197626085886,JHH4,liver
PD_01_PD_03,-0.0086878862227768,JHH4,liver
PD_01_PD_08,-0.0374601940025105,JHH4,liver
PD_01_PD_10,-0.0098364108917604,JHH4,liver
PD_03_PD_05,-6.768175242477524e-09,JHH4,liver
PD_03_PD_06,-0.022957521377409,JHH4,liver
PD_03_PD_07,-1.9366147574473302e-09,JHH4,liver
PD_03_PD_08,-0.0230799829848694,JHH4,liver
PD_03_PD_09,-3.55580345390294e-07,JHH4,liver
PD_03_PD_10,-2.250390258584645e-07,JHH4,liver
PD_03_PD_11,-2.250850903440238e-07,JHH4,liver
PD_03_PD_12,-2.3003821070233244e-13,JHH4,liver
PD_03_PD_15,-8.475775636895833e-12,JHH4,liver
PD_06_PD_08,0.003296686295042,JHH4,liver
PD_06_PD_10,-0.5080823613010655,JHH4,liver
PD_06_PD_14,-0.0136966256856706,JHH4,liver
PD_07_PD_08,-0.0066378265274648,JHH4,liver
PD_07_PD_10,-1.5203118763906787e-09,JHH4,liver
PD_08_PD_10,-0.2989615155606342,JHH4,liver
PD_08_PD_12,-0.0001237476126986,JHH4,liver
PD_08_PD_14,-0.0138203732983692,JHH4,liver
PD_08_PD_15,-0.0004057215935638,JHH4,liver
PD_10_PD_12,-1.010296346581896e-07,JHH4,liver
PD_10_PD_13,4.606870440682087e-11,JHH4,liver
PD_10_PD_15,-3.3994140835602587e-11,JHH4,liver
PD_01_PD_08,-0.0197052343646184,JHH6,liver
PD_01_PD_10,-0.0013449472743498,JHH6,liver
PD_06_PD_08,3.929486069864652e-08,JHH6,liver
PD_06_PD_10,-0.5404352326339128,JHH6,liver
PD_06_PD_14,-0.0193009487965154,JHH6,liver
PD_07_PD_08,-1.8321851827929336e-06,JHH6,liver
PD_07_PD_10,-1.3012146915514222e-11,JHH6,liver
PD_08_PD_10,-0.001689793135726,JHH6,liver
PD_08_PD_12,-0.0023448515577489,JHH6,liver
PD_08_PD_14,-0.0216458003516044,JHH6,liver
PD_08_PD_15,-1.2923150305432785e-07,JHH6,liver
PD_10_PD_12,1.9562129693895258e-13,JHH6,liver
PD_10_PD_13,1.9539925233402758e-13,JHH6,liver
PD_10_PD_15,-2.383648833870211e-13,JHH6,liver
PD_01_PD_02,-0.2348750602855404,JHH7,liver
PD_01_PD_03,-0.2593161919618837,JHH7,liver
PD_01_PD_08,-0.1399387683266345,JHH7,liver
PD_01_PD_10,-0.0653049489482171,JHH7,liver
PD_03_PD_05,-0.0184062787397872,JHH7,liver
PD_03_PD_06,-0.0883246163546664,JHH7,liver
PD_03_PD_07,-0.0044525999007132,JHH7,liver
PD_03_PD_08,-0.3994620137947338,JHH7,liver
PD_03_PD_09,-0.0335791053075827,JHH7,liver
PD_03_PD_10,-0.0002599472980452,JHH7,liver
PD_03_PD_11,-0.001479670016203,JHH7,liver
PD_03_PD_12,8.260143963556565e-05,JHH7,liver
PD_03_PD_15,-0.0008213353348679,JHH7,liver
PD_06_PD_08,0.0305284400960909,JHH7,liver
PD_06_PD_10,-0.1570398545716433,JHH7,liver
PD_06_PD_14,-0.0549382658651763,JHH7,liver
PD_07_PD_08,-0.0181482865662343,JHH7,liver
PD_07_PD_10,-0.0013540834713233,JHH7,liver
PD_08_PD_10,-0.1230789205220697,JHH7,liver
PD_08_PD_12,-0.3128562604680559,JHH7,liver
PD_08_PD_14,-0.3666343244706949,JHH7,liver
PD_08_PD_15,-0.0045235077184228,JHH7,liver
PD_10_PD_12,-0.0024346212497127,JHH7,liver
PD_10_PD_13,0.0013040438056732,JHH7,liver
PD_10_PD_15,-0.0001472520222942,JHH7,liver
PD_01_PD_02,-0.0086866768606325,SKHEP1,liver
PD_01_PD_03,-0.0160474019863398,SKHEP1,liver
PD_01_PD_08,-0.055882991535514,SKHEP1,liver
PD_01_PD_10,-0.0097218491107713,SKHEP1,liver
PD_03_PD_05,-6.027958576737546e-09,SKHEP1,liver
PD_03_PD_06,-0.1387253066447007,SKHEP1,liver
PD_03_PD_07,-8.887368618815117e-11,SKHEP1,liver
PD_03_PD_08,-0.1387253066447007,SKHEP1,liver
PD_03_PD_09,-6.027956800380707e-09,SKHEP1,liver
PD_03_PD_10,-4.060012294138105e-07,SKHEP1,liver
PD_03_PD_11,-4.0613755314389277e-07,SKHEP1,liver
PD_03_PD_12,0.0,SKHEP1,liver
PD_03_PD_15,-5.675349079581338e-12,SKHEP1,liver
PD_06_PD_08,0.0538147882295853,SKHEP1,liver
PD_06_PD_10,-0.5218897792194854,SKHEP1,liver
PD_06_PD_14,-0.0910957849847056,SKHEP1,liver
PD_07_PD_08,-0.1210271602549195,SKHEP1,liver
PD_07_PD_10,-2.5364490507939763e-09,SKHEP1,liver
PD_08_PD_10,-0.4300868834099712,SKHEP1,liver
PD_08_PD_12,0.0,SKHEP1,liver
PD_08_PD_14,-0.0910957849847056,SKHEP1,liver
PD_08_PD_15,-0.0044132416205723,SKHEP1,liver
PD_10_PD_12,-2.2732666193903128e-08,SKHEP1,liver
PD_10_PD_13,1.363235080376057e-10,SKHEP1,liver
PD_10_PD_15,-7.529543655238058e-11,SKHEP1,liver
PD_01_PD_02,-0.0057848004657595,SNU182,liver
PD_01_PD_03,-0.011054396349348,SNU182,liver
PD_01_PD_08,-0.1675956817506644,SNU182,liver
PD_01_PD_10,-0.011883848120045,SNU182,liver
PD_03_PD_05,-3.1296354174870096e-08,SNU182,liver
PD_03_PD_06,-0.1416891621450087,SNU182,liver
PD_03_PD_07,-3.823837468885927e-09,SNU182,liver
PD_03_PD_08,-0.159133049041961,SNU182,liver
PD_03_PD_09,-4.4322119752138185e-08,SNU182,liver
PD_03_PD_10,-7.474431663601067e-07,SNU182,liver
PD_03_PD_11,-7.477537871114492e-07,SNU182,liver
PD_03_PD_12,0.0,SNU182,liver
PD_03_PD_15,-4.9647619349002525e-11,SNU182,liver
PD_06_PD_08,0.0507070545804132,SNU182,liver
PD_06_PD_10,-0.4871098483480751,SNU182,liver
PD_06_PD_14,-0.1005497053763601,SNU182,liver
PD_07_PD_08,-0.0497602412827716,SNU182,liver
PD_07_PD_10,-5.098480748699785e-09,SNU182,liver
PD_08_PD_10,-0.3517810154503146,SNU182,liver
PD_08_PD_12,-0.0174438868980185,SNU182,liver
PD_08_PD_14,-0.1179935922743423,SNU182,liver
PD_08_PD_15,-0.0040775928728249,SNU182,liver
PD_10_PD_12,-3.6017171467506166e-08,SNU182,liver
PD_10_PD_13,3.1062330485553957e-10,SNU182,liver
PD_10_PD_15,-1.6339085640026951e-10,SNU182,liver
PD_01_PD_02,-0.0002201507571135,SNU387,liver
PD_01_PD_03,-0.000867319321625,SNU387,liver
PD_01_PD_08,-0.0132162468196767,SNU387,liver
PD_01_PD_10,-0.0011707636709782,SNU387,liver
PD_03_PD_05,-3.3747302952136244e-08,SNU387,liver
PD_03_PD_06,-0.0012343546920215,SNU387,liver
PD_03_PD_07,-3.611615340126661e-09,SNU387,liver
PD_03_PD_08,-0.0013154590738689,SNU387,liver
PD_03_PD_09,-5.209743068945727e-06,SNU387,liver
PD_03_PD_10,-4.620490670070865e-07,SNU387,liver
PD_03_PD_11,-4.620632562124527e-07,SNU387,liver
PD_03_PD_12,-2.220446049250313e-16,SNU387,liver
PD_03_PD_15,-6.798772655969286e-11,SNU387,liver
PD_06_PD_08,5.944834491344864e-08,SNU387,liver
PD_06_PD_10,-0.5116160680441351,SNU387,liver
PD_06_PD_14,-0.0039957249811315,SNU387,liver
PD_07_PD_08,-1.1553692378374336e-06,SNU387,liver
PD_07_PD_10,-6.704187205386346e-10,SNU387,liver
PD_08_PD_10,-0.0675935697951697,SNU387,liver
PD_08_PD_12,-0.0001336535055094,SNU387,liver
PD_08_PD_14,-0.0041293784866286,SNU387,liver
PD_08_PD_15,-5.362108468354165e-08,SNU387,liver
PD_10_PD_12,-2.4586604430165693e-07,SNU387,liver
PD_10_PD_13,1.4190648656153826e-11,SNU387,liver
PD_10_PD_15,-1.4712675522332574e-11,SNU387,liver
PD_01_PD_02,-0.0037553741762735,SNU398,liver
PD_01_PD_03,-0.0073439875280501,SNU398,liver
PD_01_PD_08,-0.1573298471671449,SNU398,liver
PD_01_PD_10,-0.0099308760170555,SNU398,liver
PD_03_PD_05,-3.5324780212064866e-08,SNU398,liver
PD_03_PD_06,-0.0984180469157989,SNU398,liver
PD_03_PD_07,-4.306920264873781e-09,SNU398,liver
PD_03_PD_08,-0.1473570024525947,SNU398,liver
PD_03_PD_09,-4.6575776790902523e-08,SNU398,liver
PD_03_PD_10,-7.056708400954292e-07,SNU398,liver
PD_03_PD_11,-7.059801019337897e-07,SNU398,liver
PD_03_PD_12,0.0,SNU398,liver
PD_03_PD_15,-5.594380514395425e-11,SNU398,liver
PD_06_PD_08,0.0396178974478245,SNU398,liver
PD_06_PD_10,-0.4714509701604416,SNU398,liver
PD_06_PD_14,-0.0915984704582087,SNU398,liver
PD_07_PD_08,-0.0281002164366795,SNU398,liver
PD_07_PD_10,-5.093783284060294e-09,SNU398,liver
PD_08_PD_10,-0.2491028808626822,SNU398,liver
PD_08_PD_12,-0.0489389555401631,SNU398,liver
PD_08_PD_14,-0.1405374259982421,SNU398,liver
PD_08_PD_15,-0.0032658387503843,SNU398,liver
PD_10_PD_12,-3.5966799427633596e-08,SNU398,liver
PD_10_PD_13,3.0926661231944763e-10,SNU398,liver
PD_10_PD_15,-1.6241685774076586e-10,SNU398,liver
PD_01_PD_02,-0.0004786650532863,SNU423,liver
PD_01_PD_03,-0.0015187666080725,SNU423,liver
PD_01_PD_08,-0.0121276510834367,SNU423,liver
PD_01_PD_10,-0.0012517715860014,SNU423,liver
PD_03_PD_05,-3.4484384792143885e-08,SNU423,liver
PD_03_PD_06,-0.0010994564030464,SNU423,liver
PD_03_PD_07,-3.806028270325612e-09,SNU423,liver
PD_03_PD_08,-0.0011850451913503,SNU423,liver
PD_03_PD_09,-5.913305608284958e-06,SNU423,liver
PD_03_PD_10,-5.433710890123677e-07,SNU423,liver
PD_03_PD_11,-5.433900825968507e-07,SNU423,liver
PD_03_PD_12,-1.1102230246251563e-16,SNU423,liver
PD_03_PD_15,-7.40129069143336e-11,SNU423,liver
PD_06_PD_08,7.077140773414925e-08,SNU423,liver
PD_06_PD_10,-0.5282607045537444,SNU423,liver
PD_06_PD_14,-0.0035239660988753,SNU423,liver
PD_07_PD_08,-1.3288444830061863e-06,SNU423,liver
PD_07_PD_10,-8.541554130658823e-10,SNU423,liver
PD_08_PD_10,-0.0790080415726069,SNU423,liver
PD_08_PD_12,-0.0001341208304682,SNU423,liver
PD_08_PD_14,-0.0036580869293275,SNU423,liver
PD_08_PD_15,-6.186960743725933e-08,SNU423,liver
PD_10_PD_12,-2.888465636674553e-07,SNU423,liver
PD_10_PD_13,1.8995693906731503e-11,SNU423,liver
PD_10_PD_15,-1.9352852653753416e-11,SNU423,liver
PD_01_PD_08,-0.0498512922094895,SNU449,liver
PD_01_PD_10,-0.0022227022422433,SNU449,liver
PD_06_PD_08,1.4080706872698912e-06,SNU449,liver
PD_06_PD_10,-0.4402823079537144,SNU449,liver
PD_06_PD_14,-0.0392970820510766,SNU449,liver
PD_07_PD_08,-3.802570922517568e-05,SNU449,liver
PD_07_PD_10,-1.2856826714369164e-11,SNU449,liver
PD_08_PD_10,-0.0046115301380522,SNU449,liver
PD_08_PD_12,-0.1063676399285015,SNU449,liver
PD_08_PD_14,-0.1456235971501329,SNU449,liver
PD_08_PD_15,-3.0968489012073164e-06,SNU449,liver
PD_10_PD_12,-7.888134589961737e-12,SNU449,liver
PD_10_PD_13,7.438494264988549e-15,SNU449,liver
PD_10_PD_15,-6.772360450213455e-15,SNU449,liver
PD_01_PD_02,-0.0070247057291886,A549,lung
PD_01_PD_03,-0.0133234829701324,A549,lung
PD_01_PD_08,-0.0866638905084956,A549,lung
PD_01_PD_10,-0.0106502439188198,A549,lung
PD_03_PD_05,-1.2596959031441202e-08,A549,lung
PD_03_PD_06,-0.0856739094680528,A549,lung
PD_03_PD_07,-2.449538349935665e-10,A549,lung
PD_03_PD_08,-0.0856739094680528,A549,lung
PD_03_PD_09,-1.2596949261478585e-08,A549,lung
PD_03_PD_10,-1.734768440564416e-06,A549,lung
PD_03_PD_11,-1.7353222651061984e-06,A549,lung
PD_03_PD_12,0.0,A549,lung
PD_03_PD_15,-1.7115975303738648e-11,A549,lung
PD_06_PD_08,0.020639580754726,A549,lung
PD_06_PD_10,-0.5138427262999866,A549,lung
PD_06_PD_14,-0.0459410378820749,A549,lung
PD_07_PD_08,-0.0410674564379172,A549,lung
PD_07_PD_10,-7.268842305840906e-09,A549,lung
PD_08_PD_10,-0.4687165502134498,A549,lung
PD_08_PD_12,0.0,A549,lung
PD_08_PD_14,-0.0459410378820749,A549,lung
PD_08_PD_15,-0.0017385906056182,A549,lung
PD_10_PD_12,-3.0896388780732316e-08,A549,lung
PD_10_PD_13,5.524591895067488e-10,A549,lung
PD_10_PD_15,-2.926328068753037e-10,A549,lung
PD_01_PD_02,-0.0623897477202753,CALU3,lung
PD_01_PD_03,-0.1169340163942224,CALU3,lung
PD_01_PD_08,-0.1420937321422167,CALU3,lung
PD_01_PD_10,-0.1296200387900719,CALU3,lung
PD_03_PD_05,-0.0069295187975316,CALU3,lung
PD_03_PD_06,-0.1356821705196937,CALU3,lung
PD_03_PD_07,-0.0026288488898975,CALU3,lung
PD_03_PD_08,-0.0945709935238535,CALU3,lung
PD_03_PD_09,-0.0068833826217087,CALU3,lung
PD_03_PD_10,-0.0196859739791812,CALU3,lung
PD_03_PD_11,-0.0211874188580214,CALU3,lung
PD_03_PD_12,-0.0011826934956866,CALU3,lung
PD_03_PD_15,-0.0003656718655065,CALU3,lung
PD_06_PD_08,0.0075073389324386,CALU3,lung
PD_06_PD_10,-0.450009692428229,CALU3,lung
PD_06_PD_14,-0.0516351861997627,CALU3,lung
PD_07_PD_08,-0.0070547086996521,CALU3,lung
PD_07_PD_10,-0.0025465693471956,CALU3,lung
PD_08_PD_10,-0.3839176212875775,CALU3,lung
PD_08_PD_12,-0.0435613308682616,CALU3,lung
PD_08_PD_14,-0.0950545120818011,CALU3,lung
PD_08_PD_15,-0.0009848155492289,CALU3,lung
PD_10_PD_12,-0.0012810674693358,CALU3,lung
PD_10_PD_13,0.0016777789387237,CALU3,lung
PD_10_PD_15,-0.0002797694875518,CALU3,lung
PD_01_PD_02,-0.0057679869382215,CALU6,lung
PD_01_PD_03,-0.0111066009653463,CALU6,lung
PD_01_PD_08,-0.0243064714988354,CALU6,lung
PD_01_PD_10,-0.0122799151983777,CALU6,lung
PD_03_PD_05,-3.996943109818574e-09,CALU6,lung
PD_03_PD_06,-0.0175154884309337,CALU6,lung
PD_03_PD_07,-8.251274108417305e-10,CALU6,lung
PD_03_PD_08,-0.0175147957346991,CALU6,lung
PD_03_PD_09,-3.996943109818574e-09,CALU6,lung
PD_03_PD_10,-2.1920376125361685e-07,CALU6,lung
PD_03_PD_11,-2.1922775950145026e-07,CALU6,lung
PD_03_PD_12,-7.227551890309769e-14,CALU6,lung
PD_03_PD_15,-4.170885858911788e-12,CALU6,lung
PD_06_PD_08,0.0029464267117995,CALU6,lung
PD_06_PD_10,-0.5245425848467651,CALU6,lung
PD_06_PD_14,-0.0110169480781967,CALU6,lung
PD_07_PD_08,-0.006330171496762,CALU6,lung
PD_07_PD_10,-8.345720781122167e-10,CALU6,lung
PD_08_PD_10,-0.4023225422132521,CALU6,lung
PD_08_PD_12,-7.327471962526033e-15,CALU6,lung
PD_08_PD_14,-0.011016948078204,CALU6,lung
PD_08_PD_15,-0.0003772250524362,CALU6,lung
PD_10_PD_12,-6.235465122017558e-08,CALU6,lung
PD_10_PD_13,2.4000912368649097e-11,CALU6,lung
PD_10_PD_15,-1.8614443320075225e-11,CALU6,lung
PD_01_PD_02,-0.0662832971315176,COLO668,lung
PD_01_PD_03,-0.0899895630256586,COLO668,lung
PD_01_PD_08,-0.1104742083006788,COLO668,lung
PD_01_PD_10,-0.1394479288021851,COLO668,lung
PD_03_PD_05,-0.0021341073026764,COLO668,lung
PD_03_PD_06,-0.1463407713043489,COLO668,lung
PD_03_PD_07,-0.0020498309074329,COLO668,lung
PD_03_PD_08,-0.0359839970039784,COLO668,lung
PD_03_PD_09,-0.0020976214428034,COLO668,lung
PD_03_PD_10,-0.0157727367842663,COLO668,lung
PD_03_PD_11,-0.0209776908956168,COLO668,lung
PD_03_PD_12,-0.0052922271784111,COLO668,lung
PD_03_PD_15,-0.0001457374789506,COLO668,lung
PD_06_PD_08,0.00114434059483,COLO668,lung
PD_06_PD_10,-0.4427822480869404,COLO668,lung
PD_06_PD_14,-0.0722115293425463,COLO668,lung
PD_07_PD_08,-0.0032381932272417,COLO668,lung
PD_07_PD_10,-0.0091619758364501,COLO668,lung
PD_08_PD_10,-0.2613163755745793,COLO668,lung
PD_08_PD_12,-0.05475462395205,COLO668,lung
PD_08_PD_14,-0.1268190147624527,COLO668,lung
PD_08_PD_15,-0.000302441558084,COLO668,lung
PD_10_PD_12,-0.0044437427473552,COLO668,lung
PD_10_PD_13,0.0052989336742043,COLO668,lung
PD_10_PD_15,-0.0007115562854997,COLO668,lung
PD_01_PD_02,-0.0001489343680517,CORL105,lung
PD_01_PD_03,-0.0017379677286777,CORL105,lung
PD_01_PD_08,-0.0318649910456713,CORL105,lung
PD_01_PD_10,-0.0048770553278419,CORL105,lung
PD_03_PD_05,-6.333369162447866e-09,CORL105,lung
PD_03_PD_06,-0.0229577954436777,CORL105,lung
PD_03_PD_07,-1.935811733133619e-09,CORL105,lung
PD_03_PD_08,-0.0230802570511383,CORL105,lung
PD_03_PD_09,-3.552325453792804e-07,CORL105,lung
PD_03_PD_10,-2.203803092237777e-07,CORL105,lung
PD_03_PD_11,-2.204261418947695e-07,CORL105,lung
PD_03_PD_12,-2.3003821070233244e-13,CORL105,lung
PD_03_PD_15,-8.088640868209039e-12,CORL105,lung
PD_06_PD_08,0.0032966862952298,CORL105,lung
PD_06_PD_10,-0.5147975979047198,CORL105,lung
PD_06_PD_14,-0.013696633006499,CORL105,lung
PD_07_PD_08,-0.0066378265388197,CORL105,lung
PD_07_PD_10,-1.5196656155680444e-09,CORL105,lung
PD_08_PD_10,-0.3000350055282946,CORL105,lung
PD_08_PD_12,-0.0001237476126988,CORL105,lung
PD_08_PD_14,-0.0138203806191978,CORL105,lung
PD_08_PD_15,-0.0004057215938274,CORL105,lung
PD_10_PD_12,-1.0230748315187554e-07,CORL105,lung
PD_10_PD_13,4.583677881697668e-11,CORL105,lung
PD_10_PD_15,-3.382194524448323e-11,CORL105,lung
PD_01_PD_02,-0.0052945988315455,CORL23,lung
PD_01_PD_03,-0.0105623004172347,CORL23,lung
PD_01_PD_08,-0.0378815729547853,CORL23,lung
PD_01_PD_10,-0.0121315306387445,CORL23,lung
PD_03_PD_05,-3.302299322882618e-09,CORL23,lung
PD_03_PD_06,-0.0193847471697223,CORL23,lung
PD_03_PD_07,-6.807955310605961e-10,CORL23,lung
PD_03_PD_08,-0.0193866675700793,CORL23,lung
PD_03_PD_09,-1.4918011270736997e-08,CORL23,lung
PD_03_PD_10,-1.3010797494938944e-07,CORL23,lung
PD_03_PD_11,-1.3012443578208632e-07,CORL23,lung
PD_03_PD_12,-5.206945985491984e-14,CORL23,lung
PD_03_PD_15,-3.1864511029766618e-12,CORL23,lung
PD_06_PD_08,0.0027948956394823,CORL23,lung
PD_06_PD_10,-0.5088684335681448,CORL23,lung
PD_06_PD_14,-0.0110509979556659,CORL23,lung
PD_07_PD_08,-0.0061870409330124,CORL23,lung
PD_07_PD_10,-6.010767439335041e-10,CORL23,lung
PD_08_PD_10,-0.3507788865429975,CORL23,lung
PD_08_PD_12,-2.5599238068219066e-06,CORL23,lung
PD_08_PD_14,-0.0110535578794728,CORL23,lung
PD_08_PD_15,-0.0003643379958461,CORL23,lung
PD_10_PD_12,-4.9645116684260415e-08,CORL23,lung
PD_10_PD_13,1.6462387009141818e-11,CORL23,lung
PD_10_PD_15,-1.2853385022992823e-11,CORL23,lung
PD_01_PD_08,-0.1925721250401386,CORL279,lung
PD_01_PD_10,-0.0635618802282647,CORL279,lung
PD_06_PD_08,0.0065545107254456,CORL279,lung
PD_06_PD_10,-0.1097828170376217,CORL279,lung
PD_06_PD_14,-0.0390314577410423,CORL279,lung
PD_07_PD_08,-0.0115883444456851,CORL279,lung
PD_07_PD_10,-0.0004139669807822,CORL279,lung
PD_08_PD_10,-0.1127004648571126,CORL279,lung
PD_08_PD_12,-0.4011868212956985,CORL279,lung
PD_08_PD_14,-0.4390554983120183,CORL279,lung
PD_08_PD_15,-0.0043246485806286,CORL279,lung
PD_10_PD_12,-0.0014719319766766,CORL279,lung
PD_10_PD_13,0.0001692782287977,CORL279,lung
PD_10_PD_15,-3.749710886891133e-05,CORL279,lung
PD_01_PD_02,-0.0042197626085886,CORL311,lung
PD_01_PD_03,-0.0086878862227768,CORL311,lung
PD_01_PD_08,-0.0374601940025105,CORL311,lung
PD_01_PD_10,-0.0098364108917604,CORL311,lung
PD_03_PD_05,-6.768175242477524e-09,CORL311,lung
PD_03_PD_06,-0.022957521377409,CORL311,lung
PD_03_PD_07,-1.9366147574473302e-09,CORL311,lung
PD_03_PD_08,-0.0230799829848694,CORL311,lung
PD_03_PD_09,-3.55580345390294e-07,CORL311,lung
PD_03_PD_10,-2.250390258584645e-07,CORL311,lung
PD_03_PD_11,-2.250850903440238e-07,CORL311,lung
PD_03_PD_12,-2.3003821070233244e-13,CORL311,lung
PD_03_PD_15,-8.475775636895833e-12,CORL311,lung
PD_06_PD_08,0.003296686295042,CORL311,lung
PD_06_PD_10,-0.5080823613010655,CORL311,lung
PD_06_PD_14,-0.0136966256856706,CORL311,lung
PD_07_PD_08,-0.0066378265274648,CORL311,lung
PD_07_PD_10,-1.5203118763906787e-09,CORL311,lung
PD_08_PD_10,-0.2989615155606342,CORL311,lung
PD_08_PD_12,-0.0001237476126986,CORL311,lung
PD_08_PD_14,-0.0138203732983692,CORL311,lung
PD_08_PD_15,-0.0004057215935638,CORL311,lung
PD_10_PD_12,-1.010296346581896e-07,CORL311,lung
PD_10_PD_13,4.606870440682087e-11,CORL311,lung
PD_10_PD_15,-3.3994140835602587e-11,CORL311,lung
PD_01_PD_02,-0.0028088950210279,CORL32,lung
PD_01_PD_03,-0.0051995232821188,CORL32,lung
PD_01_PD_08,-0.1097011284267908,CORL32,lung
PD_01_PD_10,-0.0039669331400579,CORL32,lung
PD_03_PD_05,-3.781261637136879e-09,CORL32,lung
PD_03_PD_06,-0.1340996553899358,CORL32,lung
PD_03_PD_07,-4.912115159072528e-11,CORL32,lung
PD_03_PD_08,-0.1812606010142039,CORL32,lung
PD_03_PD_09,-2.873492168320446e-06,CORL32,lung
PD_03_PD_10,-2.1479326095530385e-07,CORL32,lung
PD_03_PD_11,-2.1485359447126487e-07,CORL32,lung
PD_03_PD_12,0.0,CORL32,lung
PD_03_PD_15,-3.2746028111318992e-12,CORL32,lung
PD_06_PD_08,0.0468205175738788,CORL32,lung
PD_06_PD_10,-0.449306985500624,CORL32,lung
PD_06_PD_14,-0.0927751484336532,CORL32,lung
PD_07_PD_08,-0.0522177246116561,CORL32,lung
PD_07_PD_10,-1.2443935881734092e-09,CORL32,lung
PD_08_PD_10,-0.2929127522961009,CORL32,lung
PD_08_PD_12,-0.0471724260411097,CORL32,lung
PD_08_PD_14,-0.1399360940420385,CORL32,lung
PD_08_PD_15,-0.0031511944282314,CORL32,lung
PD_10_PD_12,-3.81261688886525e-12,CORL32,lung
PD_10_PD_13,6.033373800562458e-11,CORL32,lung
PD_10_PD_15,-3.2363889346243013e-11,CORL32,lung
PD_01_PD_08,-0.0184062368999827,CORL88,lung
PD_01_PD_10,-0.0010289410837523,CORL88,lung
PD_06_PD_08,2.8272377883276082e-08,CORL88,lung
PD_06_PD_10,-0.5172269990775398,CORL88,lung
PD_06_PD_14,-0.0158872320798261,CORL88,lung
PD_07_PD_08,-2.2383143853943466e-06,CORL88,lung
PD_07_PD_10,-9.132028466751764e-12,CORL88,lung
PD_08_PD_10,-0.0019842256256817,CORL88,lung
PD_08_PD_12,-0.0011965707130989,CORL88,lung
PD_08_PD_14,-0.0170838027921064,CORL88,lung
PD_08_PD_15,-9.982626947291352e-08,CORL88,lung
PD_10_PD_12,1.1868284133242926e-13,CORL88,lung
PD_10_PD_13,1.1868284133242926e-13,CORL88,lung
PD_10_PD_15,-1.4888090760223352e-13,CORL88,lung
PD_01_PD_08,-0.0184062368999827,CORL95,lung
PD_01_PD_10,-0.0010289410837523,CORL95,lung
PD_06_PD_08,2.8272377883276082e-08,CORL95,lung
PD_06_PD_10,-0.5172269990775398,CORL95,lung
PD_06_PD_14,-0.0158872320798261,CORL95,lung
PD_07_PD_08,-2.2383143853943466e-06,CORL95,lung
PD_07_PD_10,-9.132028466751764e-12,CORL95,lung
PD_08_PD_10,-0.0019842256256817,CORL95,lung
PD_08_PD_12,-0.0011965707130989,CORL95,lung
PD_08_PD_14,-0.0170838027921064,CORL95,lung
PD_08_PD_15,-9.982626947291352e-08,CORL95,lung
PD_10_PD_12,1.1868284133242926e-13,CORL95,lung
PD_10_PD_13,1.1868284133242926e-13,CORL95,lung
PD_10_PD_15,-1.4888090760223352e-13,CORL95,lung
PD_01_PD_02,-0.0042197626085886,CPCN,lung
PD_01_PD_03,-0.0086878862227768,CPCN,lung
PD_01_PD_08,-0.0374601940025105,CPCN,lung
PD_01_PD_10,-0.0098364108917604,CPCN,lung
PD_03_PD_05,-6.768175242477524e-09,CPCN,lung
PD_03_PD_06,-0.022957521377409,CPCN,lung
PD_03_PD_07,-1.9366147574473302e-09,CPCN,lung
PD_03_PD_08,-0.0230799829848694,CPCN,lung
PD_03_PD_09,-3.55580345390294e-07,CPCN,lung
PD_03_PD_10,-2.250390258584645e-07,CPCN,lung
PD_03_PD_11,-2.250850903440238e-07,CPCN,lung
PD_03_PD_12,-2.3003821070233244e-13,CPCN,lung
PD_03_PD_15,-8.475775636895833e-12,CPCN,lung
PD_06_PD_08,0.003296686295042,CPCN,lung
PD_06_PD_10,-0.5080823613010655,CPCN,lung
PD_06_PD_14,-0.0136966256856706,CPCN,lung
PD_07_PD_08,-0.0066378265274648,CPCN,lung
PD_07_PD_10,-1.5203118763906787e-09,CPCN,lung
PD_08_PD_10,-0.2989615155606342,CPCN,lung
PD_08_PD_12,-0.0001237476126986,CPCN,lung
PD_08_PD_14,-0.0138203732983692,CPCN,lung
PD_08_PD_15,-0.0004057215935638,CPCN,lung
PD_10_PD_12,-1.010296346581896e-07,CPCN,lung
PD_10_PD_13,4.606870440682087e-11,CPCN,lung
PD_10_PD_15,-3.3994140835602587e-11,CPCN,lung
PD_01_PD_02,-0.0005376852860041,DMS114,lung
PD_01_PD_03,-0.0017061543882568,DMS114,lung
PD_01_PD_08,-0.0137236530830447,DMS114,lung
PD_01_PD_10,-0.0011777627068916,DMS114,lung
PD_03_PD_05,-3.375106316649834e-08,DMS114,lung
PD_03_PD_06,-0.0011899624451741,DMS114,lung
PD_03_PD_07,-3.611608789810816e-09,DMS114,lung
PD_03_PD_08,-0.0013236159337361,DMS114,lung
PD_03_PD_09,-5.209744948886375e-06,DMS114,lung
PD_03_PD_10,-4.620481034445234e-07,DMS114,lung
PD_03_PD_11,-4.6206229264988963e-07,DMS114,lung
PD_03_PD_12,0.0,DMS114,lung
PD_03_PD_15,-6.798828167120519e-11,DMS114,lung
PD_06_PD_08,5.9449008493750455e-08,DMS114,lung
PD_06_PD_10,-0.5272551101615156,DMS114,lung
PD_06_PD_14,-0.0039954906458179,DMS114,lung
PD_07_PD_08,-1.1553900989280663e-06,DMS114,lung
PD_07_PD_10,-6.704133914681164e-10,DMS114,lung
PD_08_PD_10,-0.0784149934500267,DMS114,lung
PD_08_PD_12,-0.0001336534885678,DMS114,lung
PD_08_PD_14,-0.0041291441343734,DMS114,lung
PD_08_PD_15,-5.3622071893855157e-08,DMS114,lung
PD_10_PD_12,-2.458669237093148e-07,DMS114,lung
PD_10_PD_13,1.4190648656153826e-11,DMS114,lung
PD_10_PD_15,-1.4712675522332574e-11,DMS114,lung
PD_01_PD_08,-0.0498512922094895,DMS273,lung
PD_01_PD_10,-0.0022227022422433,DMS273,lung
PD_06_PD_08,1.4080706872698912e-06,DMS273,lung
PD_06_PD_10,-0.4402823079537144,DMS273,lung
PD_06_PD_14,-0.0392970820510766,DMS273,lung
PD_07_PD_08,-3.802570922517568e-05,DMS273,lung
PD_07_PD_10,-1.2856826714369164e-11,DMS273,lung
PD_08_PD_10,-0.0046115301380522,DMS273,lung
PD_08_PD_12,-0.1063676399285015,DMS273,lung
PD_08_PD_14,-0.1456235971501329,DMS273,lung
PD_08_PD_15,-3.0968489012073164e-06,DMS273,lung
PD_10_PD_12,-7.888134589961737e-12,DMS273,lung
PD_10_PD_13,7.438494264988549e-15,DMS273,lung
PD_10_PD_15,-6.772360450213455e-15,DMS273,lung
PD_01_PD_02,-0.0662832971315176,DMS53,lung
PD_01_PD_03,-0.0899895630256586,DMS53,lung
PD_01_PD_08,-0.1104742083006788,DMS53,lung
PD_01_PD_10,-0.1394479288021851,DMS53,lung
PD_03_PD_05,-0.0021341073026764,DMS53,lung
PD_03_PD_06,-0.1463407713043489,DMS53,lung
PD_03_PD_07,-0.0020498309074329,DMS53,lung
PD_03_PD_08,-0.0359839970039784,DMS53,lung
PD_03_PD_09,-0.0020976214428034,DMS53,lung
PD_03_PD_10,-0.0157727367842663,DMS53,lung
PD_03_PD_11,-0.0209776908956168,DMS53,lung
PD_03_PD_12,-0.0052922271784111,DMS53,lung
PD_03_PD_15,-0.0001457374789506,DMS53,lung
PD_06_PD_08,0.00114434059483,DMS53,lung
PD_06_PD_10,-0.4427822480869404,DMS53,lung
PD_06_PD_14,-0.0722115293425463,DMS53,lung
PD_07_PD_08,-0.0032381932272417,DMS53,lung
PD_07_PD_10,-0.0091619758364501,DMS53,lung
PD_08_PD_10,-0.2613163755745793,DMS53,lung
PD_08_PD_12,-0.05475462395205,DMS53,lung
PD_08_PD_14,-0.1268190147624527,DMS53,lung
PD_08_PD_15,-0.000302441558084,DMS53,lung
PD_10_PD_12,-0.0044437427473552,DMS53,lung
PD_10_PD_13,0.0052989336742043,DMS53,lung
PD_10_PD_15,-0.0007115562854997,DMS53,lung
PD_01_PD_02,-0.0662832971315176,EBC1,lung
PD_01_PD_03,-0.0899895630256586,EBC1,lung
PD_01_PD_08,-0.1104742083006788,EBC1,lung
PD_01_PD_10,-0.1394479288021851,EBC1,lung
PD_03_PD_05,-0.0021341073026764,EBC1,lung
PD_03_PD_06,-0.1463407713043489,EBC1,lung
PD_03_PD_07,-0.0020498309074329,EBC1,lung
PD_03_PD_08,-0.0359839970039784,EBC1,lung
PD_03_PD_09,-0.0020976214428034,EBC1,lung
PD_03_PD_10,-0.0157727367842663,EBC1,lung
PD_03_PD_11,-0.0209776908956168,EBC1,lung
PD_03_PD_12,-0.0052922271784111,EBC1,lung
PD_03_PD_15,-0.0001457374789506,EBC1,lung
PD_06_PD_08,0.00114434059483,EBC1,lung
PD_06_PD_10,-0.4427822480869404,EBC1,lung
PD_06_PD_14,-0.0722115293425463,EBC1,lung
PD_07_PD_08,-0.0032381932272417,EBC1,lung
PD_07_PD_10,-0.0091619758364501,EBC1,lung
PD_08_PD_10,-0.2613163755745793,EBC1,lung
PD_08_PD_12,-0.05475462395205,EBC1,lung
PD_08_PD_14,-0.1268190147624527,EBC1,lung
PD_08_PD_15,-0.000302441558084,EBC1,lung
PD_10_PD_12,-0.0044437427473552,EBC1,lung
PD_10_PD_13,0.0052989336742043,EBC1,lung
PD_10_PD_15,-0.0007115562854997,EBC1,lung
PD_01_PD_02,-0.0035569544792599,EMCBAC2,lung
PD_01_PD_03,-0.0133323642339167,EMCBAC2,lung
PD_01_PD_08,-0.068657314339968,EMCBAC2,lung
PD_01_PD_10,-0.0058463425789895,EMCBAC2,lung
PD_03_PD_05,-5.226763567511838e-07,EMCBAC2,lung
PD_03_PD_06,-0.1475194707309379,EMCBAC2,lung
PD_03_PD_07,-9.530290545622933e-08,EMCBAC2,lung
PD_03_PD_08,-0.1475194707309379,EMCBAC2,lung
PD_03_PD_09,-5.226762298526921e-07,EMCBAC2,lung
PD_03_PD_10,-0.0002316501153449,EMCBAC2,lung
PD_03_PD_11,-0.0002332206666756,EMCBAC2,lung
PD_03_PD_12,0.0,EMCBAC2,lung
PD_03_PD_15,-2.5161851491262155e-09,EMCBAC2,lung
PD_06_PD_08,0.0260113515902999,EMCBAC2,lung
PD_06_PD_10,-0.536431790359067,EMCBAC2,lung
PD_06_PD_14,-0.0740346983442995,EMCBAC2,lung
PD_07_PD_08,-0.0794997859519162,EMCBAC2,lung
PD_07_PD_10,-9.54481815851338e-06,EMCBAC2,lung
PD_08_PD_10,-0.4610348632884592,EMCBAC2,lung
PD_08_PD_12,0.0,EMCBAC2,lung
PD_08_PD_14,-0.0740346983442995,EMCBAC2,lung
PD_08_PD_15,-0.0024456714305364,EMCBAC2,lung
PD_10_PD_12,-1.7858384057656274e-05,EMCBAC2,lung
PD_10_PD_13,1.5479936605888869e-06,EMCBAC2,lung
PD_10_PD_15,-3.844228425586849e-07,EMCBAC2,lung
PD_01_PD_02,-0.0005376852860041,EPLC272H,lung
PD_01_PD_03,-0.0017061543882568,EPLC272H,lung
PD_01_PD_08,-0.0137236530830447,EPLC272H,lung
PD_01_PD_10,-0.0011777627068916,EPLC272H,lung
PD_03_PD_05,-3.375106316649834e-08,EPLC272H,lung
PD_03_PD_06,-0.0011899624451741,EPLC272H,lung
PD_03_PD_07,-3.611608789810816e-09,EPLC272H,lung
PD_03_PD_08,-0.0013236159337361,EPLC272H,lung
PD_03_PD_09,-5.209744948886375e-06,EPLC272H,lung
PD_03_PD_10,-4.620481034445234e-07,EPLC272H,lung
PD_03_PD_11,-4.6206229264988963e-07,EPLC272H,lung
PD_03_PD_12,0.0,EPLC272H,lung
PD_03_PD_15,-6.798828167120519e-11,EPLC272H,lung
PD_06_PD_08,5.9449008493750455e-08,EPLC272H,lung
PD_06_PD_10,-0.5272551101615156,EPLC272H,lung
PD_06_PD_14,-0.0039954906458179,EPLC272H,lung
PD_07_PD_08,-1.1553900989280663e-06,EPLC272H,lung
PD_07_PD_10,-6.704133914681164e-10,EPLC272H,lung
PD_08_PD_10,-0.0784149934500267,EPLC272H,lung
PD_08_PD_12,-0.0001336534885678,EPLC272H,lung
PD_08_PD_14,-0.0041291441343734,EPLC272H,lung
PD_08_PD_15,-5.3622071893855157e-08,EPLC272H,lung
PD_10_PD_12,-2.458669237093148e-07,EPLC272H,lung
PD_10_PD_13,1.4190648656153826e-11,EPLC272H,lung
PD_10_PD_15,-1.4712675522332574e-11,EPLC272H,lung
PD_01_PD_02,-0.0047742872282622,HARA,lung
PD_01_PD_03,-0.0094280435837277,HARA,lung
PD_01_PD_08,-0.0344020503382035,HARA,lung
PD_01_PD_10,-0.0101548231594438,HARA,lung
PD_03_PD_05,-3.7121689056007763e-09,HARA,lung
PD_03_PD_06,-0.022071764893557,HARA,lung
PD_03_PD_07,-7.658929046527874e-10,HARA,lung
PD_03_PD_08,-0.022158611615198,HARA,lung
PD_03_PD_09,-1.8593978545755618e-07,HARA,lung
PD_03_PD_10,-1.3005333221460802e-07,HARA,lung
PD_03_PD_11,-1.3006979304730493e-07,HARA,lung
PD_03_PD_12,-5.850875339774575e-14,HARA,lung
PD_03_PD_15,-3.584355035002318e-12,HARA,lung
PD_06_PD_08,0.0027946573874418,HARA,lung
PD_06_PD_10,-0.5003606278669349,HARA,lung
PD_06_PD_14,-0.0127096456048813,HARA,lung
PD_07_PD_08,-0.006187040998002,HARA,lung
PD_07_PD_10,-6.010786313126458e-10,HARA,lung
PD_08_PD_10,-0.2969752047454816,HARA,lung
PD_08_PD_12,-8.756618552219209e-05,HARA,lung
PD_08_PD_14,-0.0127972117904034,HARA,lung
PD_08_PD_15,-0.0003643379958457,HARA,lung
PD_10_PD_12,-4.9631524112747634e-08,HARA,lung
PD_10_PD_13,1.6462387009141818e-11,HARA,lung
PD_10_PD_15,-1.2853162978387898e-11,HARA,lung
PD_01_PD_02,-0.0018739710738635,HCC15,lung
PD_01_PD_03,-0.0047510285401362,HCC15,lung
PD_01_PD_08,-0.0221937072134259,HCC15,lung
PD_01_PD_10,-0.0042272187788356,HCC15,lung
PD_03_PD_05,-1.1213210360239143e-09,HCC15,lung
PD_03_PD_06,-0.0211213061806976,HCC15,lung
PD_03_PD_07,-9.977851878062438e-11,HCC15,lung
PD_03_PD_08,-0.0212578564297744,HCC15,lung
PD_03_PD_09,-6.547522002353645e-08,HCC15,lung
PD_03_PD_10,-5.930688923294625e-07,HCC15,lung
PD_03_PD_11,-5.931243810541886e-07,HCC15,lung
PD_03_PD_12,-2.153832667772804e-14,HCC15,lung
PD_03_PD_15,-5.473399511402022e-13,HCC15,lung
PD_06_PD_08,0.0041374452193422,HCC15,lung
PD_06_PD_10,-0.515622040568396,HCC15,lung
PD_06_PD_14,-0.0146887311066878,HCC15,lung
PD_07_PD_08,-0.0072638591257419,HCC15,lung
PD_07_PD_10,-1.312893127547454e-09,HCC15,lung
PD_08_PD_10,-0.2937920061338817,HCC15,lung
PD_08_PD_12,-0.0001830841071117,HCC15,lung
PD_08_PD_14,-0.0148718152137996,HCC15,lung
PD_08_PD_15,-0.0004674551899895,HCC15,lung
PD_10_PD_12,-8.881784197001252e-16,HCC15,lung
PD_10_PD_13,5.548872472616039e-11,HCC15,lung
PD_10_PD_15,-5.101830069520474e-11,HCC15,lung
PD_01_PD_02,-0.0050739245823251,HCC44,lung
PD_01_PD_03,-0.0100300215118812,HCC44,lung
PD_01_PD_08,-0.0254779765331728,HCC44,lung
PD_01_PD_10,-0.0109938573591416,HCC44,lung
PD_03_PD_05,-1.0540286754512353e-08,HCC44,lung
PD_03_PD_06,-0.0184771253356581,HCC44,lung
PD_03_PD_07,-3.037943008266097e-09,HCC44,lung
PD_03_PD_08,-0.0184755623698106,HCC44,lung
PD_03_PD_09,-1.0540286088378537e-08,HCC44,lung
PD_03_PD_10,-5.24835651050104e-07,HCC44,lung
PD_03_PD_11,-5.249408902008312e-07,HCC44,lung
PD_03_PD_12,-4.932720898409572e-13,HCC44,lung
PD_03_PD_15,-1.573108310282123e-11,HCC44,lung
PD_06_PD_08,0.0037115367876737,HCC44,lung
PD_06_PD_10,-0.528618167218398,HCC44,lung
PD_06_PD_14,-0.0118239368638179,HCC44,lung
PD_07_PD_08,-0.0069643414301706,HCC44,lung
PD_07_PD_10,-3.0986224697215903e-09,HCC44,lung
PD_08_PD_10,-0.4060959890107167,HCC44,lung
PD_08_PD_12,-5.828670879282073e-14,HCC44,lung
PD_08_PD_14,-0.0118239368638762,HCC44,lung
PD_08_PD_15,-0.0004372152823706,HCC44,lung
PD_10_PD_12,-1.6913639377946765e-07,HCC44,lung
PD_10_PD_13,1.0525269544814364e-10,HCC44,lung
PD_10_PD_15,-7.541822721890412e-11,HCC44,lung
PD_01_PD_02,-0.0662832971315176,HCC78,lung
PD_01_PD_03,-0.0899895630256586,HCC78,lung
PD_01_PD_08,-0.1104742083006788,HCC78,lung
PD_01_PD_10,-0.1394479288021851,HCC78,lung
PD_03_PD_05,-0.0021341073026764,HCC78,lung
PD_03_PD_06,-0.1463407713043489,HCC78,lung
PD_03_PD_07,-0.0020498309074329,HCC78,lung
PD_03_PD_08,-0.0359839970039784,HCC78,lung
PD_03_PD_09,-0.0020976214428034,HCC78,lung
PD_03_PD_10,-0.0157727367842663,HCC78,lung
PD_03_PD_11,-0.0209776908956168,HCC78,lung
PD_03_PD_12,-0.0052922271784111,HCC78,lung
PD_03_PD_15,-0.0001457374789506,HCC78,lung
PD_06_PD_08,0.00114434059483,HCC78,lung
PD_06_PD_10,-0.4427822480869404,HCC78,lung
PD_06_PD_14,-0.0722115293425463,HCC78,lung
PD_07_PD_08,-0.0032381932272417,HCC78,lung
PD_07_PD_10,-0.0091619758364501,HCC78,lung
PD_08_PD_10,-0.2613163755745793,HCC78,lung
PD_08_PD_12,-0.05475462395205,HCC78,lung
PD_08_PD_14,-0.1268190147624527,HCC78,lung
PD_08_PD_15,-0.000302441558084,HCC78,lung
PD_10_PD_12,-0.0044437427473552,HCC78,lung
PD_10_PD_13,0.0052989336742043,HCC78,lung
PD_10_PD_15,-0.0007115562854997,HCC78,lung
PD_01_PD_08,-0.0496498157829869,HCC827,lung
PD_01_PD_10,-0.0007995882875515,HCC827,lung
PD_06_PD_08,2.335294951860689e-06,HCC827,lung
PD_06_PD_10,-0.5070221981316771,HCC827,lung
PD_06_PD_14,-0.0176503969268108,HCC827,lung
PD_07_PD_08,-9.805935648143915e-06,HCC827,lung
PD_07_PD_10,-1.6063483876394002e-11,HCC827,lung
PD_08_PD_10,-0.0020718577373639,HCC827,lung
PD_08_PD_12,-0.0013349022020943,HCC827,lung
PD_08_PD_14,-0.0189852990353893,HCC827,lung
PD_08_PD_15,-4.178004866517426e-06,HCC827,lung
PD_10_PD_12,4.2332803928957224e-13,HCC827,lung
PD_10_PD_13,2.6356694604601216e-13,HCC827,lung
PD_10_PD_15,-3.064215547965432e-13,HCC827,lung
PD_01_PD_02,-0.0103826467004244,HOP62,lung
PD_01_PD_03,-0.0182026239452193,HOP62,lung
PD_01_PD_08,-0.1701391970914609,HOP62,lung
PD_01_PD_10,-0.0064689254614581,HOP62,lung
PD_03_PD_05,-1.2036482921473636e-08,HOP62,lung
PD_03_PD_06,-0.1161326766404564,HOP62,lung
PD_03_PD_07,-2.6079749471108466e-10,HOP62,lung
PD_03_PD_08,-0.1161326766404564,HOP62,lung
PD_03_PD_09,-1.2036474039689438e-08,HOP62,lung
PD_03_PD_10,-7.714039399475681e-07,HOP62,lung
PD_03_PD_11,-7.718081476149052e-07,HOP62,lung
PD_03_PD_12,0.0,HOP62,lung
PD_03_PD_15,-1.608868593905299e-11,HOP62,lung
PD_06_PD_08,0.0364368786352017,HOP62,lung
PD_06_PD_10,-0.5179465704208286,HOP62,lung
PD_06_PD_14,-0.0711976838551428,HOP62,lung
PD_07_PD_08,-0.0403595338723781,HOP62,lung
PD_07_PD_10,-6.346398850887169e-09,HOP62,lung
PD_08_PD_10,-0.4474719428385619,HOP62,lung
PD_08_PD_12,0.0,HOP62,lung
PD_08_PD_14,-0.0711976838551428,HOP62,lung
PD_08_PD_15,-0.0030274072360308,HOP62,lung
PD_10_PD_12,-2.0401672573555633e-08,HOP62,lung
PD_10_PD_13,4.0420822244868754e-10,HOP62,lung
PD_10_PD_15,-2.0830770441904176e-10,HOP62,lung
PD_01_PD_02,-0.0042197626085886,HOP92,lung
PD_01_PD_03,-0.0086878862227768,HOP92,lung
PD_01_PD_08,-0.0374601940025105,HOP92,lung
PD_01_PD_10,-0.0098364108917604,HOP92,lung
PD_03_PD_05,-6.768175242477524e-09,HOP92,lung
PD_03_PD_06,-0.022957521377409,HOP92,lung
PD_03_PD_07,-1.9366147574473302e-09,HOP92,lung
PD_03_PD_08,-0.0230799829848694,HOP92,lung
PD_03_PD_09,-3.55580345390294e-07,HOP92,lung
PD_03_PD_10,-2.250390258584645e-07,HOP92,lung
PD_03_PD_11,-2.250850903440238e-07,HOP92,lung
PD_03_PD_12,-2.3003821070233244e-13,HOP92,lung
PD_03_PD_15,-8.475775636895833e-12,HOP92,lung
PD_06_PD_08,0.003296686295042,HOP92,lung
PD_06_PD_10,-0.5080823613010655,HOP92,lung
PD_06_PD_14,-0.0136966256856706,HOP92,lung
PD_07_PD_08,-0.0066378265274648,HOP92,lung
PD_07_PD_10,-1.5203118763906787e-09,HOP92,lung
PD_08_PD_10,-0.2989615155606342,HOP92,lung
PD_08_PD_12,-0.0001237476126986,HOP92,lung
PD_08_PD_14,-0.0138203732983692,HOP92,lung
PD_08_PD_15,-0.0004057215935638,HOP92,lung
PD_10_PD_12,-1.010296346581896e-07,HOP92,lung
PD_10_PD_13,4.606870440682087e-11,HOP92,lung
PD_10_PD_15,-3.3994140835602587e-11,HOP92,lung
PD_01_PD_02,-0.0025045131266261,IALM,lung
PD_01_PD_03,-0.0060881255941221,IALM,lung
PD_01_PD_08,-0.0328984637851043,IALM,lung
PD_01_PD_10,-0.0040548951363144,IALM,lung
PD_03_PD_05,-1.0404133085062384e-06,IALM,lung
PD_03_PD_06,-0.01763238711593,IALM,lung
PD_03_PD_07,-1.1577142899898973e-07,IALM,lung
PD_03_PD_08,-0.01763238711593,IALM,lung
PD_03_PD_09,-1.0404122547935657e-06,IALM,lung
PD_03_PD_10,-1.2439996805002629e-05,IALM,lung
PD_03_PD_11,-1.244534252309304e-05,IALM,lung
PD_03_PD_12,0.0,IALM,lung
PD_03_PD_15,-7.484296182802552e-09,IALM,lung
PD_06_PD_08,0.001507046027883,IALM,lung
PD_06_PD_10,-0.5472219985115245,IALM,lung
PD_06_PD_14,-0.0088463203506928,IALM,lung
PD_07_PD_08,-0.0026721656174861,IALM,lung
PD_07_PD_10,-9.11528237335091e-08,IALM,lung
PD_08_PD_10,-0.4616864676742197,IALM,lung
PD_08_PD_12,0.0,IALM,lung
PD_08_PD_14,-0.0088463203506928,IALM,lung
PD_08_PD_15,-0.00023611071354,IALM,lung
PD_10_PD_12,-9.95786009205801e-10,IALM,lung
PD_10_PD_13,5.351364906758249e-09,IALM,lung
PD_10_PD_15,-3.746876364729701e-09,IALM,lung
PD_01_PD_02,-0.0018246360435052,ISTMES1,lung
PD_01_PD_03,-0.0040739131325993,ISTMES1,lung
PD_01_PD_08,-0.0808685888686617,ISTMES1,lung
PD_01_PD_10,-0.000547178835779,ISTMES1,lung
PD_03_PD_05,-6.299145649535376e-10,ISTMES1,lung
PD_03_PD_06,-0.1583433787721088,ISTMES1,lung
PD_03_PD_07,-1.928013304564047e-12,ISTMES1,lung
PD_03_PD_08,-0.2128307639361747,ISTMES1,lung
PD_03_PD_09,-0.1483485988230396,ISTMES1,lung
PD_03_PD_10,-3.966979710279261e-07,ISTMES1,lung
PD_03_PD_11,-3.967310288066628e-07,ISTMES1,lung
PD_03_PD_12,0.0,ISTMES1,lung
PD_03_PD_15,-1.8773871346411402e-13,ISTMES1,lung
PD_06_PD_08,0.0322835731618489,ISTMES1,lung
PD_06_PD_10,-0.4593573336821808,ISTMES1,lung
PD_06_PD_14,-0.1018299716049082,ISTMES1,lung
PD_07_PD_08,-0.0420382005186307,ISTMES1,lung
PD_07_PD_10,-6.653357864649934e-10,ISTMES1,lung
PD_08_PD_10,-0.2084719761197816,ISTMES1,lung
PD_08_PD_12,-0.054487385164075,ISTMES1,lung
PD_08_PD_14,-0.1563173567648872,ISTMES1,lung
PD_08_PD_15,-0.008565342433961,ISTMES1,lung
PD_10_PD_12,-1.0506083780725815e-09,ISTMES1,lung
PD_10_PD_13,3.3057778736633736e-11,ISTMES1,lung
PD_10_PD_15,-1.9724888389305303e-11,ISTMES1,lung
PD_01_PD_02,-0.0606573790633587,ISTSL2,lung
PD_01_PD_03,-0.0816421513900039,ISTSL2,lung
PD_01_PD_08,-0.1358855691910868,ISTSL2,lung
PD_01_PD_10,-0.1137678051232252,ISTSL2,lung
PD_03_PD_05,-0.0023202812684733,ISTSL2,lung
PD_03_PD_06,-0.1666044535872315,ISTSL2,lung
PD_03_PD_07,-0.0019890390440283,ISTSL2,lung
PD_03_PD_08,-0.0607115470692909,ISTSL2,lung
PD_03_PD_09,-0.0022593934993576,ISTSL2,lung
PD_03_PD_10,-0.0129674537452146,ISTSL2,lung
PD_03_PD_11,-0.0158588879214071,ISTSL2,lung
PD_03_PD_12,-0.0035699334082981,ISTSL2,lung
PD_03_PD_15,-0.0001467440348013,ISTSL2,lung
PD_06_PD_08,0.0037108787072157,ISTSL2,lung
PD_06_PD_10,-0.4293738967154639,ISTSL2,lung
PD_06_PD_14,-0.0892952751329992,ISTSL2,lung
PD_07_PD_08,-0.0073446909039306,ISTSL2,lung
PD_07_PD_10,-0.0057097715958326,ISTSL2,lung
PD_08_PD_10,-0.3036679015193381,ISTSL2,lung
PD_08_PD_12,-0.0659613156117897,ISTSL2,lung
PD_08_PD_14,-0.1550963775342368,ISTSL2,lung
PD_08_PD_15,-0.0008004879125685,ISTSL2,lung
PD_10_PD_12,-0.0077292776583087,ISTSL2,lung
PD_10_PD_13,0.0030068633953271,ISTSL2,lung
PD_10_PD_15,-0.0003606792852248,ISTSL2,lung
PD_01_PD_08,-0.0420119129860467,KNS62,lung
PD_01_PD_10,-0.0014941760791273,KNS62,lung
PD_06_PD_08,1.0948592548132297e-06,KNS62,lung
PD_06_PD_10,-0.5397830878869314,KNS62,lung
PD_06_PD_14,-0.0316601121928248,KNS62,lung
PD_07_PD_08,-1.2281464372487784e-05,KNS62,lung
PD_07_PD_10,-1.3201661985817736e-12,KNS62,lung
PD_08_PD_10,-0.0035720596366298,KNS62,lung
PD_08_PD_12,-0.0057467927294035,KNS62,lung
PD_08_PD_14,-0.0374069049123296,KNS62,lung
PD_08_PD_15,-2.253353516779022e-06,KNS62,lung
PD_10_PD_12,-1.3879897231561245e-11,KNS62,lung
PD_10_PD_13,7.66053886991358e-15,KNS62,lung
PD_10_PD_15,-7.993605777301127e-15,KNS62,lung
PD_01_PD_02,-0.0046460920207729,LC1SQ,lung
PD_01_PD_03,-0.0087918581342495,LC1SQ,lung
PD_01_PD_08,-0.1710882969405676,LC1SQ,lung
PD_01_PD_10,-0.0113746796600786,LC1SQ,lung
PD_03_PD_05,-3.544445337233526e-08,LC1SQ,lung
PD_03_PD_06,-0.1205401919504588,LC1SQ,lung
PD_03_PD_07,-4.394959396414322e-09,LC1SQ,lung
PD_03_PD_08,-0.1205401919504588,LC1SQ,lung
PD_03_PD_09,-3.544443893943594e-08,LC1SQ,lung
PD_03_PD_10,-9.035993073780446e-07,LC1SQ,lung
PD_03_PD_11,-9.040084798517256e-07,LC1SQ,lung
PD_03_PD_12,0.0,LC1SQ,lung
PD_03_PD_15,-5.987221829428789e-11,LC1SQ,lung
PD_06_PD_08,0.0379093224633021,LC1SQ,lung
PD_06_PD_10,-0.5056240000359584,LC1SQ,lung
PD_06_PD_14,-0.0726146355950484,LC1SQ,lung
PD_07_PD_08,-0.0288041290432921,LC1SQ,lung
PD_07_PD_10,-6.440430522225426e-09,LC1SQ,lung
PD_08_PD_10,-0.4482055878319942,LC1SQ,lung
PD_08_PD_12,0.0,LC1SQ,lung
PD_08_PD_14,-0.0726146355950484,LC1SQ,lung
PD_08_PD_15,-0.0031183276319471,LC1SQ,lung
PD_10_PD_12,-4.46193473280232e-08,LC1SQ,lung
PD_10_PD_13,4.0917669252849004e-10,LC1SQ,lung
PD_10_PD_15,-2.1166302044406396e-10,LC1SQ,lung
PD_01_PD_08,-0.0184062368999827,LCLC103H,lung
PD_01_PD_10,-0.0010289410837523,LCLC103H,lung
PD_06_PD_08,2.8272377883276082e-08,LCLC103H,lung
PD_06_PD_10,-0.5172269990775398,LCLC103H,lung
PD_06_PD_14,-0.0158872320798261,LCLC103H,lung
PD_07_PD_08,-2.2383143853943466e-06,LCLC103H,lung
PD_07_PD_10,-9.132028466751764e-12,LCLC103H,lung
PD_08_PD_10,-0.0019842256256817,LCLC103H,lung
PD_08_PD_12,-0.0011965707130989,LCLC103H,lung
PD_08_PD_14,-0.0170838027921064,LCLC103H,lung
PD_08_PD_15,-9.982626947291352e-08,LCLC103H,lung
PD_10_PD_12,1.1868284133242926e-13,LCLC103H,lung
PD_10_PD_13,1.1868284133242926e-13,LCLC103H,lung
PD_10_PD_15,-1.4888090760223352e-13,LCLC103H,lung
PD_01_PD_02,-0.0052945988315455,LCLC97TM1,lung
PD_01_PD_03,-0.0105623004172347,LCLC97TM1,lung
PD_01_PD_08,-0.0378815729547853,LCLC97TM1,lung
PD_01_PD_10,-0.0121315306387445,LCLC97TM1,lung
PD_03_PD_05,-3.302299322882618e-09,LCLC97TM1,lung
PD_03_PD_06,-0.0193847471697223,LCLC97TM1,lung
PD_03_PD_07,-6.807955310605961e-10,LCLC97TM1,lung
PD_03_PD_08,-0.0193866675700793,LCLC97TM1,lung
PD_03_PD_09,-1.4918011270736997e-08,LCLC97TM1,lung
PD_03_PD_10,-1.3010797494938944e-07,LCLC97TM1,lung
PD_03_PD_11,-1.3012443578208632e-07,LCLC97TM1,lung
PD_03_PD_12,-5.206945985491984e-14,LCLC97TM1,lung
PD_03_PD_15,-3.1864511029766618e-12,LCLC97TM1,lung
PD_06_PD_08,0.0027948956394823,LCLC97TM1,lung
PD_06_PD_10,-0.5088684335681448,LCLC97TM1,lung
PD_06_PD_14,-0.0110509979556659,LCLC97TM1,lung
PD_07_PD_08,-0.0061870409330124,LCLC97TM1,lung
PD_07_PD_10,-6.010767439335041e-10,LCLC97TM1,lung
PD_08_PD_10,-0.3507788865429975,LCLC97TM1,lung
PD_08_PD_12,-2.5599238068219066e-06,LCLC97TM1,lung
PD_08_PD_14,-0.0110535578794728,LCLC97TM1,lung
PD_08_PD_15,-0.0003643379958461,LCLC97TM1,lung
PD_10_PD_12,-4.9645116684260415e-08,LCLC97TM1,lung
PD_10_PD_13,1.6462387009141818e-11,LCLC97TM1,lung
PD_10_PD_15,-1.2853385022992823e-11,LCLC97TM1,lung
PD_01_PD_08,-0.0184062368999827,LK2,lung
PD_01_PD_10,-0.0010289410837523,LK2,lung
PD_06_PD_08,2.8272377883276082e-08,LK2,lung
PD_06_PD_10,-0.5172269990775398,LK2,lung
PD_06_PD_14,-0.0158872320798261,LK2,lung
PD_07_PD_08,-2.2383143853943466e-06,LK2,lung
PD_07_PD_10,-9.132028466751764e-12,LK2,lung
PD_08_PD_10,-0.0019842256256817,LK2,lung
PD_08_PD_12,-0.0011965707130989,LK2,lung
PD_08_PD_14,-0.0170838027921064,LK2,lung
PD_08_PD_15,-9.982626947291352e-08,LK2,lung
PD_10_PD_12,1.1868284133242926e-13,LK2,lung
PD_10_PD_13,1.1868284133242926e-13,LK2,lung
PD_10_PD_15,-1.4888090760223352e-13,LK2,lung
PD_01_PD_08,-0.0272664112319653,LOUNH91,lung
PD_01_PD_10,-0.0015178032051853,LOUNH91,lung
PD_06_PD_08,1.4423286263109958e-06,LOUNH91,lung
PD_06_PD_10,-0.429002364730344,LOUNH91,lung
PD_06_PD_14,-0.0381136307081149,LOUNH91,lung
PD_07_PD_08,-3.844942110087235e-05,LOUNH91,lung
PD_07_PD_10,-4.2960968116290126e-11,LOUNH91,lung
PD_08_PD_10,-0.004301953349727,LOUNH91,lung
PD_08_PD_12,-0.1198038785435303,LOUNH91,lung
PD_08_PD_14,-0.1578750598701306,LOUNH91,lung
PD_08_PD_15,-3.1875846771001197e-06,LOUNH91,lung
PD_10_PD_12,-4.1148418006287095e-11,LOUNH91,lung
PD_10_PD_13,3.697042672001771e-14,LOUNH91,lung
PD_10_PD_15,-3.4305891460917343e-14,LOUNH91,lung
PD_01_PD_02,-0.0042197626085886,LU135,lung
PD_01_PD_03,-0.0086878862227768,LU135,lung
PD_01_PD_08,-0.0374601940025105,LU135,lung
PD_01_PD_10,-0.0098364108917604,LU135,lung
PD_03_PD_05,-6.768175242477524e-09,LU135,lung
PD_03_PD_06,-0.022957521377409,LU135,lung
PD_03_PD_07,-1.9366147574473302e-09,LU135,lung
PD_03_PD_08,-0.0230799829848694,LU135,lung
PD_03_PD_09,-3.55580345390294e-07,LU135,lung
PD_03_PD_10,-2.250390258584645e-07,LU135,lung
PD_03_PD_11,-2.250850903440238e-07,LU135,lung
PD_03_PD_12,-2.3003821070233244e-13,LU135,lung
PD_03_PD_15,-8.475775636895833e-12,LU135,lung
PD_06_PD_08,0.003296686295042,LU135,lung
PD_06_PD_10,-0.5080823613010655,LU135,lung
PD_06_PD_14,-0.0136966256856706,LU135,lung
PD_07_PD_08,-0.0066378265274648,LU135,lung
PD_07_PD_10,-1.5203118763906787e-09,LU135,lung
PD_08_PD_10,-0.2989615155606342,LU135,lung
PD_08_PD_12,-0.0001237476126986,LU135,lung
PD_08_PD_14,-0.0138203732983692,LU135,lung
PD_08_PD_15,-0.0004057215935638,LU135,lung
PD_10_PD_12,-1.010296346581896e-07,LU135,lung
PD_10_PD_13,4.606870440682087e-11,LU135,lung
PD_10_PD_15,-3.3994140835602587e-11,LU135,lung
PD_01_PD_02,-0.0042197626085886,LU139,lung
PD_01_PD_03,-0.0086878862227768,LU139,lung
PD_01_PD_08,-0.0374601940025105,LU139,lung
PD_01_PD_10,-0.0098364108917604,LU139,lung
PD_03_PD_05,-6.768175242477524e-09,LU139,lung
PD_03_PD_06,-0.022957521377409,LU139,lung
PD_03_PD_07,-1.9366147574473302e-09,LU139,lung
PD_03_PD_08,-0.0230799829848694,LU139,lung
PD_03_PD_09,-3.55580345390294e-07,LU139,lung
PD_03_PD_10,-2.250390258584645e-07,LU139,lung
PD_03_PD_11,-2.250850903440238e-07,LU139,lung
PD_03_PD_12,-2.3003821070233244e-13,LU139,lung
PD_03_PD_15,-8.475775636895833e-12,LU139,lung
PD_06_PD_08,0.003296686295042,LU139,lung
PD_06_PD_10,-0.5080823613010655,LU139,lung
PD_06_PD_14,-0.0136966256856706,LU139,lung
PD_07_PD_08,-0.0066378265274648,LU139,lung
PD_07_PD_10,-1.5203118763906787e-09,LU139,lung
PD_08_PD_10,-0.2989615155606342,LU139,lung
PD_08_PD_12,-0.0001237476126986,LU139,lung
PD_08_PD_14,-0.0138203732983692,LU139,lung
PD_08_PD_15,-0.0004057215935638,LU139,lung
PD_10_PD_12,-1.010296346581896e-07,LU139,lung
PD_10_PD_13,4.606870440682087e-11,LU139,lung
PD_10_PD_15,-3.3994140835602587e-11,LU139,lung
PD_01_PD_08,-0.0553157408156327,LU165,lung
PD_01_PD_10,-0.0005731415412276,LU165,lung
PD_06_PD_08,2.5682149132233437e-05,LU165,lung
PD_06_PD_10,-0.5013545973876232,LU165,lung
PD_06_PD_14,-0.0564410396986442,LU165,lung
PD_07_PD_08,-0.0003085772477497,LU165,lung
PD_07_PD_10,-2.091660178393795e-12,LU165,lung
PD_08_PD_10,-0.0229890488125912,LU165,lung
PD_08_PD_12,-0.0113139832375521,LU165,lung
PD_08_PD_14,-0.0677550229340694,LU165,lung
PD_08_PD_15,-3.983469172963439e-05,LU165,lung
PD_10_PD_12,-2.3398838422394874e-11,LU165,lung
PD_10_PD_13,1.3544720900426911e-14,LU165,lung
PD_10_PD_15,-8.326672684688674e-15,LU165,lung
PD_01_PD_08,-0.1849189549491863,LU65,lung
PD_01_PD_10,-0.1100196111841101,LU65,lung
PD_06_PD_08,0.0122232527784422,LU65,lung
PD_06_PD_10,-0.1704787411853495,LU65,lung
PD_06_PD_14,-0.053595956118307,LU65,lung
PD_07_PD_08,-0.021561671698661,LU65,lung
PD_07_PD_10,-0.001123522112535,LU65,lung
PD_08_PD_10,-0.1679399148482637,LU65,lung
PD_08_PD_12,-0.3232198344334702,LU65,lung
PD_08_PD_14,-0.3736561009248142,LU65,lung
PD_08_PD_15,-0.0075870344357412,LU65,lung
PD_10_PD_12,0.0006597525505752,LU65,lung
PD_10_PD_13,0.0004710846363117,LU65,lung
PD_10_PD_15,-0.0001074755416615,LU65,lung
PD_01_PD_02,-0.0035702201612795,LU99A,lung
PD_01_PD_03,-0.0075074564524053,LU99A,lung
PD_01_PD_08,-0.0464854111262427,LU99A,lung
PD_01_PD_10,-0.0109693826175668,LU99A,lung
PD_03_PD_05,-1.8952212432754578e-07,LU99A,lung
PD_03_PD_06,-0.039150410058605,LU99A,lung
PD_03_PD_07,-5.4453808573384777e-08,LU99A,lung
PD_03_PD_08,-0.0227911107509443,LU99A,lung
PD_03_PD_09,-1.895220886893867e-07,LU99A,lung
PD_03_PD_10,-4.0787098316563686e-05,LU99A,lung
PD_03_PD_11,-4.0845814499368416e-05,LU99A,lung
PD_03_PD_12,-1.3077716687348584e-10,LU99A,lung
PD_03_PD_15,-6.960423348800758e-10,LU99A,lung
PD_06_PD_08,0.0010150029891521,LU99A,lung
PD_06_PD_10,-0.5083071603115233,LU99A,lung
PD_06_PD_14,-0.0215756209704828,LU99A,lung
PD_07_PD_08,-0.0030140035197514,LU99A,lung
PD_07_PD_10,-1.076448672421293e-06,LU99A,lung
PD_08_PD_10,-0.2679389365340863,LU99A,lung
PD_08_PD_12,-0.023388644583333,LU99A,lung
PD_08_PD_14,-0.0449153387682447,LU99A,lung
PD_08_PD_15,-0.0002073847036587,LU99A,lung
PD_10_PD_12,-1.903251600765543e-08,LU99A,lung
PD_10_PD_13,5.871642472232708e-08,LU99A,lung
PD_10_PD_15,-3.2727063725701555e-08,LU99A,lung
PD_01_PD_02,-0.0042197626085886,LXF289,lung
PD_01_PD_03,-0.0086878862227768,LXF289,lung
PD_01_PD_08,-0.0374601940025105,LXF289,lung
PD_01_PD_10,-0.0098364108917604,LXF289,lung
PD_03_PD_05,-6.768175242477524e-09,LXF289,lung
PD_03_PD_06,-0.022957521377409,LXF289,lung
PD_03_PD_07,-1.9366147574473302e-09,LXF289,lung
PD_03_PD_08,-0.0230799829848694,LXF289,lung
PD_03_PD_09,-3.55580345390294e-07,LXF289,lung
PD_03_PD_10,-2.250390258584645e-07,LXF289,lung
PD_03_PD_11,-2.250850903440238e-07,LXF289,lung
PD_03_PD_12,-2.3003821070233244e-13,LXF289,lung
PD_03_PD_15,-8.475775636895833e-12,LXF289,lung
PD_06_PD_08,0.003296686295042,LXF289,lung
PD_06_PD_10,-0.5080823613010655,LXF289,lung
PD_06_PD_14,-0.0136966256856706,LXF289,lung
PD_07_PD_08,-0.0066378265274648,LXF289,lung
PD_07_PD_10,-1.5203118763906787e-09,LXF289,lung
PD_08_PD_10,-0.2989615155606342,LXF289,lung
PD_08_PD_12,-0.0001237476126986,LXF289,lung
PD_08_PD_14,-0.0138203732983692,LXF289,lung
PD_08_PD_15,-0.0004057215935638,LXF289,lung
PD_10_PD_12,-1.010296346581896e-07,LXF289,lung
PD_10_PD_13,4.606870440682087e-11,LXF289,lung
PD_10_PD_15,-3.3994140835602587e-11,LXF289,lung
PD_01_PD_08,-0.0184062368999827,MPP89,lung
PD_01_PD_10,-0.0010289410837523,MPP89,lung
PD_06_PD_08,2.8272377883276082e-08,MPP89,lung
PD_06_PD_10,-0.5172269990775398,MPP89,lung
PD_06_PD_14,-0.0158872320798261,MPP89,lung
PD_07_PD_08,-2.2383143853943466e-06,MPP89,lung
PD_07_PD_10,-9.132028466751764e-12,MPP89,lung
PD_08_PD_10,-0.0019842256256817,MPP89,lung
PD_08_PD_12,-0.0011965707130989,MPP89,lung
PD_08_PD_14,-0.0170838027921064,MPP89,lung
PD_08_PD_15,-9.982626947291352e-08,MPP89,lung
PD_10_PD_12,1.1868284133242926e-13,MPP89,lung
PD_10_PD_13,1.1868284133242926e-13,MPP89,lung
PD_10_PD_15,-1.4888090760223352e-13,MPP89,lung
PD_01_PD_08,-0.0184062368999827,MS1,lung
PD_01_PD_10,-0.0010289410837523,MS1,lung
PD_06_PD_08,2.8272377883276082e-08,MS1,lung
PD_06_PD_10,-0.5172269990775398,MS1,lung
PD_06_PD_14,-0.0158872320798261,MS1,lung
PD_07_PD_08,-2.2383143853943466e-06,MS1,lung
PD_07_PD_10,-9.132028466751764e-12,MS1,lung
PD_08_PD_10,-0.0019842256256817,MS1,lung
PD_08_PD_12,-0.0011965707130989,MS1,lung
PD_08_PD_14,-0.0170838027921064,MS1,lung
PD_08_PD_15,-9.982626947291352e-08,MS1,lung
PD_10_PD_12,1.1868284133242926e-13,MS1,lung
PD_10_PD_13,1.1868284133242926e-13,MS1,lung
PD_10_PD_15,-1.4888090760223352e-13,MS1,lung
PD_01_PD_02,-0.0074108860303359,MSTO211H,lung
PD_01_PD_03,-0.0139654376536378,MSTO211H,lung
PD_01_PD_08,-0.0648701570146654,MSTO211H,lung
PD_01_PD_10,-0.0044890637244304,MSTO211H,lung
PD_03_PD_05,-2.22277993788822e-08,MSTO211H,lung
PD_03_PD_06,-0.0322792813726431,MSTO211H,lung
PD_03_PD_07,-4.540505749162093e-10,MSTO211H,lung
PD_03_PD_08,-0.1131091626786982,MSTO211H,lung
PD_03_PD_09,-4.922674567975349e-08,MSTO211H,lung
PD_03_PD_10,-9.364288737767624e-07,MSTO211H,lung
PD_03_PD_11,-9.36978523435883e-07,MSTO211H,lung
PD_03_PD_12,0.0,MSTO211H,lung
PD_03_PD_15,-3.2335245592207684e-11,MSTO211H,lung
PD_06_PD_08,0.0214577265424504,MSTO211H,lung
PD_06_PD_10,-0.4461236884366604,MSTO211H,lung
PD_06_PD_14,-0.0724940629244447,MSTO211H,lung
PD_07_PD_08,-0.0426643643798887,MSTO211H,lung
PD_07_PD_10,-8.227435732699462e-09,MSTO211H,lung
PD_08_PD_10,-0.2193067973597293,MSTO211H,lung
PD_08_PD_12,-0.080829881309187,MSTO211H,lung
PD_08_PD_14,-0.153323944233252,MSTO211H,lung
PD_08_PD_15,-0.0018252367379842,MSTO211H,lung
PD_10_PD_12,-2.6814260145613392e-08,MSTO211H,lung
PD_10_PD_13,5.496511024105644e-10,MSTO211H,lung
PD_10_PD_15,-2.7784152756282765e-10,MSTO211H,lung
PD_01_PD_02,-0.0046692073337697,NCIH1048,lung
PD_01_PD_03,-0.0100423731124914,NCIH1048,lung
PD_01_PD_08,-0.0527898422001669,NCIH1048,lung
PD_01_PD_10,-0.0074000781394721,NCIH1048,lung
PD_03_PD_05,-1.0581250320385036e-09,NCIH1048,lung
PD_03_PD_06,-0.0312828394892034,NCIH1048,lung
PD_03_PD_07,-8.416989327741929e-11,NCIH1048,lung
PD_03_PD_08,-0.0314568929162953,NCIH1048,lung
PD_03_PD_09,-5.843504502500708e-08,NCIH1048,lung
PD_03_PD_10,-5.347230097596523e-07,NCIH1048,lung
PD_03_PD_11,-5.347695934965202e-07,NCIH1048,lung
PD_03_PD_12,0.0,NCIH1048,lung
PD_03_PD_15,-4.732880753977042e-13,NCIH1048,lung
PD_06_PD_08,0.0043542424348906,NCIH1048,lung
PD_06_PD_10,-0.5339329575289975,NCIH1048,lung
PD_06_PD_14,-0.0189381649356242,NCIH1048,lung
PD_07_PD_08,-0.007530417655879,NCIH1048,lung
PD_07_PD_10,-1.1315953729607031e-09,NCIH1048,lung
PD_08_PD_10,-0.376251653503445,NCIH1048,lung
PD_08_PD_12,-0.000174053427092,NCIH1048,lung
PD_08_PD_14,-0.0191122183627163,NCIH1048,lung
PD_08_PD_15,-0.0005311300305461,NCIH1048,lung
PD_10_PD_12,-3.3306690738754696e-16,NCIH1048,lung
PD_10_PD_13,4.658373686794448e-11,NCIH1048,lung
PD_10_PD_15,-4.3286374484807766e-11,NCIH1048,lung
PD_01_PD_02,-0.0002201507571135,NCIH1092,lung
PD_01_PD_03,-0.000867319321625,NCIH1092,lung
PD_01_PD_08,-0.0132162468196767,NCIH1092,lung
PD_01_PD_10,-0.0011707636709782,NCIH1092,lung
PD_03_PD_05,-3.3747302952136244e-08,NCIH1092,lung
PD_03_PD_06,-0.0012343546920215,NCIH1092,lung
PD_03_PD_07,-3.611615340126661e-09,NCIH1092,lung
PD_03_PD_08,-0.0013154590738689,NCIH1092,lung
PD_03_PD_09,-5.209743068945727e-06,NCIH1092,lung
PD_03_PD_10,-4.620490670070865e-07,NCIH1092,lung
PD_03_PD_11,-4.620632562124527e-07,NCIH1092,lung
PD_03_PD_12,-2.220446049250313e-16,NCIH1092,lung
PD_03_PD_15,-6.798772655969286e-11,NCIH1092,lung
PD_06_PD_08,5.944834491344864e-08,NCIH1092,lung
PD_06_PD_10,-0.5116160680441351,NCIH1092,lung
PD_06_PD_14,-0.0039957249811315,NCIH1092,lung
PD_07_PD_08,-1.1553692378374336e-06,NCIH1092,lung
PD_07_PD_10,-6.704187205386346e-10,NCIH1092,lung
PD_08_PD_10,-0.0675935697951697,NCIH1092,lung
PD_08_PD_12,-0.0001336535055094,NCIH1092,lung
PD_08_PD_14,-0.0041293784866286,NCIH1092,lung
PD_08_PD_15,-5.362108468354165e-08,NCIH1092,lung
PD_10_PD_12,-2.4586604430165693e-07,NCIH1092,lung
PD_10_PD_13,1.4190648656153826e-11,NCIH1092,lung
PD_10_PD_15,-1.4712675522332574e-11,NCIH1092,lung
PD_01_PD_02,-0.0022337740017067,NCIH1155,lung
PD_01_PD_03,-0.0051712302170453,NCIH1155,lung
PD_01_PD_08,-0.0444540038510514,NCIH1155,lung
PD_01_PD_10,-0.0063105591834109,NCIH1155,lung
PD_03_PD_05,-1.3316693402432025e-06,NCIH1155,lung
PD_03_PD_06,-0.0306766704748588,NCIH1155,lung
PD_03_PD_07,-2.430879252335316e-07,NCIH1155,lung
PD_03_PD_08,-0.0224395435142815,NCIH1155,lung
PD_03_PD_09,-1.331661744541357e-06,NCIH1155,lung
PD_03_PD_10,-1.3994242928361269e-05,NCIH1155,lung
PD_03_PD_11,-1.4009611814191912e-05,NCIH1155,lung
PD_03_PD_12,-2.2315482794965646e-14,NCIH1155,lung
PD_03_PD_15,-1.522146353405418e-08,NCIH1155,lung
PD_06_PD_08,0.0024728057561166,NCIH1155,lung
PD_06_PD_10,-0.5024492993852825,NCIH1155,lung
PD_06_PD_14,-0.0166642975351967,NCIH1155,lung
PD_07_PD_08,-0.0036148991541594,NCIH1155,lung
PD_07_PD_10,-2.1765796187622757e-07,NCIH1155,lung
PD_08_PD_10,-0.3274291646197313,NCIH1155,lung
PD_08_PD_12,-0.0384161944651524,NCIH1155,lung
PD_08_PD_14,-0.0550804916406051,NCIH1155,lung
PD_08_PD_15,-0.0003447961990299,NCIH1155,lung
PD_10_PD_12,-2.522426711948356e-13,NCIH1155,lung
PD_10_PD_13,1.5401787734070638e-08,NCIH1155,lung
PD_10_PD_15,-9.035451165040342e-09,NCIH1155,lung
PD_01_PD_02,-0.0042197626085886,NCIH1299,lung
PD_01_PD_03,-0.0086878862227768,NCIH1299,lung
PD_01_PD_08,-0.0374601940025105,NCIH1299,lung
PD_01_PD_10,-0.0098364108917604,NCIH1299,lung
PD_03_PD_05,-6.768175242477524e-09,NCIH1299,lung
PD_03_PD_06,-0.022957521377409,NCIH1299,lung
PD_03_PD_07,-1.9366147574473302e-09,NCIH1299,lung
PD_03_PD_08,-0.0230799829848694,NCIH1299,lung
PD_03_PD_09,-3.55580345390294e-07,NCIH1299,lung
PD_03_PD_10,-2.250390258584645e-07,NCIH1299,lung
PD_03_PD_11,-2.250850903440238e-07,NCIH1299,lung
PD_03_PD_12,-2.3003821070233244e-13,NCIH1299,lung
PD_03_PD_15,-8.475775636895833e-12,NCIH1299,lung
PD_06_PD_08,0.003296686295042,NCIH1299,lung
PD_06_PD_10,-0.5080823613010655,NCIH1299,lung
PD_06_PD_14,-0.0136966256856706,NCIH1299,lung
PD_07_PD_08,-0.0066378265274648,NCIH1299,lung
PD_07_PD_10,-1.5203118763906787e-09,NCIH1299,lung
PD_08_PD_10,-0.2989615155606342,NCIH1299,lung
PD_08_PD_12,-0.0001237476126986,NCIH1299,lung
PD_08_PD_14,-0.0138203732983692,NCIH1299,lung
PD_08_PD_15,-0.0004057215935638,NCIH1299,lung
PD_10_PD_12,-1.010296346581896e-07,NCIH1299,lung
PD_10_PD_13,4.606870440682087e-11,NCIH1299,lung
PD_10_PD_15,-3.3994140835602587e-11,NCIH1299,lung
PD_01_PD_02,-0.0052770052003378,NCIH1341,lung
PD_01_PD_03,-0.0108164541141103,NCIH1341,lung
PD_01_PD_08,-0.037905652936795,NCIH1341,lung
PD_01_PD_10,-0.0077984617238979,NCIH1341,lung
PD_03_PD_05,-4.6587396829167467e-08,NCIH1341,lung
PD_03_PD_06,-0.0811611762438822,NCIH1341,lung
PD_03_PD_07,-1.293955165238003e-09,NCIH1341,lung
PD_03_PD_08,-0.060403895190398,NCIH1341,lung
PD_03_PD_09,-6.567809496260679e-08,NCIH1341,lung
PD_03_PD_10,-2.1744289335767775e-07,NCIH1341,lung
PD_03_PD_11,-2.174572717450474e-07,NCIH1341,lung
PD_03_PD_12,-2.4797941478027496e-12,NCIH1341,lung
PD_03_PD_15,-9.268064093959083e-11,NCIH1341,lung
PD_06_PD_08,0.0521182781348723,NCIH1341,lung
PD_06_PD_10,-0.4409322538057389,NCIH1341,lung
PD_06_PD_14,-0.0488236530356228,NCIH1341,lung
PD_07_PD_08,-0.0405369035426381,NCIH1341,lung
PD_07_PD_10,-5.531101132660865e-10,NCIH1341,lung
PD_08_PD_10,-0.2150019920321925,NCIH1341,lung
PD_08_PD_12,-0.0204732737199465,NCIH1341,lung
PD_08_PD_14,-0.0689504988415208,NCIH1341,lung
PD_08_PD_15,-0.0019629661845314,NCIH1341,lung
PD_10_PD_12,-2.553578459796313e-09,NCIH1341,lung
PD_10_PD_13,1.4389378577561727e-11,NCIH1341,lung
PD_10_PD_15,-1.2322032283407223e-11,NCIH1341,lung
PD_01_PD_02,-0.0052945988315455,NCIH1355,lung
PD_01_PD_03,-0.0105623004172347,NCIH1355,lung
PD_01_PD_08,-0.0378815729547853,NCIH1355,lung
PD_01_PD_10,-0.0121315306387445,NCIH1355,lung
PD_03_PD_05,-3.302299322882618e-09,NCIH1355,lung
PD_03_PD_06,-0.0193847471697223,NCIH1355,lung
PD_03_PD_07,-6.807955310605961e-10,NCIH1355,lung
PD_03_PD_08,-0.0193866675700793,NCIH1355,lung
PD_03_PD_09,-1.4918011270736997e-08,NCIH1355,lung
PD_03_PD_10,-1.3010797494938944e-07,NCIH1355,lung
PD_03_PD_11,-1.3012443578208632e-07,NCIH1355,lung
PD_03_PD_12,-5.206945985491984e-14,NCIH1355,lung
PD_03_PD_15,-3.1864511029766618e-12,NCIH1355,lung
PD_06_PD_08,0.0027948956394823,NCIH1355,lung
PD_06_PD_10,-0.5088684335681448,NCIH1355,lung
PD_06_PD_14,-0.0110509979556659,NCIH1355,lung
PD_07_PD_08,-0.0061870409330124,NCIH1355,lung
PD_07_PD_10,-6.010767439335041e-10,NCIH1355,lung
PD_08_PD_10,-0.3507788865429975,NCIH1355,lung
PD_08_PD_12,-2.5599238068219066e-06,NCIH1355,lung
PD_08_PD_14,-0.0110535578794728,NCIH1355,lung
PD_08_PD_15,-0.0003643379958461,NCIH1355,lung
PD_10_PD_12,-4.9645116684260415e-08,NCIH1355,lung
PD_10_PD_13,1.6462387009141818e-11,NCIH1355,lung
PD_10_PD_15,-1.2853385022992823e-11,NCIH1355,lung
PD_01_PD_02,-0.0001489343680517,NCIH1417,lung
PD_01_PD_03,-0.0017379677286777,NCIH1417,lung
PD_01_PD_08,-0.0318649910456713,NCIH1417,lung
PD_01_PD_10,-0.0048770553278419,NCIH1417,lung
PD_03_PD_05,-6.333369162447866e-09,NCIH1417,lung
PD_03_PD_06,-0.0229577954436777,NCIH1417,lung
PD_03_PD_07,-1.935811733133619e-09,NCIH1417,lung
PD_03_PD_08,-0.0230802570511383,NCIH1417,lung
PD_03_PD_09,-3.552325453792804e-07,NCIH1417,lung
PD_03_PD_10,-2.203803092237777e-07,NCIH1417,lung
PD_03_PD_11,-2.204261418947695e-07,NCIH1417,lung
PD_03_PD_12,-2.3003821070233244e-13,NCIH1417,lung
PD_03_PD_15,-8.088640868209039e-12,NCIH1417,lung
PD_06_PD_08,0.0032966862952298,NCIH1417,lung
PD_06_PD_10,-0.5147975979047198,NCIH1417,lung
PD_06_PD_14,-0.013696633006499,NCIH1417,lung
PD_07_PD_08,-0.0066378265388197,NCIH1417,lung
PD_07_PD_10,-1.5196656155680444e-09,NCIH1417,lung
PD_08_PD_10,-0.3000350055282946,NCIH1417,lung
PD_08_PD_12,-0.0001237476126988,NCIH1417,lung
PD_08_PD_14,-0.0138203806191978,NCIH1417,lung
PD_08_PD_15,-0.0004057215938274,NCIH1417,lung
PD_10_PD_12,-1.0230748315187554e-07,NCIH1417,lung
PD_10_PD_13,4.583677881697668e-11,NCIH1417,lung
PD_10_PD_15,-3.382194524448323e-11,NCIH1417,lung
PD_01_PD_08,-0.0036745788874326,NCIH1435,lung
PD_01_PD_10,-0.0002404522103308,NCIH1435,lung
PD_06_PD_08,9.806190903738354e-08,NCIH1435,lung
PD_06_PD_10,-0.5135210766724813,NCIH1435,lung
PD_06_PD_14,-0.0217474780169677,NCIH1435,lung
PD_07_PD_08,-3.051174941703927e-06,NCIH1435,lung
PD_07_PD_10,-1.2259526727120829e-11,NCIH1435,lung
PD_08_PD_10,-0.0019906794319579,NCIH1435,lung
PD_08_PD_12,-0.0036328202476637,NCIH1435,lung
PD_08_PD_14,-0.0253802982469748,NCIH1435,lung
PD_08_PD_15,-2.859286812872952e-07,NCIH1435,lung
PD_10_PD_12,7.283063041541028e-14,NCIH1435,lung
PD_10_PD_13,6.927791673660978e-14,NCIH1435,lung
PD_10_PD_15,-8.526512829121202e-14,NCIH1435,lung
PD_01_PD_02,-0.0786016046411153,NCIH1563,lung
PD_01_PD_03,-0.1271174251304681,NCIH1563,lung
PD_01_PD_08,-0.1364351086796266,NCIH1563,lung
PD_01_PD_10,-0.153436745689993,NCIH1563,lung
PD_03_PD_05,-0.0077039499550397,NCIH1563,lung
PD_03_PD_06,-0.1435936749216297,NCIH1563,lung
PD_03_PD_07,-0.00359163892414,NCIH1563,lung
PD_03_PD_08,-0.0758281694551875,NCIH1563,lung
PD_03_PD_09,-0.0075033220125111,NCIH1563,lung
PD_03_PD_10,-0.0218855783122371,NCIH1563,lung
PD_03_PD_11,-0.0270055219223673,NCIH1563,lung
PD_03_PD_12,-0.0110765164467254,NCIH1563,lung
PD_03_PD_15,-0.0005272185530129,NCIH1563,lung
PD_06_PD_08,0.0042490616747837,NCIH1563,lung
PD_06_PD_10,-0.2957359927247593,NCIH1563,lung
PD_06_PD_14,-0.0769276330896303,NCIH1563,lung
PD_07_PD_08,-0.0046308490413868,NCIH1563,lung
PD_07_PD_10,-0.0036733384184303,NCIH1563,lung
PD_08_PD_10,-0.2903896632706551,NCIH1563,lung
PD_08_PD_12,-0.1973936541362887,NCIH1563,lung
PD_08_PD_14,-0.2734107266417196,NCIH1563,lung
PD_08_PD_15,-0.0007723551439806,NCIH1563,lung
PD_10_PD_12,-0.0104988531147726,NCIH1563,lung
PD_10_PD_13,0.0057261411457207,NCIH1563,lung
PD_10_PD_15,-0.0005827115417554,NCIH1563,lung
PD_01_PD_08,-0.0308891388733697,NCIH1568,lung
PD_01_PD_10,-0.0015376391362992,NCIH1568,lung
PD_06_PD_08,1.7080285544812668e-06,NCIH1568,lung
PD_06_PD_10,-0.584813864945026,NCIH1568,lung
PD_06_PD_14,-0.0328447285338452,NCIH1568,lung
PD_07_PD_08,-1.161151139494887e-05,NCIH1568,lung
PD_07_PD_10,-1.1292489165981577e-10,NCIH1568,lung
PD_08_PD_10,-0.0025859171050234,NCIH1568,lung
PD_08_PD_12,-0.0049330061982715,NCIH1568,lung
PD_08_PD_14,-0.037777733958843,NCIH1568,lung
PD_08_PD_15,-3.1893639839131183e-06,NCIH1568,lung
PD_10_PD_12,2.281508315604697e-12,NCIH1568,lung
PD_10_PD_13,1.489253165232185e-12,NCIH1568,lung
PD_10_PD_15,-1.5950574194789624e-12,NCIH1568,lung
PD_01_PD_08,-0.0179249578846882,NCIH1573,lung
PD_01_PD_10,-0.001533608452253,NCIH1573,lung
PD_06_PD_08,2.37694870452998e-08,NCIH1573,lung
PD_06_PD_10,-0.5437985592567065,NCIH1573,lung
PD_06_PD_14,-0.0143960639126421,NCIH1573,lung
PD_07_PD_08,-1.7706469700451422e-06,NCIH1573,lung
PD_07_PD_10,-1.4074408305475572e-11,NCIH1573,lung
PD_08_PD_10,-0.0020793277837677,NCIH1573,lung
PD_08_PD_12,-0.0008597148929734,NCIH1573,lung
PD_08_PD_14,-0.015255778805128,NCIH1573,lung
PD_08_PD_15,-8.31746211904516e-08,NCIH1573,lung
PD_10_PD_12,2.1227464230832998e-13,NCIH1573,lung
PD_10_PD_13,2.1227464230832998e-13,NCIH1573,lung
PD_10_PD_15,-2.599032100647492e-13,NCIH1573,lung
PD_01_PD_08,-0.0453888240315966,NCIH1581,lung
PD_01_PD_10,-0.0018772680018502,NCIH1581,lung
PD_06_PD_08,2.1327006236582235e-06,NCIH1581,lung
PD_06_PD_10,-0.5431949867338806,NCIH1581,lung
PD_06_PD_14,-0.0308905052827404,NCIH1581,lung
PD_07_PD_08,-1.2381153224216844e-05,NCIH1581,lung
PD_07_PD_10,-1.5932810626395624e-12,NCIH1581,lung
PD_08_PD_10,-0.0035835396587251,NCIH1581,lung
PD_08_PD_12,-0.0066624952885033,NCIH1581,lung
PD_08_PD_14,-0.0375530005381321,NCIH1581,lung
PD_08_PD_15,-3.947840817253301e-06,NCIH1581,lung
PD_10_PD_12,-3.3582359115769116e-11,NCIH1581,lung
PD_10_PD_13,2.986499936241671e-14,NCIH1581,lung
PD_10_PD_15,-2.76445533131664e-14,NCIH1581,lung
PD_01_PD_02,-0.0002201507571135,NCIH1623,lung
PD_01_PD_03,-0.000867319321625,NCIH1623,lung
PD_01_PD_08,-0.0132162468196767,NCIH1623,lung
PD_01_PD_10,-0.0011707636709782,NCIH1623,lung
PD_03_PD_05,-3.3747302952136244e-08,NCIH1623,lung
PD_03_PD_06,-0.0012343546920215,NCIH1623,lung
PD_03_PD_07,-3.611615340126661e-09,NCIH1623,lung
PD_03_PD_08,-0.0013154590738689,NCIH1623,lung
PD_03_PD_09,-5.209743068945727e-06,NCIH1623,lung
PD_03_PD_10,-4.620490670070865e-07,NCIH1623,lung
PD_03_PD_11,-4.620632562124527e-07,NCIH1623,lung
PD_03_PD_12,-2.220446049250313e-16,NCIH1623,lung
PD_03_PD_15,-6.798772655969286e-11,NCIH1623,lung
PD_06_PD_08,5.944834491344864e-08,NCIH1623,lung
PD_06_PD_10,-0.5116160680441351,NCIH1623,lung
PD_06_PD_14,-0.0039957249811315,NCIH1623,lung
PD_07_PD_08,-1.1553692378374336e-06,NCIH1623,lung
PD_07_PD_10,-6.704187205386346e-10,NCIH1623,lung
PD_08_PD_10,-0.0675935697951697,NCIH1623,lung
PD_08_PD_12,-0.0001336535055094,NCIH1623,lung
PD_08_PD_14,-0.0041293784866286,NCIH1623,lung
PD_08_PD_15,-5.362108468354165e-08,NCIH1623,lung
PD_10_PD_12,-2.4586604430165693e-07,NCIH1623,lung
PD_10_PD_13,1.4190648656153826e-11,NCIH1623,lung
PD_10_PD_15,-1.4712675522332574e-11,NCIH1623,lung
PD_01_PD_02,-0.0025045131266261,NCIH1648,lung
PD_01_PD_03,-0.0060881255941221,NCIH1648,lung
PD_01_PD_08,-0.0328984637851043,NCIH1648,lung
PD_01_PD_10,-0.0040548951363144,NCIH1648,lung
PD_03_PD_05,-1.0404133085062384e-06,NCIH1648,lung
PD_03_PD_06,-0.01763238711593,NCIH1648,lung
PD_03_PD_07,-1.1577142899898973e-07,NCIH1648,lung
PD_03_PD_08,-0.01763238711593,NCIH1648,lung
PD_03_PD_09,-1.0404122547935657e-06,NCIH1648,lung
PD_03_PD_10,-1.2439996805002629e-05,NCIH1648,lung
PD_03_PD_11,-1.244534252309304e-05,NCIH1648,lung
PD_03_PD_12,0.0,NCIH1648,lung
PD_03_PD_15,-7.484296182802552e-09,NCIH1648,lung
PD_06_PD_08,0.001507046027883,NCIH1648,lung
PD_06_PD_10,-0.5472219985115245,NCIH1648,lung
PD_06_PD_14,-0.0088463203506928,NCIH1648,lung
PD_07_PD_08,-0.0026721656174861,NCIH1648,lung
PD_07_PD_10,-9.11528237335091e-08,NCIH1648,lung
PD_08_PD_10,-0.4616864676742197,NCIH1648,lung
PD_08_PD_12,0.0,NCIH1648,lung
PD_08_PD_14,-0.0088463203506928,NCIH1648,lung
PD_08_PD_15,-0.00023611071354,NCIH1648,lung
PD_10_PD_12,-9.95786009205801e-10,NCIH1648,lung
PD_10_PD_13,5.351364906758249e-09,NCIH1648,lung
PD_10_PD_15,-3.746876364729701e-09,NCIH1648,lung
PD_01_PD_08,-0.0154561555864448,NCIH1650,lung
PD_01_PD_10,-0.0005287480912796,NCIH1650,lung
PD_06_PD_08,1.0965406860297124e-07,NCIH1650,lung
PD_06_PD_10,-0.4445234697651273,NCIH1650,lung
PD_06_PD_14,-0.0739064677468409,NCIH1650,lung
PD_07_PD_08,-6.195714123968799e-06,NCIH1650,lung
PD_07_PD_10,-3.782196777990521e-11,NCIH1650,lung
PD_08_PD_10,-0.0018412353241019,NCIH1650,lung
PD_08_PD_12,-0.1183247427580388,NCIH1650,lung
PD_08_PD_14,-0.1922312077594234,NCIH1650,lung
PD_08_PD_15,-3.413457445589075e-07,NCIH1650,lung
PD_10_PD_12,2.690070388666755e-13,NCIH1650,lung
PD_10_PD_13,2.524647157997606e-13,NCIH1650,lung
PD_10_PD_15,-2.8610447344590284e-13,NCIH1650,lung
PD_01_PD_08,-0.0221012451766194,NCIH1651,lung
PD_01_PD_10,-0.0020973205376778,NCIH1651,lung
PD_06_PD_08,9.802506084621855e-08,NCIH1651,lung
PD_06_PD_10,-0.478958747502187,NCIH1651,lung
PD_06_PD_14,-0.0186088429889622,NCIH1651,lung
PD_07_PD_08,-5.4820054811166585e-06,NCIH1651,lung
PD_07_PD_10,-1.9296086950504327e-10,NCIH1651,lung
PD_08_PD_10,-0.0022595382271878,NCIH1651,lung
PD_08_PD_12,-0.0015894167297969,NCIH1651,lung
PD_08_PD_14,-0.020198259704484,NCIH1651,lung
PD_08_PD_15,-1.1969140728540497e-06,NCIH1651,lung
PD_10_PD_12,4.383382545825043e-12,NCIH1651,lung
PD_10_PD_13,4.381717211288105e-12,NCIH1651,lung
PD_10_PD_15,-1.3016476785310259e-11,NCIH1651,lung
PD_01_PD_02,-0.0086979481275336,NCIH1666,lung
PD_01_PD_03,-0.0160678227399998,NCIH1666,lung
PD_01_PD_08,-0.0869298568941937,NCIH1666,lung
PD_01_PD_10,-0.0096986416234406,NCIH1666,lung
PD_03_PD_05,-5.969665650695788e-09,NCIH1666,lung
PD_03_PD_06,-0.1594121475630882,NCIH1666,lung
PD_03_PD_07,-8.732903289399019e-11,NCIH1666,lung
PD_03_PD_08,-0.1594121475630882,NCIH1666,lung
PD_03_PD_09,-5.9696638743389485e-09,NCIH1666,lung
PD_03_PD_10,-4.011351989463563e-07,NCIH1666,lung
PD_03_PD_11,-4.012715159040781e-07,NCIH1666,lung
PD_03_PD_12,0.0,NCIH1666,lung
PD_03_PD_15,-5.648592704687872e-12,NCIH1666,lung
PD_06_PD_08,0.0632263872936923,NCIH1666,lung
PD_06_PD_10,-0.5345671354655406,NCIH1666,lung
PD_06_PD_14,-0.104706540984429,NCIH1666,lung
PD_07_PD_08,-0.1239287268124408,NCIH1666,lung
PD_07_PD_10,-2.535413101689698e-09,NCIH1666,lung
PD_08_PD_10,-0.4193320131703048,NCIH1666,lung
PD_08_PD_12,0.0,NCIH1666,lung
PD_08_PD_14,-0.104706540984429,NCIH1666,lung
PD_08_PD_15,-0.0051481419367861,NCIH1666,lung
PD_10_PD_12,-2.2732666415947733e-08,NCIH1666,lung
PD_10_PD_13,1.3631695772176045e-10,NCIH1666,lung
PD_10_PD_15,-7.528500045594909e-11,NCIH1666,lung
PD_01_PD_08,-0.0184062368999827,NCIH1688,lung
PD_01_PD_10,-0.0010289410837523,NCIH1688,lung
PD_06_PD_08,2.8272377883276082e-08,NCIH1688,lung
PD_06_PD_10,-0.5172269990775398,NCIH1688,lung
PD_06_PD_14,-0.0158872320798261,NCIH1688,lung
PD_07_PD_08,-2.2383143853943466e-06,NCIH1688,lung
PD_07_PD_10,-9.132028466751764e-12,NCIH1688,lung
PD_08_PD_10,-0.0019842256256817,NCIH1688,lung
PD_08_PD_12,-0.0011965707130989,NCIH1688,lung
PD_08_PD_14,-0.0170838027921064,NCIH1688,lung
PD_08_PD_15,-9.982626947291352e-08,NCIH1688,lung
PD_10_PD_12,1.1868284133242926e-13,NCIH1688,lung
PD_10_PD_13,1.1868284133242926e-13,NCIH1688,lung
PD_10_PD_15,-1.4888090760223352e-13,NCIH1688,lung
PD_01_PD_02,-0.002847631704067,NCIH1693,lung
PD_01_PD_03,-0.0112618629832822,NCIH1693,lung
PD_01_PD_08,-0.0349231512399625,NCIH1693,lung
PD_01_PD_10,-0.0081850677722693,NCIH1693,lung
PD_03_PD_05,-2.7666977758800115e-06,NCIH1693,lung
PD_03_PD_06,-0.0212485181805855,NCIH1693,lung
PD_03_PD_07,-3.6084060983654354e-07,NCIH1693,lung
PD_03_PD_08,-0.021149532810784,NCIH1693,lung
PD_03_PD_09,-2.7666974756757057e-06,NCIH1693,lung
PD_03_PD_10,-2.717702074583883e-05,NCIH1693,lung
PD_03_PD_11,-2.7183062920710377e-05,NCIH1693,lung
PD_03_PD_12,-1.0702327912781584e-10,NCIH1693,lung
PD_03_PD_15,-2.6517102513778923e-08,NCIH1693,lung
PD_06_PD_08,0.0013376614661536,NCIH1693,lung
PD_06_PD_10,-0.5358231076456692,NCIH1693,lung
PD_06_PD_14,-0.0084316965009461,NCIH1693,lung
PD_07_PD_08,-0.0024898143776169,NCIH1693,lung
PD_07_PD_10,-1.0086301160949773e-07,NCIH1693,lung
PD_08_PD_10,-0.3916598528503202,NCIH1693,lung
PD_08_PD_12,-6.403566565893469e-11,NCIH1693,lung
PD_08_PD_14,-0.0084316965649817,NCIH1693,lung
PD_08_PD_15,-0.0001917837493345,NCIH1693,lung
PD_10_PD_12,-1.076778888275953e-09,NCIH1693,lung
PD_10_PD_13,6.0512801436374275e-09,NCIH1693,lung
PD_10_PD_15,-3.806107873316478e-09,NCIH1693,lung
PD_01_PD_02,-0.0046692073337697,NCIH1694,lung
PD_01_PD_03,-0.0100423731124914,NCIH1694,lung
PD_01_PD_08,-0.0527898422001669,NCIH1694,lung
PD_01_PD_10,-0.0074000781394721,NCIH1694,lung
PD_03_PD_05,-1.0581250320385036e-09,NCIH1694,lung
PD_03_PD_06,-0.0312828394892034,NCIH1694,lung
PD_03_PD_07,-8.416989327741929e-11,NCIH1694,lung
PD_03_PD_08,-0.0314568929162953,NCIH1694,lung
PD_03_PD_09,-5.843504502500708e-08,NCIH1694,lung
PD_03_PD_10,-5.347230097596523e-07,NCIH1694,lung
PD_03_PD_11,-5.347695934965202e-07,NCIH1694,lung
PD_03_PD_12,0.0,NCIH1694,lung
PD_03_PD_15,-4.732880753977042e-13,NCIH1694,lung
PD_06_PD_08,0.0043542424348906,NCIH1694,lung
PD_06_PD_10,-0.5339329575289975,NCIH1694,lung
PD_06_PD_14,-0.0189381649356242,NCIH1694,lung
PD_07_PD_08,-0.007530417655879,NCIH1694,lung
PD_07_PD_10,-1.1315953729607031e-09,NCIH1694,lung
PD_08_PD_10,-0.376251653503445,NCIH1694,lung
PD_08_PD_12,-0.000174053427092,NCIH1694,lung
PD_08_PD_14,-0.0191122183627163,NCIH1694,lung
PD_08_PD_15,-0.0005311300305461,NCIH1694,lung
PD_10_PD_12,-3.3306690738754696e-16,NCIH1694,lung
PD_10_PD_13,4.658373686794448e-11,NCIH1694,lung
PD_10_PD_15,-4.3286374484807766e-11,NCIH1694,lung
PD_01_PD_08,-0.0184062368999827,NCIH1703,lung
PD_01_PD_10,-0.0010289410837523,NCIH1703,lung
PD_06_PD_08,2.8272377883276082e-08,NCIH1703,lung
PD_06_PD_10,-0.5172269990775398,NCIH1703,lung
PD_06_PD_14,-0.0158872320798261,NCIH1703,lung
PD_07_PD_08,-2.2383143853943466e-06,NCIH1703,lung
PD_07_PD_10,-9.132028466751764e-12,NCIH1703,lung
PD_08_PD_10,-0.0019842256256817,NCIH1703,lung
PD_08_PD_12,-0.0011965707130989,NCIH1703,lung
PD_08_PD_14,-0.0170838027921064,NCIH1703,lung
PD_08_PD_15,-9.982626947291352e-08,NCIH1703,lung
PD_10_PD_12,1.1868284133242926e-13,NCIH1703,lung
PD_10_PD_13,1.1868284133242926e-13,NCIH1703,lung
PD_10_PD_15,-1.4888090760223352e-13,NCIH1703,lung
PD_01_PD_02,-0.0050739245823251,NCIH1755,lung
PD_01_PD_03,-0.0100300215118812,NCIH1755,lung
PD_01_PD_08,-0.0254779765331728,NCIH1755,lung
PD_01_PD_10,-0.0109938573591416,NCIH1755,lung
PD_03_PD_05,-1.0540286754512353e-08,NCIH1755,lung
PD_03_PD_06,-0.0184771253356581,NCIH1755,lung
PD_03_PD_07,-3.037943008266097e-09,NCIH1755,lung
PD_03_PD_08,-0.0184755623698106,NCIH1755,lung
PD_03_PD_09,-1.0540286088378537e-08,NCIH1755,lung
PD_03_PD_10,-5.24835651050104e-07,NCIH1755,lung
PD_03_PD_11,-5.249408902008312e-07,NCIH1755,lung
PD_03_PD_12,-4.932720898409572e-13,NCIH1755,lung
PD_03_PD_15,-1.573108310282123e-11,NCIH1755,lung
PD_06_PD_08,0.0037115367876737,NCIH1755,lung
PD_06_PD_10,-0.528618167218398,NCIH1755,lung
PD_06_PD_14,-0.0118239368638179,NCIH1755,lung
PD_07_PD_08,-0.0069643414301706,NCIH1755,lung
PD_07_PD_10,-3.0986224697215903e-09,NCIH1755,lung
PD_08_PD_10,-0.4060959890107167,NCIH1755,lung
PD_08_PD_12,-5.828670879282073e-14,NCIH1755,lung
PD_08_PD_14,-0.0118239368638762,NCIH1755,lung
PD_08_PD_15,-0.0004372152823706,NCIH1755,lung
PD_10_PD_12,-1.6913639377946765e-07,NCIH1755,lung
PD_10_PD_13,1.0525269544814364e-10,NCIH1755,lung
PD_10_PD_15,-7.541822721890412e-11,NCIH1755,lung
PD_01_PD_08,-0.0569481787526741,NCIH1781,lung
PD_01_PD_10,-0.0006110258510928,NCIH1781,lung
PD_06_PD_08,2.5287848123167755e-05,NCIH1781,lung
PD_06_PD_10,-0.4959343839149658,NCIH1781,lung
PD_06_PD_14,-0.0619712784364769,NCIH1781,lung
PD_07_PD_08,-0.0003040741388791,NCIH1781,lung
PD_07_PD_10,-1.4435119766176285e-12,NCIH1781,lung
PD_08_PD_10,-0.0221349798847309,NCIH1781,lung
PD_08_PD_12,-0.0150429628290826,NCIH1781,lung
PD_08_PD_14,-0.0770142412627381,NCIH1781,lung
PD_08_PD_15,-3.932485310975675e-05,NCIH1781,lung
PD_10_PD_12,-2.2562951507154597e-11,NCIH1781,lung
PD_10_PD_13,1.3100631690576847e-14,NCIH1781,lung
PD_10_PD_15,-8.437694987151191e-15,NCIH1781,lung
PD_01_PD_02,-0.0039378924889714,NCIH1792,lung
PD_01_PD_03,-0.0084148105660529,NCIH1792,lung
PD_01_PD_08,-0.0392030329852171,NCIH1792,lung
PD_01_PD_10,-0.0101155627716147,NCIH1792,lung
PD_03_PD_05,-6.113867412338436e-09,NCIH1792,lung
PD_03_PD_06,-0.0203411052157417,NCIH1792,lung
PD_03_PD_07,-1.7217838266248007e-09,NCIH1792,lung
PD_03_PD_08,-0.0203442235771951,NCIH1792,lung
PD_03_PD_09,-3.126405312414704e-08,NCIH1792,lung
PD_03_PD_10,-3.157879938653352e-07,NCIH1792,lung
PD_03_PD_11,-3.1583538140367295e-07,NCIH1792,lung
PD_03_PD_12,-2.0450308113595386e-13,NCIH1792,lung
PD_03_PD_15,-7.563949466771192e-12,NCIH1792,lung
PD_06_PD_08,0.0032970847389436,NCIH1792,lung
PD_06_PD_10,-0.5084986617068908,NCIH1792,lung
PD_06_PD_14,-0.011712332747083,NCIH1792,lung
PD_07_PD_08,-0.0066378695555228,NCIH1792,lung
PD_07_PD_10,-1.567766028109929e-09,NCIH1792,lung
PD_08_PD_10,-0.3501842764449232,NCIH1792,lung
PD_08_PD_12,-4.261477219880128e-06,NCIH1792,lung
PD_08_PD_14,-0.0117165942243029,NCIH1792,lung
PD_08_PD_15,-0.0004057243171461,NCIH1792,lung
PD_10_PD_12,-1.010296346581896e-07,NCIH1792,lung
PD_10_PD_13,4.739175718526667e-11,NCIH1792,lung
PD_10_PD_15,-3.5511482643357795e-11,NCIH1792,lung
PD_01_PD_02,-0.0047742872282622,NCIH1793,lung
PD_01_PD_03,-0.0094280435837277,NCIH1793,lung
PD_01_PD_08,-0.0344020503382035,NCIH1793,lung
PD_01_PD_10,-0.0101548231594438,NCIH1793,lung
PD_03_PD_05,-3.7121689056007763e-09,NCIH1793,lung
PD_03_PD_06,-0.022071764893557,NCIH1793,lung
PD_03_PD_07,-7.658929046527874e-10,NCIH1793,lung
PD_03_PD_08,-0.022158611615198,NCIH1793,lung
PD_03_PD_09,-1.8593978545755618e-07,NCIH1793,lung
PD_03_PD_10,-1.3005333221460802e-07,NCIH1793,lung
PD_03_PD_11,-1.3006979304730493e-07,NCIH1793,lung
PD_03_PD_12,-5.850875339774575e-14,NCIH1793,lung
PD_03_PD_15,-3.584355035002318e-12,NCIH1793,lung
PD_06_PD_08,0.0027946573874418,NCIH1793,lung
PD_06_PD_10,-0.5003606278669349,NCIH1793,lung
PD_06_PD_14,-0.0127096456048813,NCIH1793,lung
PD_07_PD_08,-0.006187040998002,NCIH1793,lung
PD_07_PD_10,-6.010786313126458e-10,NCIH1793,lung
PD_08_PD_10,-0.2969752047454816,NCIH1793,lung
PD_08_PD_12,-8.756618552219209e-05,NCIH1793,lung
PD_08_PD_14,-0.0127972117904034,NCIH1793,lung
PD_08_PD_15,-0.0003643379958457,NCIH1793,lung
PD_10_PD_12,-4.9631524112747634e-08,NCIH1793,lung
PD_10_PD_13,1.6462387009141818e-11,NCIH1793,lung
PD_10_PD_15,-1.2853162978387898e-11,NCIH1793,lung
PD_01_PD_08,-0.0523680210223124,NCIH1838,lung
PD_01_PD_10,-0.0037676093268148,NCIH1838,lung
PD_06_PD_08,7.350293618535453e-06,NCIH1838,lung
PD_06_PD_10,-0.5398756976055272,NCIH1838,lung
PD_06_PD_14,-0.0327668996406886,NCIH1838,lung
PD_07_PD_08,-3.647859170508028e-05,NCIH1838,lung
PD_07_PD_10,-1.7285617381901375e-09,NCIH1838,lung
PD_08_PD_10,-0.0042504469296426,NCIH1838,lung
PD_08_PD_12,-0.0045630607592195,NCIH1838,lung
PD_08_PD_14,-0.0373299562198257,NCIH1838,lung
PD_08_PD_15,-1.0987798941042293e-05,NCIH1838,lung
PD_10_PD_12,6.488753978572959e-11,NCIH1838,lung
PD_10_PD_13,4.242584061842081e-11,NCIH1838,lung
PD_10_PD_15,-3.7536751484879005e-11,NCIH1838,lung
PD_01_PD_08,-0.0210966560100416,NCIH1869,lung
PD_01_PD_10,-0.0012453341441254,NCIH1869,lung
PD_06_PD_08,3.9320325662117745e-08,NCIH1869,lung
PD_06_PD_10,-0.5474541186697784,NCIH1869,lung
PD_06_PD_14,-0.0206477544932287,NCIH1869,lung
PD_07_PD_08,-1.832519269329147e-06,NCIH1869,lung
PD_07_PD_10,-1.3012146915514222e-11,NCIH1869,lung
PD_08_PD_10,-0.0016358275738594,NCIH1869,lung
PD_08_PD_12,-0.0025870093007903,NCIH1869,lung
PD_08_PD_14,-0.0232347637910834,NCIH1869,lung
PD_08_PD_15,-1.2943461391579092e-07,NCIH1869,lung
PD_10_PD_12,1.9562129693895258e-13,NCIH1869,lung
PD_10_PD_13,1.9539925233402758e-13,NCIH1869,lung
PD_10_PD_15,-2.383648833870211e-13,NCIH1869,lung
PD_01_PD_02,-0.0046460920207729,NCIH1876,lung
PD_01_PD_03,-0.0087918581342495,NCIH1876,lung
PD_01_PD_08,-0.1710882969405676,NCIH1876,lung
PD_01_PD_10,-0.0113746796600786,NCIH1876,lung
PD_03_PD_05,-3.544445337233526e-08,NCIH1876,lung
PD_03_PD_06,-0.1205401919504588,NCIH1876,lung
PD_03_PD_07,-4.394959396414322e-09,NCIH1876,lung
PD_03_PD_08,-0.1205401919504588,NCIH1876,lung
PD_03_PD_09,-3.544443893943594e-08,NCIH1876,lung
PD_03_PD_10,-9.035993073780446e-07,NCIH1876,lung
PD_03_PD_11,-9.040084798517256e-07,NCIH1876,lung
PD_03_PD_12,0.0,NCIH1876,lung
PD_03_PD_15,-5.987221829428789e-11,NCIH1876,lung
PD_06_PD_08,0.0379093224633021,NCIH1876,lung
PD_06_PD_10,-0.5056240000359584,NCIH1876,lung
PD_06_PD_14,-0.0726146355950484,NCIH1876,lung
PD_07_PD_08,-0.0288041290432921,NCIH1876,lung
PD_07_PD_10,-6.440430522225426e-09,NCIH1876,lung
PD_08_PD_10,-0.4482055878319942,NCIH1876,lung
PD_08_PD_12,0.0,NCIH1876,lung
PD_08_PD_14,-0.0726146355950484,NCIH1876,lung
PD_08_PD_15,-0.0031183276319471,NCIH1876,lung
PD_10_PD_12,-4.46193473280232e-08,NCIH1876,lung
PD_10_PD_13,4.0917669252849004e-10,NCIH1876,lung
PD_10_PD_15,-2.1166302044406396e-10,NCIH1876,lung
PD_01_PD_08,-0.0449103536589249,NCIH1915,lung
PD_01_PD_10,-0.003325794827876,NCIH1915,lung
PD_06_PD_08,2.9768774914007423e-06,NCIH1915,lung
PD_06_PD_10,-0.4676621444253515,NCIH1915,lung
PD_06_PD_14,-0.0285614493060154,NCIH1915,lung
PD_07_PD_08,-1.9808199313353647e-05,NCIH1915,lung
PD_07_PD_10,-1.2485437128617603e-09,NCIH1915,lung
PD_08_PD_10,-0.0050533526189938,NCIH1915,lung
PD_08_PD_12,-0.0041488399347882,NCIH1915,lung
PD_08_PD_14,-0.0327102891465993,NCIH1915,lung
PD_08_PD_15,-4.50214360203649e-06,NCIH1915,lung
PD_10_PD_12,-6.163305221740245e-08,NCIH1915,lung
PD_10_PD_13,1.0146072870753642e-10,NCIH1915,lung
PD_10_PD_15,-7.8760997723748e-11,NCIH1915,lung
PD_01_PD_02,-0.0640821676304396,NCIH1944,lung
PD_01_PD_03,-0.0851878702244387,NCIH1944,lung
PD_01_PD_08,-0.0976379590864063,NCIH1944,lung
PD_01_PD_10,-0.1889927228860102,NCIH1944,lung
PD_03_PD_05,-0.0066974803923071,NCIH1944,lung
PD_03_PD_06,-0.0926880726467723,NCIH1944,lung
PD_03_PD_07,-0.0076271691910284,NCIH1944,lung
PD_03_PD_08,-0.0589809706975725,NCIH1944,lung
PD_03_PD_09,-0.0063188681472863,NCIH1944,lung
PD_03_PD_10,-0.0233875924417046,NCIH1944,lung
PD_03_PD_11,-0.0344087105238187,NCIH1944,lung
PD_03_PD_12,-0.0264773228230336,NCIH1944,lung
PD_03_PD_15,-0.0005836293489869,NCIH1944,lung
PD_06_PD_08,0.0034154822252137,NCIH1944,lung
PD_06_PD_10,-0.1852050972523691,NCIH1944,lung
PD_06_PD_14,-0.050749914328648,NCIH1944,lung
PD_07_PD_08,-0.0104376055930036,NCIH1944,lung
PD_07_PD_10,-0.0117892786293494,NCIH1944,lung
PD_08_PD_10,-0.2861226230564309,NCIH1944,lung
PD_08_PD_12,-0.3059583833768784,NCIH1944,lung
PD_08_PD_14,-0.351524763850612,NCIH1944,lung
PD_08_PD_15,-0.0008890540640342,NCIH1944,lung
PD_10_PD_12,-0.0270445372877303,NCIH1944,lung
PD_10_PD_13,0.0121321419276453,NCIH1944,lung
PD_10_PD_15,-0.0015134798746518,NCIH1944,lung
PD_01_PD_08,-0.0476935464231891,NCIH196,lung
PD_01_PD_10,-0.0002520017017392,NCIH196,lung
PD_06_PD_08,3.075666922747189e-05,NCIH196,lung
PD_06_PD_10,-0.4953922905958,NCIH196,lung
PD_06_PD_14,-0.0567389355497532,NCIH196,lung
PD_07_PD_08,-0.0003060580883674,NCIH196,lung
PD_07_PD_10,-7.851497230149107e-13,NCIH196,lung
PD_08_PD_10,-0.0184381439158995,NCIH196,lung
PD_08_PD_12,-0.0119049932920257,NCIH196,lung
PD_08_PD_14,-0.0686439288380473,NCIH196,lung
PD_08_PD_15,-4.612330089914796e-05,NCIH196,lung
PD_10_PD_12,-7.985612171523826e-12,NCIH196,lung
PD_10_PD_13,4.107825191113079e-15,NCIH196,lung
PD_10_PD_15,-2.664535259100376e-15,NCIH196,lung
PD_01_PD_08,-0.0184062368999827,NCIH1963,lung
PD_01_PD_10,-0.0010289410837523,NCIH1963,lung
PD_06_PD_08,2.8272377883276082e-08,NCIH1963,lung
PD_06_PD_10,-0.5172269990775398,NCIH1963,lung
PD_06_PD_14,-0.0158872320798261,NCIH1963,lung
PD_07_PD_08,-2.2383143853943466e-06,NCIH1963,lung
PD_07_PD_10,-9.132028466751764e-12,NCIH1963,lung
PD_08_PD_10,-0.0019842256256817,NCIH1963,lung
PD_08_PD_12,-0.0011965707130989,NCIH1963,lung
PD_08_PD_14,-0.0170838027921064,NCIH1963,lung
PD_08_PD_15,-9.982626947291352e-08,NCIH1963,lung
PD_10_PD_12,1.1868284133242926e-13,NCIH1963,lung
PD_10_PD_13,1.1868284133242926e-13,NCIH1963,lung
PD_10_PD_15,-1.4888090760223352e-13,NCIH1963,lung
PD_01_PD_08,-0.1889587311793615,NCIH1975,lung
PD_01_PD_10,-0.0800199544622591,NCIH1975,lung
PD_06_PD_08,0.0141926106760917,NCIH1975,lung
PD_06_PD_10,-0.2243135666319915,NCIH1975,lung
PD_06_PD_14,-0.073541744584448,NCIH1975,lung
PD_07_PD_08,-0.0243211318200157,NCIH1975,lung
PD_07_PD_10,-0.0004695012076284,NCIH1975,lung
PD_08_PD_10,-0.1685248501476821,NCIH1975,lung
PD_08_PD_12,-0.269882772958516,NCIH1975,lung
PD_08_PD_14,-0.3427261805832901,NCIH1975,lung
PD_08_PD_15,-0.0078671238902227,NCIH1975,lung
PD_10_PD_12,-0.0008601991154006,NCIH1975,lung
PD_10_PD_13,0.0001283248475915,NCIH1975,lung
PD_10_PD_15,-2.7443487069733763e-05,NCIH1975,lung
PD_01_PD_02,-0.0621968780683107,NCIH1993,lung
PD_01_PD_03,-0.0906910286025419,NCIH1993,lung
PD_01_PD_08,-0.1518687025203586,NCIH1993,lung
PD_01_PD_10,-0.1034215991975923,NCIH1993,lung
PD_03_PD_05,-0.0016936196822826,NCIH1993,lung
PD_03_PD_06,-0.078044352423467,NCIH1993,lung
PD_03_PD_07,-0.000720037373552,NCIH1993,lung
PD_03_PD_08,-0.0753291052136558,NCIH1993,lung
PD_03_PD_09,-0.0016880576586023,NCIH1993,lung
PD_03_PD_10,-0.0083876459694443,NCIH1993,lung
PD_03_PD_11,-0.0090117359920636,NCIH1993,lung
PD_03_PD_12,-1.1389780777526504e-05,NCIH1993,lung
PD_03_PD_15,-6.395247033275098e-05,NCIH1993,lung
PD_06_PD_08,0.0044322835441295,NCIH1993,lung
PD_06_PD_10,-0.4981142522298688,NCIH1993,lung
PD_06_PD_14,-0.0308603533897027,NCIH1993,lung
PD_07_PD_08,-0.0056520697414141,NCIH1993,lung
PD_07_PD_10,-0.0015855105064184,NCIH1993,lung
PD_08_PD_10,-0.4420177804486475,NCIH1993,lung
PD_08_PD_12,-1.6287108442925025e-05,NCIH1993,lung
PD_08_PD_14,-0.0308766400499408,NCIH1993,lung
PD_08_PD_15,-0.0007667054811489,NCIH1993,lung
PD_10_PD_12,-0.0009104257308261,NCIH1993,lung
PD_10_PD_13,0.0006372205244026,NCIH1993,lung
PD_10_PD_15,-0.0001191669948675,NCIH1993,lung
PD_01_PD_02,-0.0003137324714134,NCIH2009,lung
PD_01_PD_03,-0.0007668867463754,NCIH2009,lung
PD_01_PD_08,-0.0047048187992727,NCIH2009,lung
PD_01_PD_10,-0.002158233775952,NCIH2009,lung
PD_03_PD_05,-1.677901151353467e-10,NCIH2009,lung
PD_03_PD_06,-0.0900155928809046,NCIH2009,lung
PD_03_PD_07,-1.2667611404282295e-10,NCIH2009,lung
PD_03_PD_08,-3.5068860648745925e-06,NCIH2009,lung
PD_03_PD_09,-2.3183022981321244e-06,NCIH2009,lung
PD_03_PD_10,-3.291911206959597e-07,NCIH2009,lung
PD_03_PD_11,-3.313039845798116e-07,NCIH2009,lung
PD_03_PD_12,-9.092223640649875e-10,NCIH2009,lung
PD_03_PD_15,-7.364109322338663e-13,NCIH2009,lung
PD_06_PD_08,4.4353076766867616e-11,NCIH2009,lung
PD_06_PD_10,-0.4810650486466922,NCIH2009,lung
PD_06_PD_14,-0.0539317618748117,NCIH2009,lung
PD_07_PD_08,-3.102880619110237e-09,NCIH2009,lung
PD_07_PD_10,-1.390345031326845e-07,NCIH2009,lung
PD_08_PD_10,-0.0189673754743695,NCIH2009,lung
PD_08_PD_12,-0.0473781994568279,NCIH2009,lung
PD_08_PD_14,-0.1013099613166463,NCIH2009,lung
PD_08_PD_15,-1.3148238053872774e-10,NCIH2009,lung
PD_10_PD_12,-2.068877957839277e-09,NCIH2009,lung
PD_10_PD_13,2.1128647720303206e-09,NCIH2009,lung
PD_10_PD_15,-1.3950189892142362e-09,NCIH2009,lung
PD_01_PD_08,-0.0490991274438188,NCIH2023,lung
PD_01_PD_10,-0.0007913736076742,NCIH2023,lung
PD_06_PD_08,2.332203637323005e-06,NCIH2023,lung
PD_06_PD_10,-0.5246531876162992,NCIH2023,lung
PD_06_PD_14,-0.0194434461314967,NCIH2023,lung
PD_07_PD_08,-9.780167554152008e-06,NCIH2023,lung
PD_07_PD_10,-1.606603738935064e-11,NCIH2023,lung
PD_08_PD_10,-0.0021441445959112,NCIH2023,lung
PD_08_PD_12,-0.0014896245017308,NCIH2023,lung
PD_08_PD_14,-0.0209330705288524,NCIH2023,lung
PD_08_PD_15,-4.17120789497627e-06,NCIH2023,lung
PD_10_PD_12,4.2332803928957224e-13,NCIH2023,lung
PD_10_PD_13,2.6356694604601216e-13,NCIH2023,lung
PD_10_PD_15,-3.064215547965432e-13,NCIH2023,lung
PD_01_PD_08,-0.0184062368999827,NCIH2029,lung
PD_01_PD_10,-0.0010289410837523,NCIH2029,lung
PD_06_PD_08,2.8272377883276082e-08,NCIH2029,lung
PD_06_PD_10,-0.5172269990775398,NCIH2029,lung
PD_06_PD_14,-0.0158872320798261,NCIH2029,lung
PD_07_PD_08,-2.2383143853943466e-06,NCIH2029,lung
PD_07_PD_10,-9.132028466751764e-12,NCIH2029,lung
PD_08_PD_10,-0.0019842256256817,NCIH2029,lung
PD_08_PD_12,-0.0011965707130989,NCIH2029,lung
PD_08_PD_14,-0.0170838027921064,NCIH2029,lung
PD_08_PD_15,-9.982626947291352e-08,NCIH2029,lung
PD_10_PD_12,1.1868284133242926e-13,NCIH2029,lung
PD_10_PD_13,1.1868284133242926e-13,NCIH2029,lung
PD_10_PD_15,-1.4888090760223352e-13,NCIH2029,lung
PD_01_PD_08,-0.0182195909342283,NCIH2052,lung
PD_01_PD_10,-0.0004743359571297,NCIH2052,lung
PD_06_PD_08,5.12806118679876e-08,NCIH2052,lung
PD_06_PD_10,-0.4357627839323716,NCIH2052,lung
PD_06_PD_14,-0.0908146287485788,NCIH2052,lung
PD_07_PD_08,-1.6310026763610708e-06,NCIH2052,lung
PD_07_PD_10,-8.868472622935997e-11,NCIH2052,lung
PD_08_PD_10,-0.0016516628223538,NCIH2052,lung
PD_08_PD_12,-0.1263532967504885,NCIH2052,lung
PD_08_PD_14,-0.2171679254065679,NCIH2052,lung
PD_08_PD_15,-1.260543356362831e-07,NCIH2052,lung
PD_10_PD_12,-2.568540935499186e-09,NCIH2052,lung
PD_10_PD_13,8.736344980775358e-13,NCIH2052,lung
PD_10_PD_15,-8.96283047779889e-13,NCIH2052,lung
PD_01_PD_08,-0.0128407041415181,NCIH2066,lung
PD_01_PD_10,-0.0008932656007487,NCIH2066,lung
PD_06_PD_08,2.879511640241361e-08,NCIH2066,lung
PD_06_PD_10,-0.5181790533517443,NCIH2066,lung
PD_06_PD_14,-0.0159872608574401,NCIH2066,lung
PD_07_PD_08,-2.3317098387654056e-06,NCIH2066,lung
PD_07_PD_10,-1.4275136628327799e-11,NCIH2066,lung
PD_08_PD_10,-0.002287613892391,NCIH2066,lung
PD_08_PD_12,-0.0012141516407744,NCIH2066,lung
PD_08_PD_14,-0.017201412497354,NCIH2066,lung
PD_08_PD_15,-1.006579772866445e-07,NCIH2066,lung
PD_10_PD_12,1.3200551762793114e-13,NCIH2066,lung
PD_10_PD_13,1.3200551762793114e-13,NCIH2066,lung
PD_10_PD_15,-1.6520118606422332e-13,NCIH2066,lung
PD_01_PD_02,-0.0042197626085886,NCIH2085,lung
PD_01_PD_03,-0.0086878862227768,NCIH2085,lung
PD_01_PD_08,-0.0374601940025105,NCIH2085,lung
PD_01_PD_10,-0.0098364108917604,NCIH2085,lung
PD_03_PD_05,-6.768175242477524e-09,NCIH2085,lung
PD_03_PD_06,-0.022957521377409,NCIH2085,lung
PD_03_PD_07,-1.9366147574473302e-09,NCIH2085,lung
PD_03_PD_08,-0.0230799829848694,NCIH2085,lung
PD_03_PD_09,-3.55580345390294e-07,NCIH2085,lung
PD_03_PD_10,-2.250390258584645e-07,NCIH2085,lung
PD_03_PD_11,-2.250850903440238e-07,NCIH2085,lung
PD_03_PD_12,-2.3003821070233244e-13,NCIH2085,lung
PD_03_PD_15,-8.475775636895833e-12,NCIH2085,lung
PD_06_PD_08,0.003296686295042,NCIH2085,lung
PD_06_PD_10,-0.5080823613010655,NCIH2085,lung
PD_06_PD_14,-0.0136966256856706,NCIH2085,lung
PD_07_PD_08,-0.0066378265274648,NCIH2085,lung
PD_07_PD_10,-1.5203118763906787e-09,NCIH2085,lung
PD_08_PD_10,-0.2989615155606342,NCIH2085,lung
PD_08_PD_12,-0.0001237476126986,NCIH2085,lung
PD_08_PD_14,-0.0138203732983692,NCIH2085,lung
PD_08_PD_15,-0.0004057215935638,NCIH2085,lung
PD_10_PD_12,-1.010296346581896e-07,NCIH2085,lung
PD_10_PD_13,4.606870440682087e-11,NCIH2085,lung
PD_10_PD_15,-3.3994140835602587e-11,NCIH2085,lung
PD_01_PD_02,-0.0495906309670255,NCIH2087,lung
PD_01_PD_03,-0.0695680156499649,NCIH2087,lung
PD_01_PD_08,-0.088611137979893,NCIH2087,lung
PD_01_PD_10,-0.1491222589811837,NCIH2087,lung
PD_03_PD_05,-0.0018548347412384,NCIH2087,lung
PD_03_PD_06,-0.1496012325582703,NCIH2087,lung
PD_03_PD_07,-0.0029970704937094,NCIH2087,lung
PD_03_PD_08,-0.0321451500004945,NCIH2087,lung
PD_03_PD_09,-0.0018196703048805,NCIH2087,lung
PD_03_PD_10,-0.0157451942623093,NCIH2087,lung
PD_03_PD_11,-0.021093888348778,NCIH2087,lung
PD_03_PD_12,-0.0049663290381203,NCIH2087,lung
PD_03_PD_15,-0.0001323332540561,NCIH2087,lung
PD_06_PD_08,0.0011288710231687,NCIH2087,lung
PD_06_PD_10,-0.4730376542493911,NCIH2087,lung
PD_06_PD_14,-0.0745706308200431,NCIH2087,lung
PD_07_PD_08,-0.004887486616891,NCIH2087,lung
PD_07_PD_10,-0.0098832414357172,NCIH2087,lung
PD_08_PD_10,-0.2619687516500792,NCIH2087,lung
PD_08_PD_12,-0.0238282237365647,NCIH2087,lung
PD_08_PD_14,-0.0983483492861846,NCIH2087,lung
PD_08_PD_15,-0.0002973511086606,NCIH2087,lung
PD_10_PD_12,-0.0029836891794536,NCIH2087,lung
PD_10_PD_13,0.0054328500087439,NCIH2087,lung
PD_10_PD_15,-0.0007609708093017,NCIH2087,lung
PD_01_PD_02,-0.0047742872282622,NCIH209,lung
PD_01_PD_03,-0.0094280435837277,NCIH209,lung
PD_01_PD_08,-0.0344020503382035,NCIH209,lung
PD_01_PD_10,-0.0101548231594438,NCIH209,lung
PD_03_PD_05,-3.7121689056007763e-09,NCIH209,lung
PD_03_PD_06,-0.022071764893557,NCIH209,lung
PD_03_PD_07,-7.658929046527874e-10,NCIH209,lung
PD_03_PD_08,-0.022158611615198,NCIH209,lung
PD_03_PD_09,-1.8593978545755618e-07,NCIH209,lung
PD_03_PD_10,-1.3005333221460802e-07,NCIH209,lung
PD_03_PD_11,-1.3006979304730493e-07,NCIH209,lung
PD_03_PD_12,-5.850875339774575e-14,NCIH209,lung
PD_03_PD_15,-3.584355035002318e-12,NCIH209,lung
PD_06_PD_08,0.0027946573874418,NCIH209,lung
PD_06_PD_10,-0.5003606278669349,NCIH209,lung
PD_06_PD_14,-0.0127096456048813,NCIH209,lung
PD_07_PD_08,-0.006187040998002,NCIH209,lung
PD_07_PD_10,-6.010786313126458e-10,NCIH209,lung
PD_08_PD_10,-0.2969752047454816,NCIH209,lung
PD_08_PD_12,-8.756618552219209e-05,NCIH209,lung
PD_08_PD_14,-0.0127972117904034,NCIH209,lung
PD_08_PD_15,-0.0003643379958457,NCIH209,lung
PD_10_PD_12,-4.9631524112747634e-08,NCIH209,lung
PD_10_PD_13,1.6462387009141818e-11,NCIH209,lung
PD_10_PD_15,-1.2853162978387898e-11,NCIH209,lung
PD_01_PD_02,-0.0595710857223301,NCIH211,lung
PD_01_PD_03,-0.1043667573722798,NCIH211,lung
PD_01_PD_08,-0.1069995186442888,NCIH211,lung
PD_01_PD_10,-0.1446952339466277,NCIH211,lung
PD_03_PD_05,-0.0031761456732938,NCIH211,lung
PD_03_PD_06,-0.1639570501590865,NCIH211,lung
PD_03_PD_07,-0.0030199743326044,NCIH211,lung
PD_03_PD_08,-0.0453794898312724,NCIH211,lung
PD_03_PD_09,-0.0031474480931326,NCIH211,lung
PD_03_PD_10,-0.0205687659767784,NCIH211,lung
PD_03_PD_11,-0.0266448462227995,NCIH211,lung
PD_03_PD_12,-0.0074890638005667,NCIH211,lung
PD_03_PD_15,-0.0002302623100773,NCIH211,lung
PD_06_PD_08,0.0010152706471737,NCIH211,lung
PD_06_PD_10,-0.4444110715991819,NCIH211,lung
PD_06_PD_14,-0.0691875378914121,NCIH211,lung
PD_07_PD_08,-0.0029622612773061,NCIH211,lung
PD_07_PD_10,-0.0100770454852116,NCIH211,lung
PD_08_PD_10,-0.2751277307405437,NCIH211,lung
PD_08_PD_12,-0.0520932982024366,NCIH211,lung
PD_08_PD_14,-0.1211398808840686,NCIH211,lung
PD_08_PD_15,-0.0002455221449442,NCIH211,lung
PD_10_PD_12,-0.0040253703887581,NCIH211,lung
PD_10_PD_13,0.0062142745306962,NCIH211,lung
PD_10_PD_15,-0.0007695366700771,NCIH211,lung
PD_01_PD_02,-0.0057679869382215,NCIH2122,lung
PD_01_PD_03,-0.0111066009653463,NCIH2122,lung
PD_01_PD_08,-0.0243064714988354,NCIH2122,lung
PD_01_PD_10,-0.0122799151983777,NCIH2122,lung
PD_03_PD_05,-3.996943109818574e-09,NCIH2122,lung
PD_03_PD_06,-0.0175154884309337,NCIH2122,lung
PD_03_PD_07,-8.251274108417305e-10,NCIH2122,lung
PD_03_PD_08,-0.0175147957346991,NCIH2122,lung
PD_03_PD_09,-3.996943109818574e-09,NCIH2122,lung
PD_03_PD_10,-2.1920376125361685e-07,NCIH2122,lung
PD_03_PD_11,-2.1922775950145026e-07,NCIH2122,lung
PD_03_PD_12,-7.227551890309769e-14,NCIH2122,lung
PD_03_PD_15,-4.170885858911788e-12,NCIH2122,lung
PD_06_PD_08,0.0029464267117995,NCIH2122,lung
PD_06_PD_10,-0.5245425848467651,NCIH2122,lung
PD_06_PD_14,-0.0110169480781967,NCIH2122,lung
PD_07_PD_08,-0.006330171496762,NCIH2122,lung
PD_07_PD_10,-8.345720781122167e-10,NCIH2122,lung
PD_08_PD_10,-0.4023225422132521,NCIH2122,lung
PD_08_PD_12,-7.327471962526033e-15,NCIH2122,lung
PD_08_PD_14,-0.011016948078204,NCIH2122,lung
PD_08_PD_15,-0.0003772250524362,NCIH2122,lung
PD_10_PD_12,-6.235465122017558e-08,NCIH2122,lung
PD_10_PD_13,2.4000912368649097e-11,NCIH2122,lung
PD_10_PD_15,-1.8614443320075225e-11,NCIH2122,lung
PD_01_PD_02,-0.0047742872282622,NCIH2141,lung
PD_01_PD_03,-0.0094280435837277,NCIH2141,lung
PD_01_PD_08,-0.0344020503382035,NCIH2141,lung
PD_01_PD_10,-0.0101548231594438,NCIH2141,lung
PD_03_PD_05,-3.7121689056007763e-09,NCIH2141,lung
PD_03_PD_06,-0.022071764893557,NCIH2141,lung
PD_03_PD_07,-7.658929046527874e-10,NCIH2141,lung
PD_03_PD_08,-0.022158611615198,NCIH2141,lung
PD_03_PD_09,-1.8593978545755618e-07,NCIH2141,lung
PD_03_PD_10,-1.3005333221460802e-07,NCIH2141,lung
PD_03_PD_11,-1.3006979304730493e-07,NCIH2141,lung
PD_03_PD_12,-5.850875339774575e-14,NCIH2141,lung
PD_03_PD_15,-3.584355035002318e-12,NCIH2141,lung
PD_06_PD_08,0.0027946573874418,NCIH2141,lung
PD_06_PD_10,-0.5003606278669349,NCIH2141,lung
PD_06_PD_14,-0.0127096456048813,NCIH2141,lung
PD_07_PD_08,-0.006187040998002,NCIH2141,lung
PD_07_PD_10,-6.010786313126458e-10,NCIH2141,lung
PD_08_PD_10,-0.2969752047454816,NCIH2141,lung
PD_08_PD_12,-8.756618552219209e-05,NCIH2141,lung
PD_08_PD_14,-0.0127972117904034,NCIH2141,lung
PD_08_PD_15,-0.0003643379958457,NCIH2141,lung
PD_10_PD_12,-4.9631524112747634e-08,NCIH2141,lung
PD_10_PD_13,1.6462387009141818e-11,NCIH2141,lung
PD_10_PD_15,-1.2853162978387898e-11,NCIH2141,lung
PD_01_PD_02,-0.0017773192942426,NCIH2170,lung
PD_01_PD_03,-0.0090279720668816,NCIH2170,lung
PD_01_PD_08,-0.0312812707291467,NCIH2170,lung
PD_01_PD_10,-0.0044088674444612,NCIH2170,lung
PD_03_PD_05,-2.9110575616719814e-06,NCIH2170,lung
PD_03_PD_06,-0.0211335156219955,NCIH2170,lung
PD_03_PD_07,-3.827861245753184e-07,NCIH2170,lung
PD_03_PD_08,-0.0211335156219955,NCIH2170,lung
PD_03_PD_09,-2.911057221943736e-06,NCIH2170,lung
PD_03_PD_10,-2.829322455388805e-05,NCIH2170,lung
PD_03_PD_11,-2.82997629441617e-05,NCIH2170,lung
PD_03_PD_12,0.0,NCIH2170,lung
PD_03_PD_15,-2.8315751299246017e-08,NCIH2170,lung
PD_06_PD_08,0.001363817207334,NCIH2170,lung
PD_06_PD_10,-0.5432966276848364,NCIH2170,lung
PD_06_PD_14,-0.0084962321121241,NCIH2170,lung
PD_07_PD_08,-0.0025185692454067,NCIH2170,lung
PD_07_PD_10,-1.0764566304999337e-07,NCIH2170,lung
PD_08_PD_10,-0.4649328704578763,NCIH2170,lung
PD_08_PD_12,0.0,NCIH2170,lung
PD_08_PD_14,-0.0084962321121241,NCIH2170,lung
PD_08_PD_15,-0.0001945425045415,NCIH2170,lung
PD_10_PD_12,-1.939905791559226e-09,NCIH2170,lung
PD_10_PD_13,6.548540376627443e-09,NCIH2170,lung
PD_10_PD_15,-4.095125127889787e-09,NCIH2170,lung
PD_01_PD_02,-0.0047742872282622,NCIH2228,lung
PD_01_PD_03,-0.0094280435837277,NCIH2228,lung
PD_01_PD_08,-0.0344020503382035,NCIH2228,lung
PD_01_PD_10,-0.0101548231594438,NCIH2228,lung
PD_03_PD_05,-3.7121689056007763e-09,NCIH2228,lung
PD_03_PD_06,-0.022071764893557,NCIH2228,lung
PD_03_PD_07,-7.658929046527874e-10,NCIH2228,lung
PD_03_PD_08,-0.022158611615198,NCIH2228,lung
PD_03_PD_09,-1.8593978545755618e-07,NCIH2228,lung
PD_03_PD_10,-1.3005333221460802e-07,NCIH2228,lung
PD_03_PD_11,-1.3006979304730493e-07,NCIH2228,lung
PD_03_PD_12,-5.850875339774575e-14,NCIH2228,lung
PD_03_PD_15,-3.584355035002318e-12,NCIH2228,lung
PD_06_PD_08,0.0027946573874418,NCIH2228,lung
PD_06_PD_10,-0.5003606278669349,NCIH2228,lung
PD_06_PD_14,-0.0127096456048813,NCIH2228,lung
PD_07_PD_08,-0.006187040998002,NCIH2228,lung
PD_07_PD_10,-6.010786313126458e-10,NCIH2228,lung
PD_08_PD_10,-0.2969752047454816,NCIH2228,lung
PD_08_PD_12,-8.756618552219209e-05,NCIH2228,lung
PD_08_PD_14,-0.0127972117904034,NCIH2228,lung
PD_08_PD_15,-0.0003643379958457,NCIH2228,lung
PD_10_PD_12,-4.9631524112747634e-08,NCIH2228,lung
PD_10_PD_13,1.6462387009141818e-11,NCIH2228,lung
PD_10_PD_15,-1.2853162978387898e-11,NCIH2228,lung
PD_01_PD_02,-0.0032503973490938,NCIH226,lung
PD_01_PD_03,-0.006363939364869,NCIH226,lung
PD_01_PD_08,-0.1051310329740534,NCIH226,lung
PD_01_PD_10,-0.0045933586927512,NCIH226,lung
PD_03_PD_05,-1.0963959073961861e-08,NCIH226,lung
PD_03_PD_06,-0.1163099004839011,NCIH226,lung
PD_03_PD_07,-2.4396773490309437e-10,NCIH226,lung
PD_03_PD_08,-0.1516461812621379,NCIH226,lung
PD_03_PD_09,-1.821617649522267e-05,NCIH226,lung
PD_03_PD_10,-5.880392539570067e-07,NCIH226,lung
PD_03_PD_11,-5.883450308052929e-07,NCIH226,lung
PD_03_PD_12,9.003908729710021e-14,NCIH226,lung
PD_03_PD_15,-1.411226691061529e-11,NCIH226,lung
PD_06_PD_08,0.0311649133599909,NCIH226,lung
PD_06_PD_10,-0.5061017604272404,NCIH226,lung
PD_06_PD_14,-0.0767584910074226,NCIH226,lung
PD_07_PD_08,-0.046184540473345,NCIH226,lung
PD_07_PD_10,-5.0253461392202325e-09,NCIH226,lung
PD_08_PD_10,-0.2491128075612454,NCIH226,lung
PD_08_PD_12,-0.0353362807787632,NCIH226,lung
PD_08_PD_14,-0.1120947715924611,NCIH226,lung
PD_08_PD_15,-0.0026235691458695,NCIH226,lung
PD_10_PD_12,-1.6951908876627897e-08,NCIH226,lung
PD_10_PD_13,3.057791797544951e-10,NCIH226,lung
PD_10_PD_15,-1.6003731673208677e-10,NCIH226,lung
PD_01_PD_02,-0.0662832971315176,NCIH23,lung
PD_01_PD_03,-0.0899895630256586,NCIH23,lung
PD_01_PD_08,-0.1104742083006788,NCIH23,lung
PD_01_PD_10,-0.1394479288021851,NCIH23,lung
PD_03_PD_05,-0.0021341073026764,NCIH23,lung
PD_03_PD_06,-0.1463407713043489,NCIH23,lung
PD_03_PD_07,-0.0020498309074329,NCIH23,lung
PD_03_PD_08,-0.0359839970039784,NCIH23,lung
PD_03_PD_09,-0.0020976214428034,NCIH23,lung
PD_03_PD_10,-0.0157727367842663,NCIH23,lung
PD_03_PD_11,-0.0209776908956168,NCIH23,lung
PD_03_PD_12,-0.0052922271784111,NCIH23,lung
PD_03_PD_15,-0.0001457374789506,NCIH23,lung
PD_06_PD_08,0.00114434059483,NCIH23,lung
PD_06_PD_10,-0.4427822480869404,NCIH23,lung
PD_06_PD_14,-0.0722115293425463,NCIH23,lung
PD_07_PD_08,-0.0032381932272417,NCIH23,lung
PD_07_PD_10,-0.0091619758364501,NCIH23,lung
PD_08_PD_10,-0.2613163755745793,NCIH23,lung
PD_08_PD_12,-0.05475462395205,NCIH23,lung
PD_08_PD_14,-0.1268190147624527,NCIH23,lung
PD_08_PD_15,-0.000302441558084,NCIH23,lung
PD_10_PD_12,-0.0044437427473552,NCIH23,lung
PD_10_PD_13,0.0052989336742043,NCIH23,lung
PD_10_PD_15,-0.0007115562854997,NCIH23,lung
PD_01_PD_02,-0.0025396769609962,NCIH2342,lung
PD_01_PD_03,-0.005683132705391,NCIH2342,lung
PD_01_PD_08,-0.0174749665833306,NCIH2342,lung
PD_01_PD_10,-0.0048028042089433,NCIH2342,lung
PD_03_PD_05,-2.5796183108495185e-06,NCIH2342,lung
PD_03_PD_06,-0.0643374959487825,NCIH2342,lung
PD_03_PD_07,-1.807657065144852e-07,NCIH2342,lung
PD_03_PD_08,-0.0180657312480537,NCIH2342,lung
PD_03_PD_09,-2.579571402039349e-06,NCIH2342,lung
PD_03_PD_10,-7.605252067888202e-06,NCIH2342,lung
PD_03_PD_11,-7.610986769379657e-06,NCIH2342,lung
PD_03_PD_12,-5.587192930534002e-10,NCIH2342,lung
PD_03_PD_15,-2.1646758829874105e-08,NCIH2342,lung
PD_06_PD_08,0.0169891817341054,NCIH2342,lung
PD_06_PD_10,-0.4592938573100816,NCIH2342,lung
PD_06_PD_14,-0.0462130892163118,NCIH2342,lung
PD_07_PD_08,-0.011596354531378,NCIH2342,lung
PD_07_PD_10,-5.46073233298472e-08,NCIH2342,lung
PD_08_PD_10,-0.262184395141313,NCIH2342,lung
PD_08_PD_12,-0.0717881474093735,NCIH2342,lung
PD_08_PD_14,-0.1176584942085804,NCIH2342,lung
PD_08_PD_15,-0.0008078170043567,NCIH2342,lung
PD_10_PD_12,-3.6093565913830612e-09,NCIH2342,lung
PD_10_PD_13,5.923949109032378e-09,NCIH2342,lung
PD_10_PD_15,-3.911139856427326e-09,NCIH2342,lung
PD_01_PD_02,-0.0103826467004244,NCIH2347,lung
PD_01_PD_03,-0.0182026239452193,NCIH2347,lung
PD_01_PD_08,-0.1701391970914609,NCIH2347,lung
PD_01_PD_10,-0.0064689254614581,NCIH2347,lung
PD_03_PD_05,-1.2036482921473636e-08,NCIH2347,lung
PD_03_PD_06,-0.1161326766404564,NCIH2347,lung
PD_03_PD_07,-2.6079749471108466e-10,NCIH2347,lung
PD_03_PD_08,-0.1161326766404564,NCIH2347,lung
PD_03_PD_09,-1.2036474039689438e-08,NCIH2347,lung
PD_03_PD_10,-7.714039399475681e-07,NCIH2347,lung
PD_03_PD_11,-7.718081476149052e-07,NCIH2347,lung
PD_03_PD_12,0.0,NCIH2347,lung
PD_03_PD_15,-1.608868593905299e-11,NCIH2347,lung
PD_06_PD_08,0.0364368786352017,NCIH2347,lung
PD_06_PD_10,-0.5179465704208286,NCIH2347,lung
PD_06_PD_14,-0.0711976838551428,NCIH2347,lung
PD_07_PD_08,-0.0403595338723781,NCIH2347,lung
PD_07_PD_10,-6.346398850887169e-09,NCIH2347,lung
PD_08_PD_10,-0.4474719428385619,NCIH2347,lung
PD_08_PD_12,0.0,NCIH2347,lung
PD_08_PD_14,-0.0711976838551428,NCIH2347,lung
PD_08_PD_15,-0.0030274072360308,NCIH2347,lung
PD_10_PD_12,-2.0401672573555633e-08,NCIH2347,lung
PD_10_PD_13,4.0420822244868754e-10,NCIH2347,lung
PD_10_PD_15,-2.0830770441904176e-10,NCIH2347,lung
PD_01_PD_02,-0.0076835931173293,NCIH2369,lung
PD_01_PD_03,-0.0144291108362444,NCIH2369,lung
PD_01_PD_08,-0.0903286335397176,NCIH2369,lung
PD_01_PD_10,-0.0044459489342627,NCIH2369,lung
PD_03_PD_05,-1.9923435123914143e-08,NCIH2369,lung
PD_03_PD_06,-0.029608356199465,NCIH2369,lung
PD_03_PD_07,-3.843342311071751e-10,NCIH2369,lung
PD_03_PD_08,-0.0613384861574148,NCIH2369,lung
PD_03_PD_09,-0.1462114611427762,NCIH2369,lung
PD_03_PD_10,-7.713630872929755e-07,NCIH2369,lung
PD_03_PD_11,-7.717672948492904e-07,NCIH2369,lung
PD_03_PD_12,0.0,NCIH2369,lung
PD_03_PD_15,-2.6773472328045497e-11,NCIH2369,lung
PD_06_PD_08,0.0704995560725052,NCIH2369,lung
PD_06_PD_10,-0.4429729010250114,NCIH2369,lung
PD_06_PD_14,-0.0838031898775025,NCIH2369,lung
PD_07_PD_08,-0.0733209803760388,NCIH2369,lung
PD_07_PD_10,-6.346396408396515e-09,NCIH2369,lung
PD_08_PD_10,-0.3358671796644971,NCIH2369,lung
PD_08_PD_12,-0.0317301299589487,NCIH2369,lung
PD_08_PD_14,-0.1155333198363607,NCIH2369,lung
PD_08_PD_15,-0.0105364064877817,NCIH2369,lung
PD_10_PD_12,-1.9709093468378572e-08,NCIH2369,lung
PD_10_PD_13,4.042080004040826e-10,NCIH2369,lung
PD_10_PD_15,-2.0830759339673927e-10,NCIH2369,lung
PD_01_PD_02,-0.0077404045705469,NCIH2373,lung
PD_01_PD_03,-0.0144859222894602,NCIH2373,lung
PD_01_PD_08,-0.0737862397424935,NCIH2373,lung
PD_01_PD_10,-0.004324758770227,NCIH2373,lung
PD_03_PD_05,-1.9923435123914143e-08,NCIH2373,lung
PD_03_PD_06,-0.0487145324469839,NCIH2373,lung
PD_03_PD_07,-3.843342311071751e-10,NCIH2373,lung
PD_03_PD_08,-0.0804460549221783,NCIH2373,lung
PD_03_PD_09,-0.0977016804028029,NCIH2373,lung
PD_03_PD_10,-7.713630872929755e-07,NCIH2373,lung
PD_03_PD_11,-7.717672948492904e-07,NCIH2373,lung
PD_03_PD_12,0.0,NCIH2373,lung
PD_03_PD_15,-2.6773472328045497e-11,NCIH2373,lung
PD_06_PD_08,0.0546637507194663,NCIH2373,lung
PD_06_PD_10,-0.4459617914833336,NCIH2373,lung
PD_06_PD_14,-0.0712782846668355,NCIH2373,lung
PD_07_PD_08,-0.0664874621788711,NCIH2373,lung
PD_07_PD_10,-6.346396408396515e-09,NCIH2373,lung
PD_08_PD_10,-0.2863765982994131,NCIH2373,lung
PD_08_PD_12,-0.0317315224761932,NCIH2373,lung
PD_08_PD_14,-0.1030098071429381,NCIH2373,lung
PD_08_PD_15,-0.0076180547721048,NCIH2373,lung
PD_10_PD_12,-1.9709093468378572e-08,NCIH2373,lung
PD_10_PD_13,4.042080004040826e-10,NCIH2373,lung
PD_10_PD_15,-2.0830759339673927e-10,NCIH2373,lung
PD_01_PD_02,-0.0024973620155025,NCIH2405,lung
PD_01_PD_03,-0.0060860951148834,NCIH2405,lung
PD_01_PD_08,-0.0344434928153366,NCIH2405,lung
PD_01_PD_10,-0.0040264858356657,NCIH2405,lung
PD_03_PD_05,-1.0404117776197095e-06,NCIH2405,lung
PD_03_PD_06,-0.0177338841149391,NCIH2405,lung
PD_03_PD_07,-1.157713995780796e-07,NCIH2405,lung
PD_03_PD_08,-0.0177338841149391,NCIH2405,lung
PD_03_PD_09,-1.040410723907037e-06,NCIH2405,lung
PD_03_PD_10,-1.2441979024280236e-05,NCIH2405,lung
PD_03_PD_11,-1.2447324754805145e-05,NCIH2405,lung
PD_03_PD_12,0.0,NCIH2405,lung
PD_03_PD_15,-7.48429562769104e-09,NCIH2405,lung
PD_06_PD_08,0.0015070484805208,NCIH2405,lung
PD_06_PD_10,-0.5471383124953171,NCIH2405,lung
PD_06_PD_14,-0.0088525132128187,NCIH2405,lung
PD_07_PD_08,-0.0026721907617806,NCIH2405,lung
PD_07_PD_10,-9.115324484110232e-08,NCIH2405,lung
PD_08_PD_10,-0.4635965713526331,NCIH2405,lung
PD_08_PD_12,0.0,NCIH2405,lung
PD_08_PD_14,-0.0088525132128187,NCIH2405,lung
PD_08_PD_15,-0.0002361128279871,NCIH2405,lung
PD_10_PD_12,-9.954083113328236e-10,NCIH2405,lung
PD_10_PD_13,5.351377341256125e-09,NCIH2405,lung
PD_10_PD_15,-3.746896126699539e-09,NCIH2405,lung
PD_01_PD_02,-0.0082790105123888,NCIH2452,lung
PD_01_PD_03,-0.0153541178162519,NCIH2452,lung
PD_01_PD_08,-0.0571043044011482,NCIH2452,lung
PD_01_PD_10,-0.0045117387067519,NCIH2452,lung
PD_03_PD_05,-2.593190540078893e-08,NCIH2452,lung
PD_03_PD_06,0.0074962676990959,NCIH2452,lung
PD_03_PD_07,-5.297232652523576e-10,NCIH2452,lung
PD_03_PD_08,-0.1191249549722169,NCIH2452,lung
PD_03_PD_09,-9.570579706519312e-08,NCIH2452,lung
PD_03_PD_10,-9.364224164976064e-07,NCIH2452,lung
PD_03_PD_11,-9.369720661567272e-07,NCIH2452,lung
PD_03_PD_12,0.0,NCIH2452,lung
PD_03_PD_15,-3.772449019834312e-11,NCIH2452,lung
PD_06_PD_08,0.020022138788531,NCIH2452,lung
PD_06_PD_10,-0.3939779048260899,NCIH2452,lung
PD_06_PD_14,-0.0696827250386045,NCIH2452,lung
PD_07_PD_08,-0.0407358278331904,NCIH2452,lung
PD_07_PD_10,-8.227435732699462e-09,NCIH2452,lung
PD_08_PD_10,-0.1849858015444595,NCIH2452,lung
PD_08_PD_12,-0.1266212226770368,NCIH2452,lung
PD_08_PD_14,-0.1963039477150465,NCIH2452,lung
PD_08_PD_15,-0.0017385094184139,NCIH2452,lung
PD_10_PD_12,-2.515222208288037e-08,NCIH2452,lung
PD_10_PD_13,5.496511024105644e-10,NCIH2452,lung
PD_10_PD_15,-2.7784152756282765e-10,NCIH2452,lung
PD_01_PD_08,-0.0144342218338106,NCIH2461,lung
PD_01_PD_10,-0.0024933484059276,NCIH2461,lung
PD_06_PD_08,2.4626738981403665e-08,NCIH2461,lung
PD_06_PD_10,-0.4273161145098658,NCIH2461,lung
PD_06_PD_14,-0.0289691026823949,NCIH2461,lung
PD_07_PD_08,-1.2694840583193925e-06,NCIH2461,lung
PD_07_PD_10,-4.431122135883925e-12,NCIH2461,lung
PD_08_PD_10,-0.0013430610848799,NCIH2461,lung
PD_08_PD_12,-0.1012177981195022,NCIH2461,lung
PD_08_PD_14,-0.1301869005579627,NCIH2461,lung
PD_08_PD_15,-9.812655110685853e-08,NCIH2461,lung
PD_10_PD_12,3.574918139293004e-14,NCIH2461,lung
PD_10_PD_13,3.5527136788005016e-14,NCIH2461,lung
PD_10_PD_15,-4.4741987892393815e-14,NCIH2461,lung
PD_01_PD_02,-0.0082089575258578,NCIH2591,lung
PD_01_PD_03,-0.0152840648297239,NCIH2591,lung
PD_01_PD_08,-0.0872874146305793,NCIH2591,lung
PD_01_PD_10,-0.0046397485386265,NCIH2591,lung
PD_03_PD_05,-2.593190540078893e-08,NCIH2591,lung
PD_03_PD_06,-0.0608680072486965,NCIH2591,lung
PD_03_PD_07,-5.297232652523576e-10,NCIH2591,lung
PD_03_PD_08,-0.1109814053842068,NCIH2591,lung
PD_03_PD_09,-0.0481891516491403,NCIH2591,lung
PD_03_PD_10,-9.364224157204504e-07,NCIH2591,lung
PD_03_PD_11,-9.36972065379571e-07,NCIH2591,lung
PD_03_PD_12,0.0,NCIH2591,lung
PD_03_PD_15,-3.772449019834312e-11,NCIH2591,lung
PD_06_PD_08,0.0291101000890812,NCIH2591,lung
PD_06_PD_10,-0.4513135083173746,NCIH2591,lung
PD_06_PD_14,-0.0730595655019873,NCIH2591,lung
PD_07_PD_08,-0.0437439098880041,NCIH2591,lung
PD_07_PD_10,-8.227435732699462e-09,NCIH2591,lung
PD_08_PD_10,-0.2455389345308097,NCIH2591,lung
PD_08_PD_12,-0.0501133981377756,NCIH2591,lung
PD_08_PD_14,-0.1231729636395274,NCIH2591,lung
PD_08_PD_15,-0.0042560418563438,NCIH2591,lung
PD_10_PD_12,-2.5152221083679652e-08,NCIH2591,lung
PD_10_PD_13,5.496511024105644e-10,NCIH2591,lung
PD_10_PD_15,-2.7784152756282765e-10,NCIH2591,lung
PD_01_PD_02,-0.0002201507571135,NCIH2595,lung
PD_01_PD_03,-0.000867319321625,NCIH2595,lung
PD_01_PD_08,-0.0132162468196767,NCIH2595,lung
PD_01_PD_10,-0.0011707636709782,NCIH2595,lung
PD_03_PD_05,-3.3747302952136244e-08,NCIH2595,lung
PD_03_PD_06,-0.0012343546920215,NCIH2595,lung
PD_03_PD_07,-3.611615340126661e-09,NCIH2595,lung
PD_03_PD_08,-0.0013154590738689,NCIH2595,lung
PD_03_PD_09,-5.209743068945727e-06,NCIH2595,lung
PD_03_PD_10,-4.620490670070865e-07,NCIH2595,lung
PD_03_PD_11,-4.620632562124527e-07,NCIH2595,lung
PD_03_PD_12,-2.220446049250313e-16,NCIH2595,lung
PD_03_PD_15,-6.798772655969286e-11,NCIH2595,lung
PD_06_PD_08,5.944834491344864e-08,NCIH2595,lung
PD_06_PD_10,-0.5116160680441351,NCIH2595,lung
PD_06_PD_14,-0.0039957249811315,NCIH2595,lung
PD_07_PD_08,-1.1553692378374336e-06,NCIH2595,lung
PD_07_PD_10,-6.704187205386346e-10,NCIH2595,lung
PD_08_PD_10,-0.0675935697951697,NCIH2595,lung
PD_08_PD_12,-0.0001336535055094,NCIH2595,lung
PD_08_PD_14,-0.0041293784866286,NCIH2595,lung
PD_08_PD_15,-5.362108468354165e-08,NCIH2595,lung
PD_10_PD_12,-2.4586604430165693e-07,NCIH2595,lung
PD_10_PD_13,1.4190648656153826e-11,NCIH2595,lung
PD_10_PD_15,-1.4712675522332574e-11,NCIH2595,lung
PD_01_PD_02,-0.0082790034620356,NCIH2722,lung
PD_01_PD_03,-0.0153541107658987,NCIH2722,lung
PD_01_PD_08,-0.0576010710351511,NCIH2722,lung
PD_01_PD_10,-0.0044957097227219,NCIH2722,lung
PD_03_PD_05,-2.593190540078893e-08,NCIH2722,lung
PD_03_PD_06,-0.038293410651743,NCIH2722,lung
PD_03_PD_07,-5.297232652523576e-10,NCIH2722,lung
PD_03_PD_08,-0.1191249549633725,NCIH2722,lung
PD_03_PD_09,-4.974800926760282e-08,NCIH2722,lung
PD_03_PD_10,-9.364224157204504e-07,NCIH2722,lung
PD_03_PD_11,-9.36972065379571e-07,NCIH2722,lung
PD_03_PD_12,0.0,NCIH2722,lung
PD_03_PD_15,-3.772449019834312e-11,NCIH2722,lung
PD_06_PD_08,0.0211009662509178,NCIH2722,lung
PD_06_PD_10,-0.4287063451579687,NCIH2722,lung
PD_06_PD_14,-0.0678311197842376,NCIH2722,lung
PD_07_PD_08,-0.0407358280626714,NCIH2722,lung
PD_07_PD_10,-8.227435732699462e-09,NCIH2722,lung
PD_08_PD_10,-0.1849649100969802,NCIH2722,lung
PD_08_PD_12,-0.0808315443152833,NCIH2722,lung
PD_08_PD_14,-0.1486626640991413,NCIH2722,lung
PD_08_PD_15,-0.0017385094572349,NCIH2722,lung
PD_10_PD_12,-2.5152221083679652e-08,NCIH2722,lung
PD_10_PD_13,5.496511024105644e-10,NCIH2722,lung
PD_10_PD_15,-2.7784152756282765e-10,NCIH2722,lung
PD_01_PD_08,-0.030526142959862,NCIH2731,lung
PD_01_PD_10,-0.0013541879341708,NCIH2731,lung
PD_06_PD_08,1.4897313457273853e-06,NCIH2731,lung
PD_06_PD_10,-0.5909148158728217,NCIH2731,lung
PD_06_PD_14,-0.0337695758669476,NCIH2731,lung
PD_07_PD_08,-1.0423126667991056e-05,NCIH2731,lung
PD_07_PD_10,-8.793787920069461e-11,NCIH2731,lung
PD_08_PD_10,-0.0024175634944099,NCIH2731,lung
PD_08_PD_12,-0.0049004209727324,NCIH2731,lung
PD_08_PD_14,-0.0386699961872012,NCIH2731,lung
PD_08_PD_15,-2.832853989831463e-06,NCIH2731,lung
PD_10_PD_12,1.6783241463258493e-12,NCIH2731,lung
PD_10_PD_13,1.095457058397642e-12,NCIH2731,lung
PD_10_PD_15,-1.1928236176572682e-12,NCIH2731,lung
PD_01_PD_02,-0.0074108860121646,NCIH2795,lung
PD_01_PD_03,-0.0139654376354666,NCIH2795,lung
PD_01_PD_08,-0.0649417091829817,NCIH2795,lung
PD_01_PD_10,-0.0045061375338407,NCIH2795,lung
PD_03_PD_05,-2.22277993788822e-08,NCIH2795,lung
PD_03_PD_06,-0.0172060861824622,NCIH2795,lung
PD_03_PD_07,-4.540505749162093e-10,NCIH2795,lung
PD_03_PD_08,-0.1131091626782749,NCIH2795,lung
PD_03_PD_09,-9.138547019116317e-08,NCIH2795,lung
PD_03_PD_10,-9.364288743318738e-07,NCIH2795,lung
PD_03_PD_11,-9.369785239909944e-07,NCIH2795,lung
PD_03_PD_12,0.0,NCIH2795,lung
PD_03_PD_15,-3.2335245592207684e-11,NCIH2795,lung
PD_06_PD_08,0.0210964258655648,NCIH2795,lung
PD_06_PD_10,-0.4272071552029487,NCIH2795,lung
PD_06_PD_14,-0.0658956445684958,NCIH2795,lung
PD_07_PD_08,-0.0426643642092325,NCIH2795,lung
PD_07_PD_10,-8.227435732699462e-09,NCIH2795,lung
PD_08_PD_10,-0.2193286092074737,NCIH2795,lung
PD_08_PD_12,-0.0959030764995286,NCIH2795,lung
PD_08_PD_14,-0.1617987210675739,NCIH2795,lung
PD_08_PD_15,-0.0018252367408337,NCIH2795,lung
PD_10_PD_12,-2.681426114481411e-08,NCIH2795,lung
PD_10_PD_13,5.496511024105644e-10,NCIH2795,lung
PD_10_PD_15,-2.7784152756282765e-10,NCIH2795,lung
PD_01_PD_02,-0.0077404045705469,NCIH28,lung
PD_01_PD_03,-0.0144859222894602,NCIH28,lung
PD_01_PD_08,-0.0737862397424935,NCIH28,lung
PD_01_PD_10,-0.004324758770227,NCIH28,lung
PD_03_PD_05,-1.9923435123914143e-08,NCIH28,lung
PD_03_PD_06,-0.0487145324469839,NCIH28,lung
PD_03_PD_07,-3.843342311071751e-10,NCIH28,lung
PD_03_PD_08,-0.0804460549221783,NCIH28,lung
PD_03_PD_09,-0.0977016804028029,NCIH28,lung
PD_03_PD_10,-7.713630872929755e-07,NCIH28,lung
PD_03_PD_11,-7.717672948492904e-07,NCIH28,lung
PD_03_PD_12,0.0,NCIH28,lung
PD_03_PD_15,-2.6773472328045497e-11,NCIH28,lung
PD_06_PD_08,0.0546637507194663,NCIH28,lung
PD_06_PD_10,-0.4459617914833336,NCIH28,lung
PD_06_PD_14,-0.0712782846668355,NCIH28,lung
PD_07_PD_08,-0.0664874621788711,NCIH28,lung
PD_07_PD_10,-6.346396408396515e-09,NCIH28,lung
PD_08_PD_10,-0.2863765982994131,NCIH28,lung
PD_08_PD_12,-0.0317315224761932,NCIH28,lung
PD_08_PD_14,-0.1030098071429381,NCIH28,lung
PD_08_PD_15,-0.0076180547721048,NCIH28,lung
PD_10_PD_12,-1.9709093468378572e-08,NCIH28,lung
PD_10_PD_13,4.042080004040826e-10,NCIH28,lung
PD_10_PD_15,-2.0830759339673927e-10,NCIH28,lung
PD_01_PD_02,-0.0002611460623627,NCIH2818,lung
PD_01_PD_03,-0.0010454295907713,NCIH2818,lung
PD_01_PD_08,-0.0112769246325553,NCIH2818,lung
PD_01_PD_10,-0.0009311898949778,NCIH2818,lung
PD_03_PD_05,-1.0936443195497247e-08,NCIH2818,lung
PD_03_PD_06,-0.0007571236442489,NCIH2818,lung
PD_03_PD_07,-4.284557153511059e-10,NCIH2818,lung
PD_03_PD_08,-0.0014401736735352,NCIH2818,lung
PD_03_PD_09,-2.3358735904976943e-05,NCIH2818,lung
PD_03_PD_10,-9.200117245811157e-08,NCIH2818,lung
PD_03_PD_11,-9.200251360752533e-08,NCIH2818,lung
PD_03_PD_12,3.3306690738754696e-16,NCIH2818,lung
PD_03_PD_15,-1.1672329769396583e-11,NCIH2818,lung
PD_06_PD_08,5.6112858026757806e-08,NCIH2818,lung
PD_06_PD_10,-0.5230828132945776,NCIH2818,lung
PD_06_PD_14,-0.0094991275760155,NCIH2818,lung
PD_07_PD_08,-6.028546979397476e-07,NCIH2818,lung
PD_07_PD_10,-7.328959661379031e-11,NCIH2818,lung
PD_08_PD_10,-0.0012915872636192,NCIH2818,lung
PD_08_PD_12,-0.0006830500292901,NCIH2818,lung
PD_08_PD_14,-0.0101821776051794,NCIH2818,lung
PD_08_PD_15,-1.0555448459736995e-07,NCIH2818,lung
PD_10_PD_12,-1.6745025366304842e-09,NCIH2818,lung
PD_10_PD_13,1.3411494137471889e-12,NCIH2818,lung
PD_10_PD_15,-1.5427659150191177e-12,NCIH2818,lung
PD_01_PD_08,-0.0184062368999827,NCIH3122,lung
PD_01_PD_10,-0.0010289410837523,NCIH3122,lung
PD_06_PD_08,2.8272377883276082e-08,NCIH3122,lung
PD_06_PD_10,-0.5172269990775398,NCIH3122,lung
PD_06_PD_14,-0.0158872320798261,NCIH3122,lung
PD_07_PD_08,-2.2383143853943466e-06,NCIH3122,lung
PD_07_PD_10,-9.132028466751764e-12,NCIH3122,lung
PD_08_PD_10,-0.0019842256256817,NCIH3122,lung
PD_08_PD_12,-0.0011965707130989,NCIH3122,lung
PD_08_PD_14,-0.0170838027921064,NCIH3122,lung
PD_08_PD_15,-9.982626947291352e-08,NCIH3122,lung
PD_10_PD_12,1.1868284133242926e-13,NCIH3122,lung
PD_10_PD_13,1.1868284133242926e-13,NCIH3122,lung
PD_10_PD_15,-1.4888090760223352e-13,NCIH3122,lung
PD_01_PD_02,-0.0025118529288117,NCIH322M,lung
PD_01_PD_03,-0.0061268148352604,NCIH322M,lung
PD_01_PD_08,-0.0347925350188901,NCIH322M,lung
PD_01_PD_10,-0.0043268064574207,NCIH322M,lung
PD_03_PD_05,-1.0404152345211417e-06,NCIH322M,lung
PD_03_PD_06,-0.0177337213103621,NCIH322M,lung
PD_03_PD_07,-1.157714274446775e-07,NCIH322M,lung
PD_03_PD_08,-0.0177337213103621,NCIH322M,lung
PD_03_PD_09,-1.0404141808084688e-06,NCIH322M,lung
PD_03_PD_10,-1.2442326002726212e-05,NCIH322M,lung
PD_03_PD_11,-1.2447671733584189e-05,NCIH322M,lung
PD_03_PD_12,0.0,NCIH322M,lung
PD_03_PD_15,-7.484296182802552e-09,NCIH322M,lung
PD_06_PD_08,0.0015070484805194,NCIH322M,lung
PD_06_PD_10,-0.54932470036427,NCIH322M,lung
PD_06_PD_14,-0.0088525126644825,NCIH322M,lung
PD_07_PD_08,-0.0026721907614479,NCIH322M,lung
PD_07_PD_10,-9.115326371489375e-08,NCIH322M,lung
PD_08_PD_10,-0.466362938203297,NCIH322M,lung
PD_08_PD_12,0.0,NCIH322M,lung
PD_08_PD_14,-0.0088525126644825,NCIH322M,lung
PD_08_PD_15,-0.0002361128279841,NCIH322M,lung
PD_10_PD_12,-9.907571429934592e-10,NCIH322M,lung
PD_10_PD_13,5.351377674323032e-09,NCIH322M,lung
PD_10_PD_15,-3.746896459766447e-09,NCIH322M,lung
PD_01_PD_02,-0.0042197626085886,NCIH345,lung
PD_01_PD_03,-0.0086878862227768,NCIH345,lung
PD_01_PD_08,-0.0374601940025105,NCIH345,lung
PD_01_PD_10,-0.0098364108917604,NCIH345,lung
PD_03_PD_05,-6.768175242477524e-09,NCIH345,lung
PD_03_PD_06,-0.022957521377409,NCIH345,lung
PD_03_PD_07,-1.9366147574473302e-09,NCIH345,lung
PD_03_PD_08,-0.0230799829848694,NCIH345,lung
PD_03_PD_09,-3.55580345390294e-07,NCIH345,lung
PD_03_PD_10,-2.250390258584645e-07,NCIH345,lung
PD_03_PD_11,-2.250850903440238e-07,NCIH345,lung
PD_03_PD_12,-2.3003821070233244e-13,NCIH345,lung
PD_03_PD_15,-8.475775636895833e-12,NCIH345,lung
PD_06_PD_08,0.003296686295042,NCIH345,lung
PD_06_PD_10,-0.5080823613010655,NCIH345,lung
PD_06_PD_14,-0.0136966256856706,NCIH345,lung
PD_07_PD_08,-0.0066378265274648,NCIH345,lung
PD_07_PD_10,-1.5203118763906787e-09,NCIH345,lung
PD_08_PD_10,-0.2989615155606342,NCIH345,lung
PD_08_PD_12,-0.0001237476126986,NCIH345,lung
PD_08_PD_14,-0.0138203732983692,NCIH345,lung
PD_08_PD_15,-0.0004057215935638,NCIH345,lung
PD_10_PD_12,-1.010296346581896e-07,NCIH345,lung
PD_10_PD_13,4.606870440682087e-11,NCIH345,lung
PD_10_PD_15,-3.3994140835602587e-11,NCIH345,lung
PD_01_PD_02,-0.0662832971315176,NCIH358,lung
PD_01_PD_03,-0.0899895630256586,NCIH358,lung
PD_01_PD_08,-0.1104742083006788,NCIH358,lung
PD_01_PD_10,-0.1394479288021851,NCIH358,lung
PD_03_PD_05,-0.0021341073026764,NCIH358,lung
PD_03_PD_06,-0.1463407713043489,NCIH358,lung
PD_03_PD_07,-0.0020498309074329,NCIH358,lung
PD_03_PD_08,-0.0359839970039784,NCIH358,lung
PD_03_PD_09,-0.0020976214428034,NCIH358,lung
PD_03_PD_10,-0.0157727367842663,NCIH358,lung
PD_03_PD_11,-0.0209776908956168,NCIH358,lung
PD_03_PD_12,-0.0052922271784111,NCIH358,lung
PD_03_PD_15,-0.0001457374789506,NCIH358,lung
PD_06_PD_08,0.00114434059483,NCIH358,lung
PD_06_PD_10,-0.4427822480869404,NCIH358,lung
PD_06_PD_14,-0.0722115293425463,NCIH358,lung
PD_07_PD_08,-0.0032381932272417,NCIH358,lung
PD_07_PD_10,-0.0091619758364501,NCIH358,lung
PD_08_PD_10,-0.2613163755745793,NCIH358,lung
PD_08_PD_12,-0.05475462395205,NCIH358,lung
PD_08_PD_14,-0.1268190147624527,NCIH358,lung
PD_08_PD_15,-0.000302441558084,NCIH358,lung
PD_10_PD_12,-0.0044437427473552,NCIH358,lung
PD_10_PD_13,0.0052989336742043,NCIH358,lung
PD_10_PD_15,-0.0007115562854997,NCIH358,lung
PD_01_PD_02,-0.0012175753343236,NCIH441,lung
PD_01_PD_03,-0.0031830623820487,NCIH441,lung
PD_01_PD_08,-0.05705674042657,NCIH441,lung
PD_01_PD_10,-0.0017777270919621,NCIH441,lung
PD_03_PD_05,-1.0930320204494137e-07,NCIH441,lung
PD_03_PD_06,-0.0164146458815972,NCIH441,lung
PD_03_PD_07,-8.318230215742517e-09,NCIH441,lung
PD_03_PD_08,-0.0164214578816034,NCIH441,lung
PD_03_PD_09,-1.093031934962241e-07,NCIH441,lung
PD_03_PD_10,-2.057312572412151e-06,NCIH441,lung
PD_03_PD_11,-2.057521639509119e-06,NCIH441,lung
PD_03_PD_12,0.0,NCIH441,lung
PD_03_PD_15,-3.9605663193498225e-10,NCIH441,lung
PD_06_PD_08,0.0016529134153855,NCIH441,lung
PD_06_PD_10,-0.5525584459630448,NCIH441,lung
PD_06_PD_14,-0.0089816481706923,NCIH441,lung
PD_07_PD_08,-3.490398310379561e-06,NCIH441,lung
PD_07_PD_10,-6.248050299362262e-09,NCIH441,lung
PD_08_PD_10,-0.4437309206302079,NCIH441,lung
PD_08_PD_12,-2.248299540985599e-07,NCIH441,lung
PD_08_PD_14,-0.0089788403230889,NCIH441,lung
PD_08_PD_15,-0.0002469296512241,NCIH441,lung
PD_10_PD_12,-1.979161279308528e-11,NCIH441,lung
PD_10_PD_13,2.0912871434575206e-10,NCIH441,lung
PD_10_PD_15,-1.833131424433532e-10,NCIH441,lung
PD_01_PD_08,-0.0184062368999827,NCIH446,lung
PD_01_PD_10,-0.0010289410837523,NCIH446,lung
PD_06_PD_08,2.8272377883276082e-08,NCIH446,lung
PD_06_PD_10,-0.5172269990775398,NCIH446,lung
PD_06_PD_14,-0.0158872320798261,NCIH446,lung
PD_07_PD_08,-2.2383143853943466e-06,NCIH446,lung
PD_07_PD_10,-9.132028466751764e-12,NCIH446,lung
PD_08_PD_10,-0.0019842256256817,NCIH446,lung
PD_08_PD_12,-0.0011965707130989,NCIH446,lung
PD_08_PD_14,-0.0170838027921064,NCIH446,lung
PD_08_PD_15,-9.982626947291352e-08,NCIH446,lung
PD_10_PD_12,1.1868284133242926e-13,NCIH446,lung
PD_10_PD_13,1.1868284133242926e-13,NCIH446,lung
PD_10_PD_15,-1.4888090760223352e-13,NCIH446,lung
PD_01_PD_02,-0.0002190460121449,NCIH513,lung
PD_01_PD_03,-0.0008610792437302,NCIH513,lung
PD_01_PD_08,-0.0132468312861114,NCIH513,lung
PD_01_PD_10,-0.0037450915310137,NCIH513,lung
PD_03_PD_05,-8.26003432319311e-08,NCIH513,lung
PD_03_PD_06,-0.0017559598764139,NCIH513,lung
PD_03_PD_07,-7.414169045372176e-08,NCIH513,lung
PD_03_PD_08,-0.0018370642582454,NCIH513,lung
PD_03_PD_09,-5.234110595053743e-06,NCIH513,lung
PD_03_PD_10,-2.7784777080208656e-06,NCIH513,lung
PD_03_PD_11,-2.7795166044342068e-06,NCIH513,lung
PD_03_PD_12,0.0,NCIH513,lung
PD_03_PD_15,-1.899962409623868e-10,NCIH513,lung
PD_06_PD_08,7.86747813563693e-08,NCIH513,lung
PD_06_PD_10,-0.5083319016172418,NCIH513,lung
PD_06_PD_14,-0.0040104425092086,NCIH513,lung
PD_07_PD_08,-3.6198045099133935e-06,NCIH513,lung
PD_07_PD_10,-2.4070750836990843e-08,NCIH513,lung
PD_08_PD_10,-0.1131911901853484,NCIH513,lung
PD_08_PD_12,-0.0001336535055093,NCIH513,lung
PD_08_PD_14,-0.0041440960147056,NCIH513,lung
PD_08_PD_15,-6.768374005705624e-08,NCIH513,lung
PD_10_PD_12,-7.22624195148569e-07,NCIH513,lung
PD_10_PD_13,1.0389150650880195e-09,NCIH513,lung
PD_10_PD_15,-6.51211529145712e-10,NCIH513,lung
PD_01_PD_02,-0.0046692073337697,NCIH520,lung
PD_01_PD_03,-0.0100423731124914,NCIH520,lung
PD_01_PD_08,-0.0527898422001669,NCIH520,lung
PD_01_PD_10,-0.0074000781394721,NCIH520,lung
PD_03_PD_05,-1.0581250320385036e-09,NCIH520,lung
PD_03_PD_06,-0.0312828394892034,NCIH520,lung
PD_03_PD_07,-8.416989327741929e-11,NCIH520,lung
PD_03_PD_08,-0.0314568929162953,NCIH520,lung
PD_03_PD_09,-5.843504502500708e-08,NCIH520,lung
PD_03_PD_10,-5.347230097596523e-07,NCIH520,lung
PD_03_PD_11,-5.347695934965202e-07,NCIH520,lung
PD_03_PD_12,0.0,NCIH520,lung
PD_03_PD_15,-4.732880753977042e-13,NCIH520,lung
PD_06_PD_08,0.0043542424348906,NCIH520,lung
PD_06_PD_10,-0.5339329575289975,NCIH520,lung
PD_06_PD_14,-0.0189381649356242,NCIH520,lung
PD_07_PD_08,-0.007530417655879,NCIH520,lung
PD_07_PD_10,-1.1315953729607031e-09,NCIH520,lung
PD_08_PD_10,-0.376251653503445,NCIH520,lung
PD_08_PD_12,-0.000174053427092,NCIH520,lung
PD_08_PD_14,-0.0191122183627163,NCIH520,lung
PD_08_PD_15,-0.0005311300305461,NCIH520,lung
PD_10_PD_12,-3.3306690738754696e-16,NCIH520,lung
PD_10_PD_13,4.658373686794448e-11,NCIH520,lung
PD_10_PD_15,-4.3286374484807766e-11,NCIH520,lung
PD_01_PD_02,-0.0005365805410358,NCIH522,lung
PD_01_PD_03,-0.0016999143103625,NCIH522,lung
PD_01_PD_08,-0.0137542375495129,NCIH522,lung
PD_01_PD_10,-0.0037520905669291,NCIH522,lung
PD_03_PD_05,-8.260410389038243e-08,NCIH522,lung
PD_03_PD_06,-0.0017115676295665,NCIH522,lung
PD_03_PD_07,-7.414168412545052e-08,NCIH522,lung
PD_03_PD_08,-0.001845221118113,NCIH522,lung
PD_03_PD_09,-5.234112475216435e-06,NCIH522,lung
PD_03_PD_10,-2.77847674434728e-06,NCIH522,lung
PD_03_PD_11,-2.7795156407606214e-06,NCIH522,lung
PD_03_PD_12,0.0,NCIH522,lung
PD_03_PD_15,-1.89997018118504e-10,NCIH522,lung
PD_06_PD_08,7.867544493667111e-08,NCIH522,lung
PD_06_PD_10,-0.5239709437346223,NCIH522,lung
PD_06_PD_14,-0.0040102081738949,NCIH522,lung
PD_07_PD_08,-3.619825371226071e-06,NCIH522,lung
PD_07_PD_10,-2.4070745396898022e-08,NCIH522,lung
PD_08_PD_10,-0.1289806448385471,NCIH522,lung
PD_08_PD_12,-0.0001336534885679,NCIH522,lung
PD_08_PD_14,-0.0041438616624506,NCIH522,lung
PD_08_PD_15,-6.768472737839204e-08,NCIH522,lung
PD_10_PD_12,-7.226250747782714e-07,NCIH522,lung
PD_10_PD_13,1.0389150650880195e-09,NCIH522,lung
PD_10_PD_15,-6.51211529145712e-10,NCIH522,lung
PD_01_PD_08,-0.0492271232613873,NCIH524,lung
PD_01_PD_10,-0.0013430368001123,NCIH524,lung
PD_06_PD_08,6.884059016165622e-07,NCIH524,lung
PD_06_PD_10,-0.5524584200727934,NCIH524,lung
PD_06_PD_14,-0.0308334751007213,NCIH524,lung
PD_07_PD_08,-5.104094457641928e-06,NCIH524,lung
PD_07_PD_10,-3.221867217462205e-13,NCIH524,lung
PD_08_PD_10,-0.0034823998236624,NCIH524,lung
PD_08_PD_12,-0.0056545412887445,NCIH524,lung
PD_08_PD_14,-0.0364880163851778,NCIH524,lung
PD_08_PD_15,-1.5334253339327477e-06,NCIH524,lung
PD_10_PD_12,-7.962519532611623e-12,NCIH524,lung
PD_10_PD_13,3.219646771412954e-15,NCIH524,lung
PD_10_PD_15,-3.552713678800501e-15,NCIH524,lung
PD_01_PD_02,-0.0047742872282622,NCIH526,lung
PD_01_PD_03,-0.0094280435837277,NCIH526,lung
PD_01_PD_08,-0.0344020503382035,NCIH526,lung
PD_01_PD_10,-0.0101548231594438,NCIH526,lung
PD_03_PD_05,-3.7121689056007763e-09,NCIH526,lung
PD_03_PD_06,-0.022071764893557,NCIH526,lung
PD_03_PD_07,-7.658929046527874e-10,NCIH526,lung
PD_03_PD_08,-0.022158611615198,NCIH526,lung
PD_03_PD_09,-1.8593978545755618e-07,NCIH526,lung
PD_03_PD_10,-1.3005333221460802e-07,NCIH526,lung
PD_03_PD_11,-1.3006979304730493e-07,NCIH526,lung
PD_03_PD_12,-5.850875339774575e-14,NCIH526,lung
PD_03_PD_15,-3.584355035002318e-12,NCIH526,lung
PD_06_PD_08,0.0027946573874418,NCIH526,lung
PD_06_PD_10,-0.5003606278669349,NCIH526,lung
PD_06_PD_14,-0.0127096456048813,NCIH526,lung
PD_07_PD_08,-0.006187040998002,NCIH526,lung
PD_07_PD_10,-6.010786313126458e-10,NCIH526,lung
PD_08_PD_10,-0.2969752047454816,NCIH526,lung
PD_08_PD_12,-8.756618552219209e-05,NCIH526,lung
PD_08_PD_14,-0.0127972117904034,NCIH526,lung
PD_08_PD_15,-0.0003643379958457,NCIH526,lung
PD_10_PD_12,-4.9631524112747634e-08,NCIH526,lung
PD_10_PD_13,1.6462387009141818e-11,NCIH526,lung
PD_10_PD_15,-1.2853162978387898e-11,NCIH526,lung
PD_01_PD_08,-0.0357847205219096,NCIH596,lung
PD_01_PD_10,-0.0011308759010437,NCIH596,lung
PD_06_PD_08,5.3231453289726e-07,NCIH596,lung
PD_06_PD_10,-0.5030032124535081,NCIH596,lung
PD_06_PD_14,-0.02978955128267,NCIH596,lung
PD_07_PD_08,-8.32797911543004e-06,NCIH596,lung
PD_07_PD_10,-3.425038030968608e-13,NCIH596,lung
PD_08_PD_10,-0.0028994608597067,NCIH596,lung
PD_08_PD_12,-0.0337500217095624,NCIH596,lung
PD_08_PD_14,-0.0635245534102568,NCIH596,lung
PD_08_PD_15,-1.230873154511869e-06,NCIH596,lung
PD_10_PD_12,-3.9280800834262655e-12,NCIH596,lung
PD_10_PD_13,1.4432899320127037e-15,NCIH596,lung
PD_10_PD_15,-1.4432899320127037e-15,NCIH596,lung
PD_01_PD_08,-0.0184062368999827,NCIH64,lung
PD_01_PD_10,-0.0010289410837523,NCIH64,lung
PD_06_PD_08,2.8272377883276082e-08,NCIH64,lung
PD_06_PD_10,-0.5172269990775398,NCIH64,lung
PD_06_PD_14,-0.0158872320798261,NCIH64,lung
PD_07_PD_08,-2.2383143853943466e-06,NCIH64,lung
PD_07_PD_10,-9.132028466751764e-12,NCIH64,lung
PD_08_PD_10,-0.0019842256256817,NCIH64,lung
PD_08_PD_12,-0.0011965707130989,NCIH64,lung
PD_08_PD_14,-0.0170838027921064,NCIH64,lung
PD_08_PD_15,-9.982626947291352e-08,NCIH64,lung
PD_10_PD_12,1.1868284133242926e-13,NCIH64,lung
PD_10_PD_13,1.1868284133242926e-13,NCIH64,lung
PD_10_PD_15,-1.4888090760223352e-13,NCIH64,lung
PD_01_PD_02,-0.0662832971315176,NCIH650,lung
PD_01_PD_03,-0.0899895630256586,NCIH650,lung
PD_01_PD_08,-0.1104742083006788,NCIH650,lung
PD_01_PD_10,-0.1394479288021851,NCIH650,lung
PD_03_PD_05,-0.0021341073026764,NCIH650,lung
PD_03_PD_06,-0.1463407713043489,NCIH650,lung
PD_03_PD_07,-0.0020498309074329,NCIH650,lung
PD_03_PD_08,-0.0359839970039784,NCIH650,lung
PD_03_PD_09,-0.0020976214428034,NCIH650,lung
PD_03_PD_10,-0.0157727367842663,NCIH650,lung
PD_03_PD_11,-0.0209776908956168,NCIH650,lung
PD_03_PD_12,-0.0052922271784111,NCIH650,lung
PD_03_PD_15,-0.0001457374789506,NCIH650,lung
PD_06_PD_08,0.00114434059483,NCIH650,lung
PD_06_PD_10,-0.4427822480869404,NCIH650,lung
PD_06_PD_14,-0.0722115293425463,NCIH650,lung
PD_07_PD_08,-0.0032381932272417,NCIH650,lung
PD_07_PD_10,-0.0091619758364501,NCIH650,lung
PD_08_PD_10,-0.2613163755745793,NCIH650,lung
PD_08_PD_12,-0.05475462395205,NCIH650,lung
PD_08_PD_14,-0.1268190147624527,NCIH650,lung
PD_08_PD_15,-0.000302441558084,NCIH650,lung
PD_10_PD_12,-0.0044437427473552,NCIH650,lung
PD_10_PD_13,0.0052989336742043,NCIH650,lung
PD_10_PD_15,-0.0007115562854997,NCIH650,lung
PD_01_PD_02,-0.0023856833648613,NCIH661,lung
PD_01_PD_03,-0.0057677380939731,NCIH661,lung
PD_01_PD_08,-0.0348228687259601,NCIH661,lung
PD_01_PD_10,-0.0042533550989648,NCIH661,lung
PD_03_PD_05,-1.040416189090898e-06,NCIH661,lung
PD_03_PD_06,-0.0177345159048986,NCIH661,lung
PD_03_PD_07,-1.1577143776975165e-07,NCIH661,lung
PD_03_PD_08,-0.0177345159048986,NCIH661,lung
PD_03_PD_09,-1.0404151353782254e-06,NCIH661,lung
PD_03_PD_10,-1.2442325994621584e-05,NCIH661,lung
PD_03_PD_11,-1.244767172547956e-05,NCIH661,lung
PD_03_PD_12,0.0,NCIH661,lung
PD_03_PD_15,-7.484296626891762e-09,NCIH661,lung
PD_06_PD_08,0.00150704848052,NCIH661,lung
PD_06_PD_10,-0.5467360155282758,NCIH661,lung
PD_06_PD_14,-0.0088525119661178,NCIH661,lung
PD_07_PD_08,-0.0026721907614345,NCIH661,lung
PD_07_PD_10,-9.115326371489375e-08,NCIH661,lung
PD_08_PD_10,-0.4663629382032963,NCIH661,lung
PD_08_PD_12,0.0,NCIH661,lung
PD_08_PD_14,-0.0088525119661178,NCIH661,lung
PD_08_PD_15,-0.0002361128279857,NCIH661,lung
PD_10_PD_12,-6.102119920470273e-10,NCIH661,lung
PD_10_PD_13,5.351377674323032e-09,NCIH661,lung
PD_10_PD_15,-3.746896459766447e-09,NCIH661,lung
PD_01_PD_02,-0.0046692073337697,NCIH69,lung
PD_01_PD_03,-0.0100423731124914,NCIH69,lung
PD_01_PD_08,-0.0527898422001669,NCIH69,lung
PD_01_PD_10,-0.0074000781394721,NCIH69,lung
PD_03_PD_05,-1.0581250320385036e-09,NCIH69,lung
PD_03_PD_06,-0.0312828394892034,NCIH69,lung
PD_03_PD_07,-8.416989327741929e-11,NCIH69,lung
PD_03_PD_08,-0.0314568929162953,NCIH69,lung
PD_03_PD_09,-5.843504502500708e-08,NCIH69,lung
PD_03_PD_10,-5.347230097596523e-07,NCIH69,lung
PD_03_PD_11,-5.347695934965202e-07,NCIH69,lung
PD_03_PD_12,0.0,NCIH69,lung
PD_03_PD_15,-4.732880753977042e-13,NCIH69,lung
PD_06_PD_08,0.0043542424348906,NCIH69,lung
PD_06_PD_10,-0.5339329575289975,NCIH69,lung
PD_06_PD_14,-0.0189381649356242,NCIH69,lung
PD_07_PD_08,-0.007530417655879,NCIH69,lung
PD_07_PD_10,-1.1315953729607031e-09,NCIH69,lung
PD_08_PD_10,-0.376251653503445,NCIH69,lung
PD_08_PD_12,-0.000174053427092,NCIH69,lung
PD_08_PD_14,-0.0191122183627163,NCIH69,lung
PD_08_PD_15,-0.0005311300305461,NCIH69,lung
PD_10_PD_12,-3.3306690738754696e-16,NCIH69,lung
PD_10_PD_13,4.658373686794448e-11,NCIH69,lung
PD_10_PD_15,-4.3286374484807766e-11,NCIH69,lung
PD_01_PD_08,-0.0184062368999827,NCIH720,lung
PD_01_PD_10,-0.0010289410837523,NCIH720,lung
PD_06_PD_08,2.8272377883276082e-08,NCIH720,lung
PD_06_PD_10,-0.5172269990775398,NCIH720,lung
PD_06_PD_14,-0.0158872320798261,NCIH720,lung
PD_07_PD_08,-2.2383143853943466e-06,NCIH720,lung
PD_07_PD_10,-9.132028466751764e-12,NCIH720,lung
PD_08_PD_10,-0.0019842256256817,NCIH720,lung
PD_08_PD_12,-0.0011965707130989,NCIH720,lung
PD_08_PD_14,-0.0170838027921064,NCIH720,lung
PD_08_PD_15,-9.982626947291352e-08,NCIH720,lung
PD_10_PD_12,1.1868284133242926e-13,NCIH720,lung
PD_10_PD_13,1.1868284133242926e-13,NCIH720,lung
PD_10_PD_15,-1.4888090760223352e-13,NCIH720,lung
PD_01_PD_02,-0.0062970024962922,NCIH727,lung
PD_01_PD_03,-0.0119445715859527,NCIH727,lung
PD_01_PD_08,-0.0702030666780573,NCIH727,lung
PD_01_PD_10,-0.0100579784297316,NCIH727,lung
PD_03_PD_05,-1.2594358778095229e-08,NCIH727,lung
PD_03_PD_06,-0.0825763115632504,NCIH727,lung
PD_03_PD_07,-2.4495216965902955e-10,NCIH727,lung
PD_03_PD_08,-0.0825763115632504,NCIH727,lung
PD_03_PD_09,-1.259434900813261e-08,NCIH727,lung
PD_03_PD_10,-1.7347661775968248e-06,NCIH727,lung
PD_03_PD_11,-1.7353200021386073e-06,NCIH727,lung
PD_03_PD_12,0.0,NCIH727,lung
PD_03_PD_15,-1.7115753259133726e-11,NCIH727,lung
PD_06_PD_08,0.0205860835519777,NCIH727,lung
PD_06_PD_10,-0.5198980020364616,NCIH727,lung
PD_06_PD_14,-0.0448056806777733,NCIH727,lung
PD_07_PD_08,-0.0411978008342479,NCIH727,lung
PD_07_PD_10,-7.268842305840906e-09,NCIH727,lung
PD_08_PD_10,-0.4716584227061355,NCIH727,lung
PD_08_PD_12,0.0,NCIH727,lung
PD_08_PD_14,-0.0448056806777733,NCIH727,lung
PD_08_PD_15,-0.0017237882632682,NCIH727,lung
PD_10_PD_12,-3.4259853287643693e-08,NCIH727,lung
PD_10_PD_13,5.524591895067488e-10,NCIH727,lung
PD_10_PD_15,-2.926328068753037e-10,NCIH727,lung
PD_01_PD_02,-0.0032013176609615,NCIH810,lung
PD_01_PD_03,-0.006409724058682,NCIH810,lung
PD_01_PD_08,-0.0126136927814302,NCIH810,lung
PD_01_PD_10,-0.0107953677527504,NCIH810,lung
PD_03_PD_05,-2.83620349428304e-10,NCIH810,lung
PD_03_PD_06,-0.0566423176040228,NCIH810,lung
PD_03_PD_07,-4.55026016865645e-11,NCIH810,lung
PD_03_PD_08,-6.763327107583983e-06,NCIH810,lung
PD_03_PD_09,-2.8362001636139667e-10,NCIH810,lung
PD_03_PD_10,-2.775590097758851e-07,NCIH810,lung
PD_03_PD_11,-2.778160402838737e-07,NCIH810,lung
PD_03_PD_12,-1.019349049613538e-09,NCIH810,lung
PD_03_PD_15,-9.685585666829866e-13,NCIH810,lung
PD_06_PD_08,8.276501706205863e-11,NCIH810,lung
PD_06_PD_10,-0.5096153852211538,NCIH810,lung
PD_06_PD_14,-0.034810606672437,NCIH810,lung
PD_07_PD_08,-1.6573240557704592e-09,NCIH810,lung
PD_07_PD_10,-1.739555499646883e-09,NCIH810,lung
PD_08_PD_10,-0.0175384301156735,NCIH810,lung
PD_08_PD_12,-0.0180677216996104,NCIH810,lung
PD_08_PD_14,-0.0528783283714495,NCIH810,lung
PD_08_PD_15,-7.62123697484185e-11,NCIH810,lung
PD_10_PD_12,-3.2995127519086516e-08,NCIH810,lung
PD_10_PD_13,2.5703195127846357e-10,NCIH810,lung
PD_10_PD_15,-1.5016965448921835e-10,NCIH810,lung
PD_01_PD_02,-0.0044728928093202,NCIH82,lung
PD_01_PD_03,-0.0086316281285429,NCIH82,lung
PD_01_PD_08,-0.0601829475645602,NCIH82,lung
PD_01_PD_10,-0.0039906715969574,NCIH82,lung
PD_03_PD_05,-1.544002103948117e-08,NCIH82,lung
PD_03_PD_06,-0.0224498041109425,NCIH82,lung
PD_03_PD_07,-2.9500213383215623e-10,NCIH82,lung
PD_03_PD_08,-0.054078905235146,NCIH82,lung
PD_03_PD_09,-0.0976876818303835,NCIH82,lung
PD_03_PD_10,-6.592827873630469e-07,NCIH82,lung
PD_03_PD_11,-6.596403454572908e-07,NCIH82,lung
PD_03_PD_12,0.0,NCIH82,lung
PD_03_PD_15,-2.0117907340022608e-11,NCIH82,lung
PD_06_PD_08,0.0540505743076219,NCIH82,lung
PD_06_PD_10,-0.4697993575137242,NCIH82,lung
PD_06_PD_14,-0.0691192449509993,NCIH82,lung
PD_07_PD_08,-0.0663597587888924,NCIH82,lung
PD_07_PD_10,-5.735605546064448e-09,NCIH82,lung
PD_08_PD_10,-0.3544230389657014,NCIH82,lung
PD_08_PD_12,-0.0316291011249462,NCIH82,lung
PD_08_PD_14,-0.1007483460758681,NCIH82,lung
PD_08_PD_15,-0.0075718202890575,NCIH82,lung
PD_10_PD_12,-1.7892624826210124e-08,NCIH82,lung
PD_10_PD_13,3.57561091846037e-10,NCIH82,lung
PD_10_PD_15,-1.8528789613725396e-10,NCIH82,lung
PD_01_PD_08,-0.0243289869999442,NCIH835,lung
PD_01_PD_10,-0.0011660262265814,NCIH835,lung
PD_06_PD_08,7.317171502041475e-08,NCIH835,lung
PD_06_PD_10,-0.5555438886801922,NCIH835,lung
PD_06_PD_14,-0.0281509696547279,NCIH835,lung
PD_07_PD_08,-1.0872748232859664e-06,NCIH835,lung
PD_07_PD_10,-1.2068679389187764e-11,NCIH835,lung
PD_08_PD_10,-0.001797168263673,NCIH835,lung
PD_08_PD_12,-0.0039232096041124,NCIH835,lung
PD_08_PD_14,-0.032074179248114,NCIH835,lung
PD_08_PD_15,-2.179347726727343e-07,NCIH835,lung
PD_10_PD_12,5.858646900946951e-13,NCIH835,lung
PD_10_PD_13,5.84088333255295e-13,NCIH835,lung
PD_10_PD_15,-6.705747068735947e-13,NCIH835,lung
PD_01_PD_02,-0.0042197626085886,NCIH841,lung
PD_01_PD_03,-0.0086878862227768,NCIH841,lung
PD_01_PD_08,-0.0374601940025105,NCIH841,lung
PD_01_PD_10,-0.0098364108917604,NCIH841,lung
PD_03_PD_05,-6.768175242477524e-09,NCIH841,lung
PD_03_PD_06,-0.022957521377409,NCIH841,lung
PD_03_PD_07,-1.9366147574473302e-09,NCIH841,lung
PD_03_PD_08,-0.0230799829848694,NCIH841,lung
PD_03_PD_09,-3.55580345390294e-07,NCIH841,lung
PD_03_PD_10,-2.250390258584645e-07,NCIH841,lung
PD_03_PD_11,-2.250850903440238e-07,NCIH841,lung
PD_03_PD_12,-2.3003821070233244e-13,NCIH841,lung
PD_03_PD_15,-8.475775636895833e-12,NCIH841,lung
PD_06_PD_08,0.003296686295042,NCIH841,lung
PD_06_PD_10,-0.5080823613010655,NCIH841,lung
PD_06_PD_14,-0.0136966256856706,NCIH841,lung
PD_07_PD_08,-0.0066378265274648,NCIH841,lung
PD_07_PD_10,-1.5203118763906787e-09,NCIH841,lung
PD_08_PD_10,-0.2989615155606342,NCIH841,lung
PD_08_PD_12,-0.0001237476126986,NCIH841,lung
PD_08_PD_14,-0.0138203732983692,NCIH841,lung
PD_08_PD_15,-0.0004057215935638,NCIH841,lung
PD_10_PD_12,-1.010296346581896e-07,NCIH841,lung
PD_10_PD_13,4.606870440682087e-11,NCIH841,lung
PD_10_PD_15,-3.3994140835602587e-11,NCIH841,lung
PD_01_PD_08,-0.0498512922094895,NCIH847,lung
PD_01_PD_10,-0.0022227022422433,NCIH847,lung
PD_06_PD_08,1.4080706872698912e-06,NCIH847,lung
PD_06_PD_10,-0.4402823079537144,NCIH847,lung
PD_06_PD_14,-0.0392970820510766,NCIH847,lung
PD_07_PD_08,-3.802570922517568e-05,NCIH847,lung
PD_07_PD_10,-1.2856826714369164e-11,NCIH847,lung
PD_08_PD_10,-0.0046115301380522,NCIH847,lung
PD_08_PD_12,-0.1063676399285015,NCIH847,lung
PD_08_PD_14,-0.1456235971501329,NCIH847,lung
PD_08_PD_15,-3.0968489012073164e-06,NCIH847,lung
PD_10_PD_12,-7.888134589961737e-12,NCIH847,lung
PD_10_PD_13,7.438494264988549e-15,NCIH847,lung
PD_10_PD_15,-6.772360450213455e-15,NCIH847,lung
PD_01_PD_08,-0.0210966560100416,PC14,lung
PD_01_PD_10,-0.0012453341441254,PC14,lung
PD_06_PD_08,3.9320325662117745e-08,PC14,lung
PD_06_PD_10,-0.5474541186697784,PC14,lung
PD_06_PD_14,-0.0206477544932287,PC14,lung
PD_07_PD_08,-1.832519269329147e-06,PC14,lung
PD_07_PD_10,-1.3012146915514222e-11,PC14,lung
PD_08_PD_10,-0.0016358275738594,PC14,lung
PD_08_PD_12,-0.0025870093007903,PC14,lung
PD_08_PD_14,-0.0232347637910834,PC14,lung
PD_08_PD_15,-1.2943461391579092e-07,PC14,lung
PD_10_PD_12,1.9562129693895258e-13,PC14,lung
PD_10_PD_13,1.9539925233402758e-13,PC14,lung
PD_10_PD_15,-2.383648833870211e-13,PC14,lung
PD_01_PD_02,-0.003715878186966,RERFLCKJ,lung
PD_01_PD_03,-0.0079206172941433,RERFLCKJ,lung
PD_01_PD_08,-0.0371049473941481,RERFLCKJ,lung
PD_01_PD_10,-0.0074207197507307,RERFLCKJ,lung
PD_03_PD_05,-1.04041498660834e-06,RERFLCKJ,lung
PD_03_PD_06,-0.0177872046854847,RERFLCKJ,lung
PD_03_PD_07,-1.157714275556998e-07,RERFLCKJ,lung
PD_03_PD_08,-0.0177331814685356,RERFLCKJ,lung
PD_03_PD_09,-1.0404139328956674e-06,RERFLCKJ,lung
PD_03_PD_10,-1.2442416413294133e-05,RERFLCKJ,lung
PD_03_PD_11,-1.2447762151368558e-05,RERFLCKJ,lung
PD_03_PD_12,-1.7498003046512167e-11,RERFLCKJ,lung
PD_03_PD_15,-7.484296737914065e-09,RERFLCKJ,lung
PD_06_PD_08,0.0015070484803403,RERFLCKJ,lung
PD_06_PD_10,-0.538849066326847,RERFLCKJ,lung
PD_06_PD_14,-0.0088534932826224,RERFLCKJ,lung
PD_07_PD_08,-0.0026721907609797,RERFLCKJ,lung
PD_07_PD_10,-9.11533114544838e-08,RERFLCKJ,lung
PD_08_PD_10,-0.3889962109032858,RERFLCKJ,lung
PD_08_PD_12,-1.1612488748369287e-10,RERFLCKJ,lung
PD_08_PD_14,-0.0088534933987473,RERFLCKJ,lung
PD_08_PD_15,-0.0002361128279771,RERFLCKJ,lung
PD_10_PD_12,-6.051759093850251e-10,RERFLCKJ,lung
PD_10_PD_13,5.3513848907726924e-09,RERFLCKJ,lung
PD_10_PD_15,-3.746906451773668e-09,RERFLCKJ,lung
PD_01_PD_02,-0.0669808933863154,RERFLCSQ1,lung
PD_01_PD_03,-0.0987254455211728,RERFLCSQ1,lung
PD_01_PD_08,-0.1652483532939884,RERFLCSQ1,lung
PD_01_PD_10,-0.1215234058158694,RERFLCSQ1,lung
PD_03_PD_05,-0.0059134306073261,RERFLCSQ1,lung
PD_03_PD_06,-0.129180402663359,RERFLCSQ1,lung
PD_03_PD_07,-0.0022580651253966,RERFLCSQ1,lung
PD_03_PD_08,-0.0954975412537774,RERFLCSQ1,lung
PD_03_PD_09,-0.0070137236270345,RERFLCSQ1,lung
PD_03_PD_10,-0.0099691186067829,RERFLCSQ1,lung
PD_03_PD_11,-0.0108429281994965,RERFLCSQ1,lung
PD_03_PD_12,-0.0009337981886197,RERFLCSQ1,lung
PD_03_PD_15,-0.0003017064597274,RERFLCSQ1,lung
PD_06_PD_08,0.009718232928651,RERFLCSQ1,lung
PD_06_PD_10,-0.4019296403934284,RERFLCSQ1,lung
PD_06_PD_14,-0.0755352206697904,RERFLCSQ1,lung
PD_07_PD_08,-0.0090957097705051,RERFLCSQ1,lung
PD_07_PD_10,-0.0015462139643374,RERFLCSQ1,lung
PD_08_PD_10,-0.3386995889654333,RERFLCSQ1,lung
PD_08_PD_12,-0.0874169936977632,RERFLCSQ1,lung
PD_08_PD_14,-0.1627696977959175,RERFLCSQ1,lung
PD_08_PD_15,-0.0019913125492834,RERFLCSQ1,lung
PD_10_PD_12,-0.0012985935814876,RERFLCSQ1,lung
PD_10_PD_13,0.0010551156896223,RERFLCSQ1,lung
PD_10_PD_15,-0.0002052149155106,RERFLCSQ1,lung
PD_01_PD_02,-0.0002168570298419,SBC3,lung
PD_01_PD_03,-0.0018909882719645,SBC3,lung
PD_01_PD_08,-0.0324780011790234,SBC3,lung
PD_01_PD_10,-0.0048362642946161,SBC3,lung
PD_03_PD_05,-6.428734211638698e-09,SBC3,lung
PD_03_PD_06,-0.0231740683517254,SBC3,lung
PD_03_PD_07,-1.936153126713691e-09,SBC3,lung
PD_03_PD_08,-0.0232965299591858,SBC3,lung
PD_03_PD_09,-3.553088336882837e-07,SBC3,lung
PD_03_PD_10,-3.110769420944237e-07,SBC3,lung
PD_03_PD_11,-3.11124097818194e-07,SBC3,lung
PD_03_PD_12,-2.3003821070233244e-13,SBC3,lung
PD_03_PD_15,-8.120171202108395e-12,SBC3,lung
PD_06_PD_08,0.0032966894735196,SBC3,lung
PD_06_PD_10,-0.5085691615900784,SBC3,lung
PD_06_PD_14,-0.0137026646318916,SBC3,lung
PD_07_PD_08,-0.0066378697350181,SBC3,lung
PD_07_PD_10,-1.5671328679189855e-09,SBC3,lung
PD_08_PD_10,-0.2963247297686222,SBC3,lung
PD_08_PD_12,-0.0001237476126986,SBC3,lung
PD_08_PD_14,-0.0138264122445902,SBC3,lung
PD_08_PD_15,-0.0004057243169571,SBC3,lung
PD_10_PD_12,-1.0230748315187554e-07,SBC3,lung
PD_10_PD_13,4.715983159542248e-11,SBC3,lung
PD_10_PD_15,-3.5339287052238426e-11,SBC3,lung
PD_01_PD_02,-0.0042197626085886,SBC5,lung
PD_01_PD_03,-0.0086878862227768,SBC5,lung
PD_01_PD_08,-0.0374601940025105,SBC5,lung
PD_01_PD_10,-0.0098364108917604,SBC5,lung
PD_03_PD_05,-6.768175242477524e-09,SBC5,lung
PD_03_PD_06,-0.022957521377409,SBC5,lung
PD_03_PD_07,-1.9366147574473302e-09,SBC5,lung
PD_03_PD_08,-0.0230799829848694,SBC5,lung
PD_03_PD_09,-3.55580345390294e-07,SBC5,lung
PD_03_PD_10,-2.250390258584645e-07,SBC5,lung
PD_03_PD_11,-2.250850903440238e-07,SBC5,lung
PD_03_PD_12,-2.3003821070233244e-13,SBC5,lung
PD_03_PD_15,-8.475775636895833e-12,SBC5,lung
PD_06_PD_08,0.003296686295042,SBC5,lung
PD_06_PD_10,-0.5080823613010655,SBC5,lung
PD_06_PD_14,-0.0136966256856706,SBC5,lung
PD_07_PD_08,-0.0066378265274648,SBC5,lung
PD_07_PD_10,-1.5203118763906787e-09,SBC5,lung
PD_08_PD_10,-0.2989615155606342,SBC5,lung
PD_08_PD_12,-0.0001237476126986,SBC5,lung
PD_08_PD_14,-0.0138203732983692,SBC5,lung
PD_08_PD_15,-0.0004057215935638,SBC5,lung
PD_10_PD_12,-1.010296346581896e-07,SBC5,lung
PD_10_PD_13,4.606870440682087e-11,SBC5,lung
PD_10_PD_15,-3.3994140835602587e-11,SBC5,lung
PD_01_PD_08,-0.0219547841597393,SHP77,lung
PD_01_PD_10,-0.0012319425331249,SHP77,lung
PD_06_PD_08,3.9393938444654e-08,SHP77,lung
PD_06_PD_10,-0.5537117015692844,SHP77,lung
PD_06_PD_14,-0.0242009568423142,SHP77,lung
PD_07_PD_08,-1.833860617250771e-06,SHP77,lung
PD_07_PD_10,-1.304734098539484e-11,SHP77,lung
PD_08_PD_10,-0.0017675702394237,SHP77,lung
PD_08_PD_12,-0.0030996280955993,SHP77,lung
PD_08_PD_14,-0.0273005849343922,SHP77,lung
PD_08_PD_15,-1.2995836085050172e-07,SHP77,lung
PD_10_PD_12,1.9562129693895258e-13,SHP77,lung
PD_10_PD_13,1.9539925233402758e-13,SHP77,lung
PD_10_PD_15,-2.3858692799194614e-13,SHP77,lung
PD_01_PD_02,-0.0023856833648613,SKLU1,lung
PD_01_PD_03,-0.0057677380939731,SKLU1,lung
PD_01_PD_08,-0.0348228687259601,SKLU1,lung
PD_01_PD_10,-0.0042533550989648,SKLU1,lung
PD_03_PD_05,-1.040416189090898e-06,SKLU1,lung
PD_03_PD_06,-0.0177345159048986,SKLU1,lung
PD_03_PD_07,-1.1577143776975165e-07,SKLU1,lung
PD_03_PD_08,-0.0177345159048986,SKLU1,lung
PD_03_PD_09,-1.0404151353782254e-06,SKLU1,lung
PD_03_PD_10,-1.2442325994621584e-05,SKLU1,lung
PD_03_PD_11,-1.244767172547956e-05,SKLU1,lung
PD_03_PD_12,0.0,SKLU1,lung
PD_03_PD_15,-7.484296626891762e-09,SKLU1,lung
PD_06_PD_08,0.00150704848052,SKLU1,lung
PD_06_PD_10,-0.5467360155282758,SKLU1,lung
PD_06_PD_14,-0.0088525119661178,SKLU1,lung
PD_07_PD_08,-0.0026721907614345,SKLU1,lung
PD_07_PD_10,-9.115326371489375e-08,SKLU1,lung
PD_08_PD_10,-0.4663629382032963,SKLU1,lung
PD_08_PD_12,0.0,SKLU1,lung
PD_08_PD_14,-0.0088525119661178,SKLU1,lung
PD_08_PD_15,-0.0002361128279857,SKLU1,lung
PD_10_PD_12,-6.102119920470273e-10,SKLU1,lung
PD_10_PD_13,5.351377674323032e-09,SKLU1,lung
PD_10_PD_15,-3.746896459766447e-09,SKLU1,lung
PD_01_PD_02,-0.0002201507571135,SKMES1,lung
PD_01_PD_03,-0.000867319321625,SKMES1,lung
PD_01_PD_08,-0.0132162468196767,SKMES1,lung
PD_01_PD_10,-0.0011707636709782,SKMES1,lung
PD_03_PD_05,-3.3747302952136244e-08,SKMES1,lung
PD_03_PD_06,-0.0012343546920215,SKMES1,lung
PD_03_PD_07,-3.611615340126661e-09,SKMES1,lung
PD_03_PD_08,-0.0013154590738689,SKMES1,lung
PD_03_PD_09,-5.209743068945727e-06,SKMES1,lung
PD_03_PD_10,-4.620490670070865e-07,SKMES1,lung
PD_03_PD_11,-4.620632562124527e-07,SKMES1,lung
PD_03_PD_12,-2.220446049250313e-16,SKMES1,lung
PD_03_PD_15,-6.798772655969286e-11,SKMES1,lung
PD_06_PD_08,5.944834491344864e-08,SKMES1,lung
PD_06_PD_10,-0.5116160680441351,SKMES1,lung
PD_06_PD_14,-0.0039957249811315,SKMES1,lung
PD_07_PD_08,-1.1553692378374336e-06,SKMES1,lung
PD_07_PD_10,-6.704187205386346e-10,SKMES1,lung
PD_08_PD_10,-0.0675935697951697,SKMES1,lung
PD_08_PD_12,-0.0001336535055094,SKMES1,lung
PD_08_PD_14,-0.0041293784866286,SKMES1,lung
PD_08_PD_15,-5.362108468354165e-08,SKMES1,lung
PD_10_PD_12,-2.4586604430165693e-07,SKMES1,lung
PD_10_PD_13,1.4190648656153826e-11,SKMES1,lung
PD_10_PD_15,-1.4712675522332574e-11,SKMES1,lung
PD_01_PD_02,-0.0002201507571135,SW1271,lung
PD_01_PD_03,-0.000867319321625,SW1271,lung
PD_01_PD_08,-0.0132162468196767,SW1271,lung
PD_01_PD_10,-0.0011707636709782,SW1271,lung
PD_03_PD_05,-3.3747302952136244e-08,SW1271,lung
PD_03_PD_06,-0.0012343546920215,SW1271,lung
PD_03_PD_07,-3.611615340126661e-09,SW1271,lung
PD_03_PD_08,-0.0013154590738689,SW1271,lung
PD_03_PD_09,-5.209743068945727e-06,SW1271,lung
PD_03_PD_10,-4.620490670070865e-07,SW1271,lung
PD_03_PD_11,-4.620632562124527e-07,SW1271,lung
PD_03_PD_12,-2.220446049250313e-16,SW1271,lung
PD_03_PD_15,-6.798772655969286e-11,SW1271,lung
PD_06_PD_08,5.944834491344864e-08,SW1271,lung
PD_06_PD_10,-0.5116160680441351,SW1271,lung
PD_06_PD_14,-0.0039957249811315,SW1271,lung
PD_07_PD_08,-1.1553692378374336e-06,SW1271,lung
PD_07_PD_10,-6.704187205386346e-10,SW1271,lung
PD_08_PD_10,-0.0675935697951697,SW1271,lung
PD_08_PD_12,-0.0001336535055094,SW1271,lung
PD_08_PD_14,-0.0041293784866286,SW1271,lung
PD_08_PD_15,-5.362108468354165e-08,SW1271,lung
PD_10_PD_12,-2.4586604430165693e-07,SW1271,lung
PD_10_PD_13,1.4190648656153826e-11,SW1271,lung
PD_10_PD_15,-1.4712675522332574e-11,SW1271,lung
PD_01_PD_02,-0.0010185255742205,SW1573,lung
PD_01_PD_03,-0.0027559947289914,SW1573,lung
PD_01_PD_08,-0.0194434291139247,SW1573,lung
PD_01_PD_10,-0.0045701316648705,SW1573,lung
PD_03_PD_05,-1.103631852572562e-08,SW1573,lung
PD_03_PD_06,-0.0379611690066313,SW1573,lung
PD_03_PD_07,-5.795109947470678e-10,SW1573,lung
PD_03_PD_08,-0.0215411308025552,SW1573,lung
PD_03_PD_09,-1.103631852572562e-08,SW1573,lung
PD_03_PD_10,-3.247719607468724e-06,SW1573,lung
PD_03_PD_11,-3.24844492283205e-06,SW1573,lung
PD_03_PD_12,-3.090194766741661e-12,SW1573,lung
PD_03_PD_15,-1.48056011894937e-11,SW1573,lung
PD_06_PD_08,0.0073709154581645,SW1573,lung
PD_06_PD_10,-0.5065809237723218,SW1573,lung
PD_06_PD_14,-0.0262442705880019,SW1573,lung
PD_07_PD_08,-0.0172389357842732,SW1573,lung
PD_07_PD_10,-2.4051656444257222e-08,SW1573,lung
PD_08_PD_10,-0.3519638962325198,SW1573,lung
PD_08_PD_12,-0.0212052797241478,SW1573,lung
PD_08_PD_14,-0.0471556543536056,SW1573,lung
PD_08_PD_15,-0.0006541230493031,SW1573,lung
PD_10_PD_12,-5.495132127109059e-09,SW1573,lung
PD_10_PD_13,7.253160294595772e-10,SW1573,lung
PD_10_PD_15,-5.608042918936461e-10,SW1573,lung
PD_01_PD_02,-0.0051444044209868,SW900,lung
PD_01_PD_03,-0.0097431592943061,SW900,lung
PD_01_PD_08,-0.1809204934122689,SW900,lung
PD_01_PD_10,-0.0116101054531099,SW900,lung
PD_03_PD_05,-4.098541217523177e-08,SW900,lung
PD_03_PD_06,-0.1067426233605836,SW900,lung
PD_03_PD_07,-5.130358915472755e-09,SW900,lung
PD_03_PD_08,-0.1385207242277689,SW900,lung
PD_03_PD_09,-3.9796534068159424e-08,SW900,lung
PD_03_PD_10,-9.24224209719604e-07,SW900,lung
PD_03_PD_11,-9.2465695378241e-07,SW900,lung
PD_03_PD_12,0.0,SW900,lung
PD_03_PD_15,-7.042799676781897e-11,SW900,lung
PD_06_PD_08,0.0368746963746624,SW900,lung
PD_06_PD_10,-0.4822951629894254,SW900,lung
PD_06_PD_14,-0.0808400697412066,SW900,lung
PD_07_PD_08,-0.0288569271174009,SW900,lung
PD_07_PD_10,-6.749130587735408e-09,SW900,lung
PD_08_PD_10,-0.3504625048251507,SW900,lung
PD_08_PD_12,-0.0317781008700005,SW900,lung
PD_08_PD_14,-0.1126181706110865,SW900,lung
PD_08_PD_15,-0.0031289158821774,SW900,lung
PD_10_PD_12,-4.6698590105975775e-08,SW900,lung
PD_10_PD_13,4.3274883676502895e-10,SW900,lung
PD_10_PD_15,-2.2305313152060077e-10,SW900,lung
PD_01_PD_02,-0.0662832971315176,UMC11,lung
PD_01_PD_03,-0.0899895630256586,UMC11,lung
PD_01_PD_08,-0.1104742083006788,UMC11,lung
PD_01_PD_10,-0.1394479288021851,UMC11,lung
PD_03_PD_05,-0.0021341073026764,UMC11,lung
PD_03_PD_06,-0.1463407713043489,UMC11,lung
PD_03_PD_07,-0.0020498309074329,UMC11,lung
PD_03_PD_08,-0.0359839970039784,UMC11,lung
PD_03_PD_09,-0.0020976214428034,UMC11,lung
PD_03_PD_10,-0.0157727367842663,UMC11,lung
PD_03_PD_11,-0.0209776908956168,UMC11,lung
PD_03_PD_12,-0.0052922271784111,UMC11,lung
PD_03_PD_15,-0.0001457374789506,UMC11,lung
PD_06_PD_08,0.00114434059483,UMC11,lung
PD_06_PD_10,-0.4427822480869404,UMC11,lung
PD_06_PD_14,-0.0722115293425463,UMC11,lung
PD_07_PD_08,-0.0032381932272417,UMC11,lung
PD_07_PD_10,-0.0091619758364501,UMC11,lung
PD_08_PD_10,-0.2613163755745793,UMC11,lung
PD_08_PD_12,-0.05475462395205,UMC11,lung
PD_08_PD_14,-0.1268190147624527,UMC11,lung
PD_08_PD_15,-0.000302441558084,UMC11,lung
PD_10_PD_12,-0.0044437427473552,UMC11,lung
PD_10_PD_13,0.0052989336742043,UMC11,lung
PD_10_PD_15,-0.0007115562854997,UMC11,lung
PD_01_PD_08,-0.0179788396575574,VMRCLCD,lung
PD_01_PD_10,-0.0009610634119993,VMRCLCD,lung
PD_06_PD_08,2.8183357092537165e-08,VMRCLCD,lung
PD_06_PD_10,-0.5260010792533789,VMRCLCD,lung
PD_06_PD_14,-0.0143732927693516,VMRCLCD,lung
PD_07_PD_08,-2.2355543229934938e-06,VMRCLCD,lung
PD_07_PD_10,-9.11426489835776e-12,VMRCLCD,lung
PD_08_PD_10,-0.001883232327552,VMRCLCD,lung
PD_08_PD_12,-0.000905569001508,VMRCLCD,lung
PD_08_PD_14,-0.0152788617702447,VMRCLCD,lung
PD_08_PD_15,-9.93329677401178e-08,VMRCLCD,lung
PD_10_PD_12,1.1868284133242926e-13,VMRCLCD,lung
PD_10_PD_13,1.1868284133242926e-13,VMRCLCD,lung
PD_10_PD_15,-1.4843681839238345e-13,VMRCLCD,lung
PD_01_PD_02,-0.0035333590599742,697,lymphoid
PD_01_PD_03,-0.0068909985364079,697,lymphoid
PD_01_PD_08,-0.1621399796786216,697,lymphoid
PD_01_PD_10,-0.010360799769442,697,lymphoid
PD_03_PD_05,-3.9318377442754127e-08,697,lymphoid
PD_03_PD_06,-0.096646258553956,697,lymphoid
PD_03_PD_07,-4.883152215917619e-09,697,lymphoid
PD_03_PD_08,-0.1283763885102631,697,lymphoid
PD_03_PD_09,-3.8153651238381776e-08,697,lymphoid
PD_03_PD_10,-8.40747927055574e-07,697,lymphoid
PD_03_PD_11,-8.411551385423266e-07,697,lymphoid
PD_03_PD_12,0.0,697,lymphoid
PD_03_PD_15,-6.650624495563305e-11,697,lymphoid
PD_06_PD_08,0.0364743421782244,697,lymphoid
PD_06_PD_10,-0.4812981364062488,697,lymphoid
PD_06_PD_14,-0.077382394539429,697,lymphoid
PD_07_PD_08,-0.0284348561074558,697,lymphoid
PD_07_PD_10,-6.43004494094157e-09,697,lymphoid
PD_08_PD_10,-0.3267872305216177,697,lymphoid
PD_08_PD_12,-0.0317301299589485,697,lymphoid
PD_08_PD_14,-0.1091125244982655,697,lymphoid
PD_08_PD_15,-0.0030690759697165,697,lymphoid
PD_10_PD_12,-4.4552534994579673e-08,697,lymphoid
PD_10_PD_13,4.0721892524686604e-10,697,lymphoid
PD_10_PD_15,-2.1026025365245002e-10,697,lymphoid
PD_01_PD_02,-0.0077404045705469,A3KAW,lymphoid
PD_01_PD_03,-0.0144859222894602,A3KAW,lymphoid
PD_01_PD_08,-0.0737862397424935,A3KAW,lymphoid
PD_01_PD_10,-0.004324758770227,A3KAW,lymphoid
PD_03_PD_05,-1.9923435123914143e-08,A3KAW,lymphoid
PD_03_PD_06,-0.0487145324469839,A3KAW,lymphoid
PD_03_PD_07,-3.843342311071751e-10,A3KAW,lymphoid
PD_03_PD_08,-0.0804460549221783,A3KAW,lymphoid
PD_03_PD_09,-0.0977016804028029,A3KAW,lymphoid
PD_03_PD_10,-7.713630872929755e-07,A3KAW,lymphoid
PD_03_PD_11,-7.717672948492904e-07,A3KAW,lymphoid
PD_03_PD_12,0.0,A3KAW,lymphoid
PD_03_PD_15,-2.6773472328045497e-11,A3KAW,lymphoid
PD_06_PD_08,0.0546637507194663,A3KAW,lymphoid
PD_06_PD_10,-0.4459617914833336,A3KAW,lymphoid
PD_06_PD_14,-0.0712782846668355,A3KAW,lymphoid
PD_07_PD_08,-0.0664874621788711,A3KAW,lymphoid
PD_07_PD_10,-6.346396408396515e-09,A3KAW,lymphoid
PD_08_PD_10,-0.2863765982994131,A3KAW,lymphoid
PD_08_PD_12,-0.0317315224761932,A3KAW,lymphoid
PD_08_PD_14,-0.1030098071429381,A3KAW,lymphoid
PD_08_PD_15,-0.0076180547721048,A3KAW,lymphoid
PD_10_PD_12,-1.9709093468378572e-08,A3KAW,lymphoid
PD_10_PD_13,4.042080004040826e-10,A3KAW,lymphoid
PD_10_PD_15,-2.0830759339673927e-10,A3KAW,lymphoid
PD_01_PD_02,-0.0038774227195517,A4FUK,lymphoid
PD_01_PD_03,-0.0082786982353031,A4FUK,lymphoid
PD_01_PD_08,-0.0385900228510397,A4FUK,lymphoid
PD_01_PD_10,-0.0101563538048398,A4FUK,lymphoid
PD_03_PD_05,-6.029098220672324e-09,A4FUK,lymphoid
PD_03_PD_06,-0.0201488629863501,A4FUK,lymphoid
PD_03_PD_07,-1.721480513694473e-09,A4FUK,lymphoid
PD_03_PD_08,-0.0201519813478034,A4FUK,lymphoid
PD_03_PD_09,-3.118776270571999e-08,A4FUK,lymphoid
PD_03_PD_10,-2.2509135888526546e-07,A4FUK,lymphoid
PD_03_PD_11,-2.2513742337082482e-07,A4FUK,lymphoid
PD_03_PD_12,-2.0450308113595386e-13,A4FUK,lymphoid
PD_03_PD_15,-7.535971846550638e-12,A4FUK,lymphoid
PD_06_PD_08,0.0032970815602716,A4FUK,lymphoid
PD_06_PD_10,-0.5147270980215325,A4FUK,lymphoid
PD_06_PD_14,-0.0117063011216905,A4FUK,lymphoid
PD_07_PD_08,-0.0066378263593241,A4FUK,lymphoid
PD_07_PD_10,-1.520298997803593e-09,A4FUK,lymphoid
PD_08_PD_10,-0.3538945522045954,A4FUK,lymphoid
PD_08_PD_12,-4.261477219769105e-06,A4FUK,lymphoid
PD_08_PD_14,-0.0117105625989103,A4FUK,lymphoid
PD_08_PD_15,-0.0004057215940163,A4FUK,lymphoid
PD_10_PD_12,-1.010296346581896e-07,A4FUK,lymphoid
PD_10_PD_13,4.606870440682087e-11,A4FUK,lymphoid
PD_10_PD_15,-3.3994140835602587e-11,A4FUK,lymphoid
PD_01_PD_02,-0.0042197626085886,ALLPO,lymphoid
PD_01_PD_03,-0.0086878862227768,ALLPO,lymphoid
PD_01_PD_08,-0.0374601940025105,ALLPO,lymphoid
PD_01_PD_10,-0.0098364108917604,ALLPO,lymphoid
PD_03_PD_05,-6.768175242477524e-09,ALLPO,lymphoid
PD_03_PD_06,-0.022957521377409,ALLPO,lymphoid
PD_03_PD_07,-1.9366147574473302e-09,ALLPO,lymphoid
PD_03_PD_08,-0.0230799829848694,ALLPO,lymphoid
PD_03_PD_09,-3.55580345390294e-07,ALLPO,lymphoid
PD_03_PD_10,-2.250390258584645e-07,ALLPO,lymphoid
PD_03_PD_11,-2.250850903440238e-07,ALLPO,lymphoid
PD_03_PD_12,-2.3003821070233244e-13,ALLPO,lymphoid
PD_03_PD_15,-8.475775636895833e-12,ALLPO,lymphoid
PD_06_PD_08,0.003296686295042,ALLPO,lymphoid
PD_06_PD_10,-0.5080823613010655,ALLPO,lymphoid
PD_06_PD_14,-0.0136966256856706,ALLPO,lymphoid
PD_07_PD_08,-0.0066378265274648,ALLPO,lymphoid
PD_07_PD_10,-1.5203118763906787e-09,ALLPO,lymphoid
PD_08_PD_10,-0.2989615155606342,ALLPO,lymphoid
PD_08_PD_12,-0.0001237476126986,ALLPO,lymphoid
PD_08_PD_14,-0.0138203732983692,ALLPO,lymphoid
PD_08_PD_15,-0.0004057215935638,ALLPO,lymphoid
PD_10_PD_12,-1.010296346581896e-07,ALLPO,lymphoid
PD_10_PD_13,4.606870440682087e-11,ALLPO,lymphoid
PD_10_PD_15,-3.3994140835602587e-11,ALLPO,lymphoid
PD_01_PD_02,-0.0077404045705469,ALLSIL,lymphoid
PD_01_PD_03,-0.0144859222894602,ALLSIL,lymphoid
PD_01_PD_08,-0.0737862397424935,ALLSIL,lymphoid
PD_01_PD_10,-0.004324758770227,ALLSIL,lymphoid
PD_03_PD_05,-1.9923435123914143e-08,ALLSIL,lymphoid
PD_03_PD_06,-0.0487145324469839,ALLSIL,lymphoid
PD_03_PD_07,-3.843342311071751e-10,ALLSIL,lymphoid
PD_03_PD_08,-0.0804460549221783,ALLSIL,lymphoid
PD_03_PD_09,-0.0977016804028029,ALLSIL,lymphoid
PD_03_PD_10,-7.713630872929755e-07,ALLSIL,lymphoid
PD_03_PD_11,-7.717672948492904e-07,ALLSIL,lymphoid
PD_03_PD_12,0.0,ALLSIL,lymphoid
PD_03_PD_15,-2.6773472328045497e-11,ALLSIL,lymphoid
PD_06_PD_08,0.0546637507194663,ALLSIL,lymphoid
PD_06_PD_10,-0.4459617914833336,ALLSIL,lymphoid
PD_06_PD_14,-0.0712782846668355,ALLSIL,lymphoid
PD_07_PD_08,-0.0664874621788711,ALLSIL,lymphoid
PD_07_PD_10,-6.346396408396515e-09,ALLSIL,lymphoid
PD_08_PD_10,-0.2863765982994131,ALLSIL,lymphoid
PD_08_PD_12,-0.0317315224761932,ALLSIL,lymphoid
PD_08_PD_14,-0.1030098071429381,ALLSIL,lymphoid
PD_08_PD_15,-0.0076180547721048,ALLSIL,lymphoid
PD_10_PD_12,-1.9709093468378572e-08,ALLSIL,lymphoid
PD_10_PD_13,4.042080004040826e-10,ALLSIL,lymphoid
PD_10_PD_15,-2.0830759339673927e-10,ALLSIL,lymphoid
PD_01_PD_02,-0.0103826467004244,AMO1,lymphoid
PD_01_PD_03,-0.0182026239452193,AMO1,lymphoid
PD_01_PD_08,-0.1701391970914609,AMO1,lymphoid
PD_01_PD_10,-0.0064689254614581,AMO1,lymphoid
PD_03_PD_05,-1.2036482921473636e-08,AMO1,lymphoid
PD_03_PD_06,-0.1161326766404564,AMO1,lymphoid
PD_03_PD_07,-2.6079749471108466e-10,AMO1,lymphoid
PD_03_PD_08,-0.1161326766404564,AMO1,lymphoid
PD_03_PD_09,-1.2036474039689438e-08,AMO1,lymphoid
PD_03_PD_10,-7.714039399475681e-07,AMO1,lymphoid
PD_03_PD_11,-7.718081476149052e-07,AMO1,lymphoid
PD_03_PD_12,0.0,AMO1,lymphoid
PD_03_PD_15,-1.608868593905299e-11,AMO1,lymphoid
PD_06_PD_08,0.0364368786352017,AMO1,lymphoid
PD_06_PD_10,-0.5179465704208286,AMO1,lymphoid
PD_06_PD_14,-0.0711976838551428,AMO1,lymphoid
PD_07_PD_08,-0.0403595338723781,AMO1,lymphoid
PD_07_PD_10,-6.346398850887169e-09,AMO1,lymphoid
PD_08_PD_10,-0.4474719428385619,AMO1,lymphoid
PD_08_PD_12,0.0,AMO1,lymphoid
PD_08_PD_14,-0.0711976838551428,AMO1,lymphoid
PD_08_PD_15,-0.0030274072360308,AMO1,lymphoid
PD_10_PD_12,-2.0401672573555633e-08,AMO1,lymphoid
PD_10_PD_13,4.0420822244868754e-10,AMO1,lymphoid
PD_10_PD_15,-2.0830770441904176e-10,AMO1,lymphoid
PD_01_PD_02,-0.0047742872282622,ARH77,lymphoid
PD_01_PD_03,-0.0094280435837277,ARH77,lymphoid
PD_01_PD_08,-0.0344020503382035,ARH77,lymphoid
PD_01_PD_10,-0.0101548231594438,ARH77,lymphoid
PD_03_PD_05,-3.7121689056007763e-09,ARH77,lymphoid
PD_03_PD_06,-0.022071764893557,ARH77,lymphoid
PD_03_PD_07,-7.658929046527874e-10,ARH77,lymphoid
PD_03_PD_08,-0.022158611615198,ARH77,lymphoid
PD_03_PD_09,-1.8593978545755618e-07,ARH77,lymphoid
PD_03_PD_10,-1.3005333221460802e-07,ARH77,lymphoid
PD_03_PD_11,-1.3006979304730493e-07,ARH77,lymphoid
PD_03_PD_12,-5.850875339774575e-14,ARH77,lymphoid
PD_03_PD_15,-3.584355035002318e-12,ARH77,lymphoid
PD_06_PD_08,0.0027946573874418,ARH77,lymphoid
PD_06_PD_10,-0.5003606278669349,ARH77,lymphoid
PD_06_PD_14,-0.0127096456048813,ARH77,lymphoid
PD_07_PD_08,-0.006187040998002,ARH77,lymphoid
PD_07_PD_10,-6.010786313126458e-10,ARH77,lymphoid
PD_08_PD_10,-0.2969752047454816,ARH77,lymphoid
PD_08_PD_12,-8.756618552219209e-05,ARH77,lymphoid
PD_08_PD_14,-0.0127972117904034,ARH77,lymphoid
PD_08_PD_15,-0.0003643379958457,ARH77,lymphoid
PD_10_PD_12,-4.9631524112747634e-08,ARH77,lymphoid
PD_10_PD_13,1.6462387009141818e-11,ARH77,lymphoid
PD_10_PD_15,-1.2853162978387898e-11,ARH77,lymphoid
PD_01_PD_02,-0.0047742872282622,ATN1,lymphoid
PD_01_PD_03,-0.0094280435837277,ATN1,lymphoid
PD_01_PD_08,-0.0344020503382035,ATN1,lymphoid
PD_01_PD_10,-0.0101548231594438,ATN1,lymphoid
PD_03_PD_05,-3.7121689056007763e-09,ATN1,lymphoid
PD_03_PD_06,-0.022071764893557,ATN1,lymphoid
PD_03_PD_07,-7.658929046527874e-10,ATN1,lymphoid
PD_03_PD_08,-0.022158611615198,ATN1,lymphoid
PD_03_PD_09,-1.8593978545755618e-07,ATN1,lymphoid
PD_03_PD_10,-1.3005333221460802e-07,ATN1,lymphoid
PD_03_PD_11,-1.3006979304730493e-07,ATN1,lymphoid
PD_03_PD_12,-5.850875339774575e-14,ATN1,lymphoid
PD_03_PD_15,-3.584355035002318e-12,ATN1,lymphoid
PD_06_PD_08,0.0027946573874418,ATN1,lymphoid
PD_06_PD_10,-0.5003606278669349,ATN1,lymphoid
PD_06_PD_14,-0.0127096456048813,ATN1,lymphoid
PD_07_PD_08,-0.006187040998002,ATN1,lymphoid
PD_07_PD_10,-6.010786313126458e-10,ATN1,lymphoid
PD_08_PD_10,-0.2969752047454816,ATN1,lymphoid
PD_08_PD_12,-8.756618552219209e-05,ATN1,lymphoid
PD_08_PD_14,-0.0127972117904034,ATN1,lymphoid
PD_08_PD_15,-0.0003643379958457,ATN1,lymphoid
PD_10_PD_12,-4.9631524112747634e-08,ATN1,lymphoid
PD_10_PD_13,1.6462387009141818e-11,ATN1,lymphoid
PD_10_PD_15,-1.2853162978387898e-11,ATN1,lymphoid
PD_01_PD_02,-0.0047742872282622,BALL1,lymphoid
PD_01_PD_03,-0.0094280435837277,BALL1,lymphoid
PD_01_PD_08,-0.0344020503382035,BALL1,lymphoid
PD_01_PD_10,-0.0101548231594438,BALL1,lymphoid
PD_03_PD_05,-3.7121689056007763e-09,BALL1,lymphoid
PD_03_PD_06,-0.022071764893557,BALL1,lymphoid
PD_03_PD_07,-7.658929046527874e-10,BALL1,lymphoid
PD_03_PD_08,-0.022158611615198,BALL1,lymphoid
PD_03_PD_09,-1.8593978545755618e-07,BALL1,lymphoid
PD_03_PD_10,-1.3005333221460802e-07,BALL1,lymphoid
PD_03_PD_11,-1.3006979304730493e-07,BALL1,lymphoid
PD_03_PD_12,-5.850875339774575e-14,BALL1,lymphoid
PD_03_PD_15,-3.584355035002318e-12,BALL1,lymphoid
PD_06_PD_08,0.0027946573874418,BALL1,lymphoid
PD_06_PD_10,-0.5003606278669349,BALL1,lymphoid
PD_06_PD_14,-0.0127096456048813,BALL1,lymphoid
PD_07_PD_08,-0.006187040998002,BALL1,lymphoid
PD_07_PD_10,-6.010786313126458e-10,BALL1,lymphoid
PD_08_PD_10,-0.2969752047454816,BALL1,lymphoid
PD_08_PD_12,-8.756618552219209e-05,BALL1,lymphoid
PD_08_PD_14,-0.0127972117904034,BALL1,lymphoid
PD_08_PD_15,-0.0003643379958457,BALL1,lymphoid
PD_10_PD_12,-4.9631524112747634e-08,BALL1,lymphoid
PD_10_PD_13,1.6462387009141818e-11,BALL1,lymphoid
PD_10_PD_15,-1.2853162978387898e-11,BALL1,lymphoid
PD_01_PD_08,-0.1973200446302015,BC1,lymphoid
PD_01_PD_10,-0.0550268753963748,BC1,lymphoid
PD_06_PD_08,0.0063165373443929,BC1,lymphoid
PD_06_PD_10,-0.1068318582045766,BC1,lymphoid
PD_06_PD_14,-0.0386130392414597,BC1,lymphoid
PD_07_PD_08,-0.0104606763658863,BC1,lymphoid
PD_07_PD_10,-0.0004054888941346,BC1,lymphoid
PD_08_PD_10,-0.1160069013862422,BC1,lymphoid
PD_08_PD_12,-0.4026212500492619,BC1,lymphoid
PD_08_PD_14,-0.4401209591211318,BC1,lymphoid
PD_08_PD_15,-0.0042268166299872,BC1,lymphoid
PD_10_PD_12,-0.0015555922593852,BC1,lymphoid
PD_10_PD_13,0.0001690402301467,BC1,lymphoid
PD_10_PD_15,-3.829422677958938e-05,BC1,lymphoid
PD_01_PD_02,-0.0042197626085886,BE13,lymphoid
PD_01_PD_03,-0.0086878862227768,BE13,lymphoid
PD_01_PD_08,-0.0374601940025105,BE13,lymphoid
PD_01_PD_10,-0.0098364108917604,BE13,lymphoid
PD_03_PD_05,-6.768175242477524e-09,BE13,lymphoid
PD_03_PD_06,-0.022957521377409,BE13,lymphoid
PD_03_PD_07,-1.9366147574473302e-09,BE13,lymphoid
PD_03_PD_08,-0.0230799829848694,BE13,lymphoid
PD_03_PD_09,-3.55580345390294e-07,BE13,lymphoid
PD_03_PD_10,-2.250390258584645e-07,BE13,lymphoid
PD_03_PD_11,-2.250850903440238e-07,BE13,lymphoid
PD_03_PD_12,-2.3003821070233244e-13,BE13,lymphoid
PD_03_PD_15,-8.475775636895833e-12,BE13,lymphoid
PD_06_PD_08,0.003296686295042,BE13,lymphoid
PD_06_PD_10,-0.5080823613010655,BE13,lymphoid
PD_06_PD_14,-0.0136966256856706,BE13,lymphoid
PD_07_PD_08,-0.0066378265274648,BE13,lymphoid
PD_07_PD_10,-1.5203118763906787e-09,BE13,lymphoid
PD_08_PD_10,-0.2989615155606342,BE13,lymphoid
PD_08_PD_12,-0.0001237476126986,BE13,lymphoid
PD_08_PD_14,-0.0138203732983692,BE13,lymphoid
PD_08_PD_15,-0.0004057215935638,BE13,lymphoid
PD_10_PD_12,-1.010296346581896e-07,BE13,lymphoid
PD_10_PD_13,4.606870440682087e-11,BE13,lymphoid
PD_10_PD_15,-3.3994140835602587e-11,BE13,lymphoid
PD_01_PD_02,-0.0025045131266261,BL41,lymphoid
PD_01_PD_03,-0.0060881255941221,BL41,lymphoid
PD_01_PD_08,-0.0328984637851043,BL41,lymphoid
PD_01_PD_10,-0.0040548951363144,BL41,lymphoid
PD_03_PD_05,-1.0404133085062384e-06,BL41,lymphoid
PD_03_PD_06,-0.01763238711593,BL41,lymphoid
PD_03_PD_07,-1.1577142899898973e-07,BL41,lymphoid
PD_03_PD_08,-0.01763238711593,BL41,lymphoid
PD_03_PD_09,-1.0404122547935657e-06,BL41,lymphoid
PD_03_PD_10,-1.2439996805002629e-05,BL41,lymphoid
PD_03_PD_11,-1.244534252309304e-05,BL41,lymphoid
PD_03_PD_12,0.0,BL41,lymphoid
PD_03_PD_15,-7.484296182802552e-09,BL41,lymphoid
PD_06_PD_08,0.001507046027883,BL41,lymphoid
PD_06_PD_10,-0.5472219985115245,BL41,lymphoid
PD_06_PD_14,-0.0088463203506928,BL41,lymphoid
PD_07_PD_08,-0.0026721656174861,BL41,lymphoid
PD_07_PD_10,-9.11528237335091e-08,BL41,lymphoid
PD_08_PD_10,-0.4616864676742197,BL41,lymphoid
PD_08_PD_12,0.0,BL41,lymphoid
PD_08_PD_14,-0.0088463203506928,BL41,lymphoid
PD_08_PD_15,-0.00023611071354,BL41,lymphoid
PD_10_PD_12,-9.95786009205801e-10,BL41,lymphoid
PD_10_PD_13,5.351364906758249e-09,BL41,lymphoid
PD_10_PD_15,-3.746876364729701e-09,BL41,lymphoid
PD_01_PD_08,-0.1973200446302015,BV173,lymphoid
PD_01_PD_10,-0.0550268753963748,BV173,lymphoid
PD_06_PD_08,0.0063165373443929,BV173,lymphoid
PD_06_PD_10,-0.1068318582045766,BV173,lymphoid
PD_06_PD_14,-0.0386130392414597,BV173,lymphoid
PD_07_PD_08,-0.0104606763658863,BV173,lymphoid
PD_07_PD_10,-0.0004054888941346,BV173,lymphoid
PD_08_PD_10,-0.1160069013862422,BV173,lymphoid
PD_08_PD_12,-0.4026212500492619,BV173,lymphoid
PD_08_PD_14,-0.4401209591211318,BV173,lymphoid
PD_08_PD_15,-0.0042268166299872,BV173,lymphoid
PD_10_PD_12,-0.0015555922593852,BV173,lymphoid
PD_10_PD_13,0.0001690402301467,BV173,lymphoid
PD_10_PD_15,-3.829422677958938e-05,BV173,lymphoid
PD_01_PD_02,-0.0042197626085886,CA46,lymphoid
PD_01_PD_03,-0.0086878862227768,CA46,lymphoid
PD_01_PD_08,-0.0374601940025105,CA46,lymphoid
PD_01_PD_10,-0.0098364108917604,CA46,lymphoid
PD_03_PD_05,-6.768175242477524e-09,CA46,lymphoid
PD_03_PD_06,-0.022957521377409,CA46,lymphoid
PD_03_PD_07,-1.9366147574473302e-09,CA46,lymphoid
PD_03_PD_08,-0.0230799829848694,CA46,lymphoid
PD_03_PD_09,-3.55580345390294e-07,CA46,lymphoid
PD_03_PD_10,-2.250390258584645e-07,CA46,lymphoid
PD_03_PD_11,-2.250850903440238e-07,CA46,lymphoid
PD_03_PD_12,-2.3003821070233244e-13,CA46,lymphoid
PD_03_PD_15,-8.475775636895833e-12,CA46,lymphoid
PD_06_PD_08,0.003296686295042,CA46,lymphoid
PD_06_PD_10,-0.5080823613010655,CA46,lymphoid
PD_06_PD_14,-0.0136966256856706,CA46,lymphoid
PD_07_PD_08,-0.0066378265274648,CA46,lymphoid
PD_07_PD_10,-1.5203118763906787e-09,CA46,lymphoid
PD_08_PD_10,-0.2989615155606342,CA46,lymphoid
PD_08_PD_12,-0.0001237476126986,CA46,lymphoid
PD_08_PD_14,-0.0138203732983692,CA46,lymphoid
PD_08_PD_15,-0.0004057215935638,CA46,lymphoid
PD_10_PD_12,-1.010296346581896e-07,CA46,lymphoid
PD_10_PD_13,4.606870440682087e-11,CA46,lymphoid
PD_10_PD_15,-3.3994140835602587e-11,CA46,lymphoid
PD_01_PD_02,-0.0021653945705376,CCRFCEM,lymphoid
PD_01_PD_03,-0.0049572096522257,CCRFCEM,lymphoid
PD_01_PD_08,-0.0413190683374694,CCRFCEM,lymphoid
PD_01_PD_10,-0.0059371092502945,CCRFCEM,lymphoid
PD_03_PD_05,-1.33166785498684e-06,CCRFCEM,lymphoid
PD_03_PD_06,-0.0304566461580471,CCRFCEM,lymphoid
PD_03_PD_07,-2.430879150194798e-07,CCRFCEM,lymphoid
PD_03_PD_08,-0.0221556120300242,CCRFCEM,lymphoid
PD_03_PD_09,-1.3316602592849949e-06,CCRFCEM,lymphoid
PD_03_PD_10,-1.3993472711804069e-05,CCRFCEM,lymphoid
PD_03_PD_11,-1.4008841596413468e-05,CCRFCEM,lymphoid
PD_03_PD_12,-2.2981616609740744e-14,CCRFCEM,lymphoid
PD_03_PD_15,-1.5221463423031878e-08,CCRFCEM,lymphoid
PD_06_PD_08,0.0024727948256706,CCRFCEM,lymphoid
PD_06_PD_10,-0.5052648149324499,CCRFCEM,lymphoid
PD_06_PD_14,-0.0166551958366076,CCRFCEM,lymphoid
PD_07_PD_08,-0.0036147823535461,CCRFCEM,lymphoid
PD_07_PD_10,-2.1765790836347779e-07,CCRFCEM,lymphoid
PD_08_PD_10,-0.2675880658726621,CCRFCEM,lymphoid
PD_08_PD_12,-0.0384161952004484,CCRFCEM,lymphoid
PD_08_PD_14,-0.0550713906773121,CCRFCEM,lymphoid
PD_08_PD_15,-0.0003447873771458,CCRFCEM,lymphoid
PD_10_PD_12,-2.525757381022231e-13,CCRFCEM,lymphoid
PD_10_PD_13,1.540178651282531e-08,CCRFCEM,lymphoid
PD_10_PD_15,-9.035449388683505e-09,CCRFCEM,lymphoid
PD_01_PD_02,-0.0043804772218585,CESS,lymphoid
PD_01_PD_03,-0.0086211698836304,CESS,lymphoid
PD_01_PD_08,-0.166977817255124,CESS,lymphoid
PD_01_PD_10,-0.0100898667803156,CESS,lymphoid
PD_03_PD_05,-2.4162150724649223e-08,CESS,lymphoid
PD_03_PD_06,-0.1379518604150225,CESS,lymphoid
PD_03_PD_07,-2.833953072212125e-09,CESS,lymphoid
PD_03_PD_08,-0.1379518604150225,CESS,lymphoid
PD_03_PD_09,-0.0976144754336758,CESS,lymphoid
PD_03_PD_10,-5.199651611498268e-07,CESS,lymphoid
PD_03_PD_11,-5.201602397697513e-07,CESS,lymphoid
PD_03_PD_12,0.0,CESS,lymphoid
PD_03_PD_15,-3.432854001061969e-11,CESS,lymphoid
PD_06_PD_08,0.0799695421121334,CESS,lymphoid
PD_06_PD_10,-0.4832001274653994,CESS,lymphoid
PD_06_PD_14,-0.1092306750542907,CESS,lymphoid
PD_07_PD_08,-0.0752708170926964,CESS,lymphoid
PD_07_PD_10,-3.44630468607221e-09,CESS,lymphoid
PD_08_PD_10,-0.3985026670671669,CESS,lymphoid
PD_08_PD_12,0.0,CESS,lymphoid
PD_08_PD_14,-0.1092306750542907,CESS,lymphoid
PD_08_PD_15,-0.0098841814937482,CESS,lymphoid
PD_10_PD_12,-2.4723189384623367e-08,CESS,lymphoid
PD_10_PD_13,1.9508095139286752e-10,CESS,lymphoid
PD_10_PD_15,-1.0535183836424268e-10,CESS,lymphoid
PD_01_PD_02,-0.0077404045705469,CMLT1,lymphoid
PD_01_PD_03,-0.0144859222894602,CMLT1,lymphoid
PD_01_PD_08,-0.0737862397424935,CMLT1,lymphoid
PD_01_PD_10,-0.004324758770227,CMLT1,lymphoid
PD_03_PD_05,-1.9923435123914143e-08,CMLT1,lymphoid
PD_03_PD_06,-0.0487145324469839,CMLT1,lymphoid
PD_03_PD_07,-3.843342311071751e-10,CMLT1,lymphoid
PD_03_PD_08,-0.0804460549221783,CMLT1,lymphoid
PD_03_PD_09,-0.0977016804028029,CMLT1,lymphoid
PD_03_PD_10,-7.713630872929755e-07,CMLT1,lymphoid
PD_03_PD_11,-7.717672948492904e-07,CMLT1,lymphoid
PD_03_PD_12,0.0,CMLT1,lymphoid
PD_03_PD_15,-2.6773472328045497e-11,CMLT1,lymphoid
PD_06_PD_08,0.0546637507194663,CMLT1,lymphoid
PD_06_PD_10,-0.4459617914833336,CMLT1,lymphoid
PD_06_PD_14,-0.0712782846668355,CMLT1,lymphoid
PD_07_PD_08,-0.0664874621788711,CMLT1,lymphoid
PD_07_PD_10,-6.346396408396515e-09,CMLT1,lymphoid
PD_08_PD_10,-0.2863765982994131,CMLT1,lymphoid
PD_08_PD_12,-0.0317315224761932,CMLT1,lymphoid
PD_08_PD_14,-0.1030098071429381,CMLT1,lymphoid
PD_08_PD_15,-0.0076180547721048,CMLT1,lymphoid
PD_10_PD_12,-1.9709093468378572e-08,CMLT1,lymphoid
PD_10_PD_13,4.042080004040826e-10,CMLT1,lymphoid
PD_10_PD_15,-2.0830759339673927e-10,CMLT1,lymphoid
PD_01_PD_02,-0.0645496865310312,CTV1,lymphoid
PD_01_PD_03,-0.0848162342434026,CTV1,lymphoid
PD_01_PD_08,-0.0940501567628984,CTV1,lymphoid
PD_01_PD_10,-0.1795308193450401,CTV1,lymphoid
PD_03_PD_05,-0.00642253354719,CTV1,lymphoid
PD_03_PD_06,-0.0649744453512977,CTV1,lymphoid
PD_03_PD_07,-0.0073786627644572,CTV1,lymphoid
PD_03_PD_08,-0.058240166232877,CTV1,lymphoid
PD_03_PD_09,-0.0061376454694894,CTV1,lymphoid
PD_03_PD_10,-0.0283218258574922,CTV1,lymphoid
PD_03_PD_11,-0.0422807215914934,CTV1,lymphoid
PD_03_PD_12,-0.0296460079183772,CTV1,lymphoid
PD_03_PD_15,-0.000563984027747,CTV1,lymphoid
PD_06_PD_08,0.0024615061780338,CTV1,lymphoid
PD_06_PD_10,-0.1129584404611602,CTV1,lymphoid
PD_06_PD_14,-0.0356115156041362,CTV1,lymphoid
PD_07_PD_08,-0.0091243509383442,CTV1,lymphoid
PD_07_PD_10,-0.0126773408038365,CTV1,lymphoid
PD_08_PD_10,-0.2897381762420015,CTV1,lymphoid
PD_08_PD_12,-0.3825591877763798,CTV1,lymphoid
PD_08_PD_14,-0.4102583382147888,CTV1,lymphoid
PD_08_PD_15,-0.0007695622167582,CTV1,lymphoid
PD_10_PD_12,-0.0149174601702082,CTV1,lymphoid
PD_10_PD_13,0.0147386058859383,CTV1,lymphoid
PD_10_PD_15,-0.0017671252135309,CTV1,lymphoid
PD_01_PD_02,-0.0042197626085886,DAUDI,lymphoid
PD_01_PD_03,-0.0086878862227768,DAUDI,lymphoid
PD_01_PD_08,-0.0374601940025105,DAUDI,lymphoid
PD_01_PD_10,-0.0098364108917604,DAUDI,lymphoid
PD_03_PD_05,-6.768175242477524e-09,DAUDI,lymphoid
PD_03_PD_06,-0.022957521377409,DAUDI,lymphoid
PD_03_PD_07,-1.9366147574473302e-09,DAUDI,lymphoid
PD_03_PD_08,-0.0230799829848694,DAUDI,lymphoid
PD_03_PD_09,-3.55580345390294e-07,DAUDI,lymphoid
PD_03_PD_10,-2.250390258584645e-07,DAUDI,lymphoid
PD_03_PD_11,-2.250850903440238e-07,DAUDI,lymphoid
PD_03_PD_12,-2.3003821070233244e-13,DAUDI,lymphoid
PD_03_PD_15,-8.475775636895833e-12,DAUDI,lymphoid
PD_06_PD_08,0.003296686295042,DAUDI,lymphoid
PD_06_PD_10,-0.5080823613010655,DAUDI,lymphoid
PD_06_PD_14,-0.0136966256856706,DAUDI,lymphoid
PD_07_PD_08,-0.0066378265274648,DAUDI,lymphoid
PD_07_PD_10,-1.5203118763906787e-09,DAUDI,lymphoid
PD_08_PD_10,-0.2989615155606342,DAUDI,lymphoid
PD_08_PD_12,-0.0001237476126986,DAUDI,lymphoid
PD_08_PD_14,-0.0138203732983692,DAUDI,lymphoid
PD_08_PD_15,-0.0004057215935638,DAUDI,lymphoid
PD_10_PD_12,-1.010296346581896e-07,DAUDI,lymphoid
PD_10_PD_13,4.606870440682087e-11,DAUDI,lymphoid
PD_10_PD_15,-3.3994140835602587e-11,DAUDI,lymphoid
PD_01_PD_02,-0.0042197626085886,DB,lymphoid
PD_01_PD_03,-0.0086878862227768,DB,lymphoid
PD_01_PD_08,-0.0374601940025105,DB,lymphoid
PD_01_PD_10,-0.0098364108917604,DB,lymphoid
PD_03_PD_05,-6.768175242477524e-09,DB,lymphoid
PD_03_PD_06,-0.022957521377409,DB,lymphoid
PD_03_PD_07,-1.9366147574473302e-09,DB,lymphoid
PD_03_PD_08,-0.0230799829848694,DB,lymphoid
PD_03_PD_09,-3.55580345390294e-07,DB,lymphoid
PD_03_PD_10,-2.250390258584645e-07,DB,lymphoid
PD_03_PD_11,-2.250850903440238e-07,DB,lymphoid
PD_03_PD_12,-2.3003821070233244e-13,DB,lymphoid
PD_03_PD_15,-8.475775636895833e-12,DB,lymphoid
PD_06_PD_08,0.003296686295042,DB,lymphoid
PD_06_PD_10,-0.5080823613010655,DB,lymphoid
PD_06_PD_14,-0.0136966256856706,DB,lymphoid
PD_07_PD_08,-0.0066378265274648,DB,lymphoid
PD_07_PD_10,-1.5203118763906787e-09,DB,lymphoid
PD_08_PD_10,-0.2989615155606342,DB,lymphoid
PD_08_PD_12,-0.0001237476126986,DB,lymphoid
PD_08_PD_14,-0.0138203732983692,DB,lymphoid
PD_08_PD_15,-0.0004057215935638,DB,lymphoid
PD_10_PD_12,-1.010296346581896e-07,DB,lymphoid
PD_10_PD_13,4.606870440682087e-11,DB,lymphoid
PD_10_PD_15,-3.3994140835602587e-11,DB,lymphoid
PD_01_PD_02,-0.0047742872282622,DEL,lymphoid
PD_01_PD_03,-0.0094280435837277,DEL,lymphoid
PD_01_PD_08,-0.0344020503382035,DEL,lymphoid
PD_01_PD_10,-0.0101548231594438,DEL,lymphoid
PD_03_PD_05,-3.7121689056007763e-09,DEL,lymphoid
PD_03_PD_06,-0.022071764893557,DEL,lymphoid
PD_03_PD_07,-7.658929046527874e-10,DEL,lymphoid
PD_03_PD_08,-0.022158611615198,DEL,lymphoid
PD_03_PD_09,-1.8593978545755618e-07,DEL,lymphoid
PD_03_PD_10,-1.3005333221460802e-07,DEL,lymphoid
PD_03_PD_11,-1.3006979304730493e-07,DEL,lymphoid
PD_03_PD_12,-5.850875339774575e-14,DEL,lymphoid
PD_03_PD_15,-3.584355035002318e-12,DEL,lymphoid
PD_06_PD_08,0.0027946573874418,DEL,lymphoid
PD_06_PD_10,-0.5003606278669349,DEL,lymphoid
PD_06_PD_14,-0.0127096456048813,DEL,lymphoid
PD_07_PD_08,-0.006187040998002,DEL,lymphoid
PD_07_PD_10,-6.010786313126458e-10,DEL,lymphoid
PD_08_PD_10,-0.2969752047454816,DEL,lymphoid
PD_08_PD_12,-8.756618552219209e-05,DEL,lymphoid
PD_08_PD_14,-0.0127972117904034,DEL,lymphoid
PD_08_PD_15,-0.0003643379958457,DEL,lymphoid
PD_10_PD_12,-4.9631524112747634e-08,DEL,lymphoid
PD_10_PD_13,1.6462387009141818e-11,DEL,lymphoid
PD_10_PD_15,-1.2853162978387898e-11,DEL,lymphoid
PD_01_PD_02,-0.0021653945705376,DG75,lymphoid
PD_01_PD_03,-0.0049572096522257,DG75,lymphoid
PD_01_PD_08,-0.0413190683374694,DG75,lymphoid
PD_01_PD_10,-0.0059371092502945,DG75,lymphoid
PD_03_PD_05,-1.33166785498684e-06,DG75,lymphoid
PD_03_PD_06,-0.0304566461580471,DG75,lymphoid
PD_03_PD_07,-2.430879150194798e-07,DG75,lymphoid
PD_03_PD_08,-0.0221556120300242,DG75,lymphoid
PD_03_PD_09,-1.3316602592849949e-06,DG75,lymphoid
PD_03_PD_10,-1.3993472711804069e-05,DG75,lymphoid
PD_03_PD_11,-1.4008841596413468e-05,DG75,lymphoid
PD_03_PD_12,-2.2981616609740744e-14,DG75,lymphoid
PD_03_PD_15,-1.5221463423031878e-08,DG75,lymphoid
PD_06_PD_08,0.0024727948256706,DG75,lymphoid
PD_06_PD_10,-0.5052648149324499,DG75,lymphoid
PD_06_PD_14,-0.0166551958366076,DG75,lymphoid
PD_07_PD_08,-0.0036147823535461,DG75,lymphoid
PD_07_PD_10,-2.1765790836347779e-07,DG75,lymphoid
PD_08_PD_10,-0.2675880658726621,DG75,lymphoid
PD_08_PD_12,-0.0384161952004484,DG75,lymphoid
PD_08_PD_14,-0.0550713906773121,DG75,lymphoid
PD_08_PD_15,-0.0003447873771458,DG75,lymphoid
PD_10_PD_12,-2.525757381022231e-13,DG75,lymphoid
PD_10_PD_13,1.540178651282531e-08,DG75,lymphoid
PD_10_PD_15,-9.035449388683505e-09,DG75,lymphoid
PD_01_PD_02,-0.0025118529288117,DND41,lymphoid
PD_01_PD_03,-0.0061268148352604,DND41,lymphoid
PD_01_PD_08,-0.0347925350188901,DND41,lymphoid
PD_01_PD_10,-0.0043268064574207,DND41,lymphoid
PD_03_PD_05,-1.0404152345211417e-06,DND41,lymphoid
PD_03_PD_06,-0.0177337213103621,DND41,lymphoid
PD_03_PD_07,-1.157714274446775e-07,DND41,lymphoid
PD_03_PD_08,-0.0177337213103621,DND41,lymphoid
PD_03_PD_09,-1.0404141808084688e-06,DND41,lymphoid
PD_03_PD_10,-1.2442326002726212e-05,DND41,lymphoid
PD_03_PD_11,-1.2447671733584189e-05,DND41,lymphoid
PD_03_PD_12,0.0,DND41,lymphoid
PD_03_PD_15,-7.484296182802552e-09,DND41,lymphoid
PD_06_PD_08,0.0015070484805194,DND41,lymphoid
PD_06_PD_10,-0.54932470036427,DND41,lymphoid
PD_06_PD_14,-0.0088525126644825,DND41,lymphoid
PD_07_PD_08,-0.0026721907614479,DND41,lymphoid
PD_07_PD_10,-9.115326371489375e-08,DND41,lymphoid
PD_08_PD_10,-0.466362938203297,DND41,lymphoid
PD_08_PD_12,0.0,DND41,lymphoid
PD_08_PD_14,-0.0088525126644825,DND41,lymphoid
PD_08_PD_15,-0.0002361128279841,DND41,lymphoid
PD_10_PD_12,-9.907571429934592e-10,DND41,lymphoid
PD_10_PD_13,5.351377674323032e-09,DND41,lymphoid
PD_10_PD_15,-3.746896459766447e-09,DND41,lymphoid
PD_01_PD_02,-0.0047742872282622,EB2,lymphoid
PD_01_PD_03,-0.0094280435837277,EB2,lymphoid
PD_01_PD_08,-0.0344020503382035,EB2,lymphoid
PD_01_PD_10,-0.0101548231594438,EB2,lymphoid
PD_03_PD_05,-3.7121689056007763e-09,EB2,lymphoid
PD_03_PD_06,-0.022071764893557,EB2,lymphoid
PD_03_PD_07,-7.658929046527874e-10,EB2,lymphoid
PD_03_PD_08,-0.022158611615198,EB2,lymphoid
PD_03_PD_09,-1.8593978545755618e-07,EB2,lymphoid
PD_03_PD_10,-1.3005333221460802e-07,EB2,lymphoid
PD_03_PD_11,-1.3006979304730493e-07,EB2,lymphoid
PD_03_PD_12,-5.850875339774575e-14,EB2,lymphoid
PD_03_PD_15,-3.584355035002318e-12,EB2,lymphoid
PD_06_PD_08,0.0027946573874418,EB2,lymphoid
PD_06_PD_10,-0.5003606278669349,EB2,lymphoid
PD_06_PD_14,-0.0127096456048813,EB2,lymphoid
PD_07_PD_08,-0.006187040998002,EB2,lymphoid
PD_07_PD_10,-6.010786313126458e-10,EB2,lymphoid
PD_08_PD_10,-0.2969752047454816,EB2,lymphoid
PD_08_PD_12,-8.756618552219209e-05,EB2,lymphoid
PD_08_PD_14,-0.0127972117904034,EB2,lymphoid
PD_08_PD_15,-0.0003643379958457,EB2,lymphoid
PD_10_PD_12,-4.9631524112747634e-08,EB2,lymphoid
PD_10_PD_13,1.6462387009141818e-11,EB2,lymphoid
PD_10_PD_15,-1.2853162978387898e-11,EB2,lymphoid
PD_01_PD_08,-0.0493378753802229,EB3,lymphoid
PD_01_PD_10,-0.0007984797940454,EB3,lymphoid
PD_06_PD_08,2.33238159774718e-06,EB3,lymphoid
PD_06_PD_10,-0.5151938279253712,EB3,lymphoid
PD_06_PD_14,-0.0181882467345881,EB3,lymphoid
PD_07_PD_08,-9.780201691511614e-06,EB3,lymphoid
PD_07_PD_10,-1.6063483876394002e-11,EB3,lymphoid
PD_08_PD_10,-0.0020961778437362,EB3,lymphoid
PD_08_PD_12,-0.0014141515892006,EB3,lymphoid
PD_08_PD_14,-0.0196023982247108,EB3,lymphoid
PD_08_PD_15,-4.171217827253493e-06,EB3,lymphoid
PD_10_PD_12,4.2332803928957224e-13,EB3,lymphoid
PD_10_PD_13,2.6356694604601216e-13,EB3,lymphoid
PD_10_PD_15,-3.064215547965432e-13,EB3,lymphoid
PD_01_PD_02,-0.0019479055979302,EJM,lymphoid
PD_01_PD_03,-0.0048629942927248,EJM,lymphoid
PD_01_PD_08,-0.0781907154403744,EJM,lymphoid
PD_01_PD_10,-0.0044013279232023,EJM,lymphoid
PD_03_PD_05,-6.443535447431259e-07,EJM,lymphoid
PD_03_PD_06,-0.0335639114911714,EJM,lymphoid
PD_03_PD_07,-6.617056469426785e-08,EJM,lymphoid
PD_03_PD_08,-0.0335694869785362,EJM,lymphoid
PD_03_PD_09,-6.443531676003644e-07,EJM,lymphoid
PD_03_PD_10,-8.498967962733417e-06,EJM,lymphoid
PD_03_PD_11,-8.501648346537216e-06,EJM,lymphoid
PD_03_PD_12,0.0,EJM,lymphoid
PD_03_PD_15,-4.010818899224944e-09,EJM,lymphoid
PD_06_PD_08,0.0039761942796389,EJM,lymphoid
PD_06_PD_10,-0.5387390211804423,EJM,lymphoid
PD_06_PD_14,-0.0188538491673461,EJM,lymphoid
PD_07_PD_08,-0.0024262099516436,EJM,lymphoid
PD_07_PD_10,-5.156246074555781e-08,EJM,lymphoid
PD_08_PD_10,-0.4580177993440955,EJM,lymphoid
PD_08_PD_12,-3.1918529808105944e-07,EJM,lymphoid
PD_08_PD_14,-0.0188498624273228,EJM,lymphoid
PD_08_PD_15,-0.0005562770460203,EJM,lymphoid
PD_10_PD_12,-2.835525148014994e-10,EJM,lymphoid
PD_10_PD_13,2.682540967136049e-09,EJM,lymphoid
PD_10_PD_15,-1.975463015391199e-09,EJM,lymphoid
PD_01_PD_02,-0.0005365805410358,EM2,lymphoid
PD_01_PD_03,-0.0016999143103625,EM2,lymphoid
PD_01_PD_08,-0.0137542375495129,EM2,lymphoid
PD_01_PD_10,-0.0037520905669291,EM2,lymphoid
PD_03_PD_05,-8.260410389038243e-08,EM2,lymphoid
PD_03_PD_06,-0.0017115676295665,EM2,lymphoid
PD_03_PD_07,-7.414168412545052e-08,EM2,lymphoid
PD_03_PD_08,-0.001845221118113,EM2,lymphoid
PD_03_PD_09,-5.234112475216435e-06,EM2,lymphoid
PD_03_PD_10,-2.77847674434728e-06,EM2,lymphoid
PD_03_PD_11,-2.7795156407606214e-06,EM2,lymphoid
PD_03_PD_12,0.0,EM2,lymphoid
PD_03_PD_15,-1.89997018118504e-10,EM2,lymphoid
PD_06_PD_08,7.867544493667111e-08,EM2,lymphoid
PD_06_PD_10,-0.5239709437346223,EM2,lymphoid
PD_06_PD_14,-0.0040102081738949,EM2,lymphoid
PD_07_PD_08,-3.619825371226071e-06,EM2,lymphoid
PD_07_PD_10,-2.4070745396898022e-08,EM2,lymphoid
PD_08_PD_10,-0.1289806448385471,EM2,lymphoid
PD_08_PD_12,-0.0001336534885679,EM2,lymphoid
PD_08_PD_14,-0.0041438616624506,EM2,lymphoid
PD_08_PD_15,-6.768472737839204e-08,EM2,lymphoid
PD_10_PD_12,-7.226250747782714e-07,EM2,lymphoid
PD_10_PD_13,1.0389150650880195e-09,EM2,lymphoid
PD_10_PD_15,-6.51211529145712e-10,EM2,lymphoid
PD_01_PD_02,-0.0089995339210426,EOL1CELL,lymphoid
PD_01_PD_03,-0.0167189327538019,EOL1CELL,lymphoid
PD_01_PD_08,-0.0780784206899137,EOL1CELL,lymphoid
PD_01_PD_10,-0.0068972048754474,EOL1CELL,lymphoid
PD_03_PD_05,-1.6455330542619606e-08,EOL1CELL,lymphoid
PD_03_PD_06,-0.0605430877818817,EOL1CELL,lymphoid
PD_03_PD_07,-3.1343416750928554e-10,EOL1CELL,lymphoid
PD_03_PD_08,-0.0922302167148508,EOL1CELL,lymphoid
PD_03_PD_09,-0.0976957249161095,EOL1CELL,lymphoid
PD_03_PD_10,-7.47383420263148e-07,EOL1CELL,lymphoid
PD_03_PD_11,-7.477678478640115e-07,EOL1CELL,lymphoid
PD_03_PD_12,0.0,EOL1CELL,lymphoid
PD_03_PD_15,-2.172728663651924e-11,EOL1CELL,lymphoid
PD_06_PD_08,0.0619036005821785,EOL1CELL,lymphoid
PD_06_PD_10,-0.4579618201869108,EOL1CELL,lymphoid
PD_06_PD_14,-0.0850452806888696,EOL1CELL,lymphoid
PD_07_PD_08,-0.0862958780588952,EOL1CELL,lymphoid
PD_07_PD_10,-6.08300787519056e-09,EOL1CELL,lymphoid
PD_08_PD_10,-0.3486268274716523,EOL1CELL,lymphoid
PD_08_PD_12,-0.0316871289337757,EOL1CELL,lymphoid
PD_08_PD_14,-0.1167324096225607,EOL1CELL,lymphoid
PD_08_PD_15,-0.0083210031285506,EOL1CELL,lymphoid
PD_10_PD_12,-1.894875811814245e-08,EOL1CELL,lymphoid
PD_10_PD_13,3.8442782290815103e-10,EOL1CELL,lymphoid
PD_10_PD_15,-1.9873569456763107e-10,EOL1CELL,lymphoid
PD_01_PD_02,-0.0042197626085886,GA10,lymphoid
PD_01_PD_03,-0.0086878862227768,GA10,lymphoid
PD_01_PD_08,-0.0374601940025105,GA10,lymphoid
PD_01_PD_10,-0.0098364108917604,GA10,lymphoid
PD_03_PD_05,-6.768175242477524e-09,GA10,lymphoid
PD_03_PD_06,-0.022957521377409,GA10,lymphoid
PD_03_PD_07,-1.9366147574473302e-09,GA10,lymphoid
PD_03_PD_08,-0.0230799829848694,GA10,lymphoid
PD_03_PD_09,-3.55580345390294e-07,GA10,lymphoid
PD_03_PD_10,-2.250390258584645e-07,GA10,lymphoid
PD_03_PD_11,-2.250850903440238e-07,GA10,lymphoid
PD_03_PD_12,-2.3003821070233244e-13,GA10,lymphoid
PD_03_PD_15,-8.475775636895833e-12,GA10,lymphoid
PD_06_PD_08,0.003296686295042,GA10,lymphoid
PD_06_PD_10,-0.5080823613010655,GA10,lymphoid
PD_06_PD_14,-0.0136966256856706,GA10,lymphoid
PD_07_PD_08,-0.0066378265274648,GA10,lymphoid
PD_07_PD_10,-1.5203118763906787e-09,GA10,lymphoid
PD_08_PD_10,-0.2989615155606342,GA10,lymphoid
PD_08_PD_12,-0.0001237476126986,GA10,lymphoid
PD_08_PD_14,-0.0138203732983692,GA10,lymphoid
PD_08_PD_15,-0.0004057215935638,GA10,lymphoid
PD_10_PD_12,-1.010296346581896e-07,GA10,lymphoid
PD_10_PD_13,4.606870440682087e-11,GA10,lymphoid
PD_10_PD_15,-3.3994140835602587e-11,GA10,lymphoid
PD_01_PD_02,0.0019886382226089,GDM1,lymphoid
PD_01_PD_03,0.0004945451226399,GDM1,lymphoid
PD_01_PD_08,-0.1651113890544802,GDM1,lymphoid
PD_01_PD_10,-0.0127889889127306,GDM1,lymphoid
PD_03_PD_05,-8.233423276493568e-09,GDM1,lymphoid
PD_03_PD_06,-0.0990051127340462,GDM1,lymphoid
PD_03_PD_07,-1.2299495866230359e-09,GDM1,lymphoid
PD_03_PD_08,-0.0990051127340462,GDM1,lymphoid
PD_03_PD_09,-0.1459168139975415,GDM1,lymphoid
PD_03_PD_10,-1.3162845208358752e-05,GDM1,lymphoid
PD_03_PD_11,-1.3176555544669457e-05,GDM1,lymphoid
PD_03_PD_12,0.0,GDM1,lymphoid
PD_03_PD_15,-9.88564785586732e-12,GDM1,lymphoid
PD_06_PD_08,0.0669238472804919,GDM1,lymphoid
PD_06_PD_10,-0.5022667759779467,GDM1,lymphoid
PD_06_PD_14,-0.094627258556557,GDM1,lymphoid
PD_07_PD_08,-0.0458534622815987,GDM1,lymphoid
PD_07_PD_10,-1.7952934816545254e-07,GDM1,lymphoid
PD_08_PD_10,-0.4209434262282092,GDM1,lymphoid
PD_08_PD_12,0.0,GDM1,lymphoid
PD_08_PD_14,-0.094627258556557,GDM1,lymphoid
PD_08_PD_15,-0.0108011845054967,GDM1,lymphoid
PD_10_PD_12,-4.437811852442408e-07,GDM1,lymphoid
PD_10_PD_13,1.3552357680524096e-08,GDM1,lymphoid
PD_10_PD_15,-5.513588363648125e-09,GDM1,lymphoid
PD_01_PD_02,-0.0017081568294076,GRANTA519,lymphoid
PD_01_PD_03,-0.0037235304440164,GRANTA519,lymphoid
PD_01_PD_08,-0.1437857090697767,GRANTA519,lymphoid
PD_01_PD_10,-0.0050269952784235,GRANTA519,lymphoid
PD_03_PD_05,-2.825339739942478e-09,GRANTA519,lymphoid
PD_03_PD_06,-0.1109353247504613,GRANTA519,lymphoid
PD_03_PD_07,-1.270091032345988e-09,GRANTA519,lymphoid
PD_03_PD_08,-0.1109353247504613,GRANTA519,lymphoid
PD_03_PD_09,-0.0485362838470326,GRANTA519,lymphoid
PD_03_PD_10,-1.417881754228745e-07,GRANTA519,lymphoid
PD_03_PD_11,-1.4180499430249682e-07,GRANTA519,lymphoid
PD_03_PD_12,0.0,GRANTA519,lymphoid
PD_03_PD_15,-1.939226557112761e-12,GRANTA519,lymphoid
PD_06_PD_08,0.0286131934075503,GRANTA519,lymphoid
PD_06_PD_10,-0.5563816430478429,GRANTA519,lymphoid
PD_06_PD_14,-0.0763248702195625,GRANTA519,lymphoid
PD_07_PD_08,-0.057441763143078,GRANTA519,lymphoid
PD_07_PD_10,-5.337840169872266e-10,GRANTA519,lymphoid
PD_08_PD_10,-0.4506016961281265,GRANTA519,lymphoid
PD_08_PD_12,0.0,GRANTA519,lymphoid
PD_08_PD_14,-0.0763248702195625,GRANTA519,lymphoid
PD_08_PD_15,-0.0048572483332719,GRANTA519,lymphoid
PD_10_PD_12,-8.058434475266552e-09,GRANTA519,lymphoid
PD_10_PD_13,1.6819101666953884e-11,GRANTA519,lymphoid
PD_10_PD_15,-1.076216893380888e-11,GRANTA519,lymphoid
PD_01_PD_02,-0.0047742872282622,GRST,lymphoid
PD_01_PD_03,-0.0094280435837277,GRST,lymphoid
PD_01_PD_08,-0.0344020503382035,GRST,lymphoid
PD_01_PD_10,-0.0101548231594438,GRST,lymphoid
PD_03_PD_05,-3.7121689056007763e-09,GRST,lymphoid
PD_03_PD_06,-0.022071764893557,GRST,lymphoid
PD_03_PD_07,-7.658929046527874e-10,GRST,lymphoid
PD_03_PD_08,-0.022158611615198,GRST,lymphoid
PD_03_PD_09,-1.8593978545755618e-07,GRST,lymphoid
PD_03_PD_10,-1.3005333221460802e-07,GRST,lymphoid
PD_03_PD_11,-1.3006979304730493e-07,GRST,lymphoid
PD_03_PD_12,-5.850875339774575e-14,GRST,lymphoid
PD_03_PD_15,-3.584355035002318e-12,GRST,lymphoid
PD_06_PD_08,0.0027946573874418,GRST,lymphoid
PD_06_PD_10,-0.5003606278669349,GRST,lymphoid
PD_06_PD_14,-0.0127096456048813,GRST,lymphoid
PD_07_PD_08,-0.006187040998002,GRST,lymphoid
PD_07_PD_10,-6.010786313126458e-10,GRST,lymphoid
PD_08_PD_10,-0.2969752047454816,GRST,lymphoid
PD_08_PD_12,-8.756618552219209e-05,GRST,lymphoid
PD_08_PD_14,-0.0127972117904034,GRST,lymphoid
PD_08_PD_15,-0.0003643379958457,GRST,lymphoid
PD_10_PD_12,-4.9631524112747634e-08,GRST,lymphoid
PD_10_PD_13,1.6462387009141818e-11,GRST,lymphoid
PD_10_PD_15,-1.2853162978387898e-11,GRST,lymphoid
PD_01_PD_02,-0.0047742872282622,H9,lymphoid
PD_01_PD_03,-0.0094280435837277,H9,lymphoid
PD_01_PD_08,-0.0344020503382035,H9,lymphoid
PD_01_PD_10,-0.0101548231594438,H9,lymphoid
PD_03_PD_05,-3.7121689056007763e-09,H9,lymphoid
PD_03_PD_06,-0.022071764893557,H9,lymphoid
PD_03_PD_07,-7.658929046527874e-10,H9,lymphoid
PD_03_PD_08,-0.022158611615198,H9,lymphoid
PD_03_PD_09,-1.8593978545755618e-07,H9,lymphoid
PD_03_PD_10,-1.3005333221460802e-07,H9,lymphoid
PD_03_PD_11,-1.3006979304730493e-07,H9,lymphoid
PD_03_PD_12,-5.850875339774575e-14,H9,lymphoid
PD_03_PD_15,-3.584355035002318e-12,H9,lymphoid
PD_06_PD_08,0.0027946573874418,H9,lymphoid
PD_06_PD_10,-0.5003606278669349,H9,lymphoid
PD_06_PD_14,-0.0127096456048813,H9,lymphoid
PD_07_PD_08,-0.006187040998002,H9,lymphoid
PD_07_PD_10,-6.010786313126458e-10,H9,lymphoid
PD_08_PD_10,-0.2969752047454816,H9,lymphoid
PD_08_PD_12,-8.756618552219209e-05,H9,lymphoid
PD_08_PD_14,-0.0127972117904034,H9,lymphoid
PD_08_PD_15,-0.0003643379958457,H9,lymphoid
PD_10_PD_12,-4.9631524112747634e-08,H9,lymphoid
PD_10_PD_13,1.6462387009141818e-11,H9,lymphoid
PD_10_PD_15,-1.2853162978387898e-11,H9,lymphoid
PD_01_PD_02,-0.0082790034620356,HAL01,lymphoid
PD_01_PD_03,-0.0153541107658987,HAL01,lymphoid
PD_01_PD_08,-0.0576010710351511,HAL01,lymphoid
PD_01_PD_10,-0.0044957097227219,HAL01,lymphoid
PD_03_PD_05,-2.593190540078893e-08,HAL01,lymphoid
PD_03_PD_06,-0.038293410651743,HAL01,lymphoid
PD_03_PD_07,-5.297232652523576e-10,HAL01,lymphoid
PD_03_PD_08,-0.1191249549633725,HAL01,lymphoid
PD_03_PD_09,-4.974800926760282e-08,HAL01,lymphoid
PD_03_PD_10,-9.364224157204504e-07,HAL01,lymphoid
PD_03_PD_11,-9.36972065379571e-07,HAL01,lymphoid
PD_03_PD_12,0.0,HAL01,lymphoid
PD_03_PD_15,-3.772449019834312e-11,HAL01,lymphoid
PD_06_PD_08,0.0211009662509178,HAL01,lymphoid
PD_06_PD_10,-0.4287063451579687,HAL01,lymphoid
PD_06_PD_14,-0.0678311197842376,HAL01,lymphoid
PD_07_PD_08,-0.0407358280626714,HAL01,lymphoid
PD_07_PD_10,-8.227435732699462e-09,HAL01,lymphoid
PD_08_PD_10,-0.1849649100969802,HAL01,lymphoid
PD_08_PD_12,-0.0808315443152833,HAL01,lymphoid
PD_08_PD_14,-0.1486626640991413,HAL01,lymphoid
PD_08_PD_15,-0.0017385094572349,HAL01,lymphoid
PD_10_PD_12,-2.5152221083679652e-08,HAL01,lymphoid
PD_10_PD_13,5.496511024105644e-10,HAL01,lymphoid
PD_10_PD_15,-2.7784152756282765e-10,HAL01,lymphoid
PD_01_PD_02,-0.0043804772218585,HC1,lymphoid
PD_01_PD_03,-0.0086211698836304,HC1,lymphoid
PD_01_PD_08,-0.166977817255124,HC1,lymphoid
PD_01_PD_10,-0.0100898667803156,HC1,lymphoid
PD_03_PD_05,-2.4162150724649223e-08,HC1,lymphoid
PD_03_PD_06,-0.1379518604150225,HC1,lymphoid
PD_03_PD_07,-2.833953072212125e-09,HC1,lymphoid
PD_03_PD_08,-0.1379518604150225,HC1,lymphoid
PD_03_PD_09,-0.0976144754336758,HC1,lymphoid
PD_03_PD_10,-5.199651611498268e-07,HC1,lymphoid
PD_03_PD_11,-5.201602397697513e-07,HC1,lymphoid
PD_03_PD_12,0.0,HC1,lymphoid
PD_03_PD_15,-3.432854001061969e-11,HC1,lymphoid
PD_06_PD_08,0.0799695421121334,HC1,lymphoid
PD_06_PD_10,-0.4832001274653994,HC1,lymphoid
PD_06_PD_14,-0.1092306750542907,HC1,lymphoid
PD_07_PD_08,-0.0752708170926964,HC1,lymphoid
PD_07_PD_10,-3.44630468607221e-09,HC1,lymphoid
PD_08_PD_10,-0.3985026670671669,HC1,lymphoid
PD_08_PD_12,0.0,HC1,lymphoid
PD_08_PD_14,-0.1092306750542907,HC1,lymphoid
PD_08_PD_15,-0.0098841814937482,HC1,lymphoid
PD_10_PD_12,-2.4723189384623367e-08,HC1,lymphoid
PD_10_PD_13,1.9508095139286752e-10,HC1,lymphoid
PD_10_PD_15,-1.0535183836424268e-10,HC1,lymphoid
PD_01_PD_02,-0.0003409218500156,HDLM2,lymphoid
PD_01_PD_03,-0.0012938336317858,HDLM2,lymphoid
PD_01_PD_08,-0.0048559035103816,HDLM2,lymphoid
PD_01_PD_10,-0.0003224337100861,HDLM2,lymphoid
PD_03_PD_05,-1.915272340724528e-08,HDLM2,lymphoid
PD_03_PD_06,-0.0001426517334811,HDLM2,lymphoid
PD_03_PD_07,-8.265930162565381e-10,HDLM2,lymphoid
PD_03_PD_08,-0.0017381324270095,HDLM2,lymphoid
PD_03_PD_09,-6.438591949486927e-06,HDLM2,lymphoid
PD_03_PD_10,-1.428531229974439e-07,HDLM2,lymphoid
PD_03_PD_11,-1.4285484573051124e-07,HDLM2,lymphoid
PD_03_PD_12,1.0658141036401504e-14,HDLM2,lymphoid
PD_03_PD_15,-2.444455748928931e-11,HDLM2,lymphoid
PD_06_PD_08,2.2125291065933086e-07,HDLM2,lymphoid
PD_06_PD_10,-0.4992679005906141,HDLM2,lymphoid
PD_06_PD_14,-0.0144386783020438,HDLM2,lymphoid
PD_07_PD_08,-4.537189050024537e-06,HDLM2,lymphoid
PD_07_PD_10,-1.1692602441826239e-10,HDLM2,lymphoid
PD_08_PD_10,-0.0006356882884916,HDLM2,lymphoid
PD_08_PD_12,-0.0015954806935394,HDLM2,lymphoid
PD_08_PD_14,-0.0160341589940922,HDLM2,lymphoid
PD_08_PD_15,-3.923531399774305e-07,HDLM2,lymphoid
PD_10_PD_12,-3.2496672019988176e-11,HDLM2,lymphoid
PD_10_PD_13,1.7227330673108554e-12,HDLM2,lymphoid
PD_10_PD_15,-2.0191626148857718e-12,HDLM2,lymphoid
PD_01_PD_02,-0.0043215245258224,HDMYZ,lymphoid
PD_01_PD_03,-0.0084339005705756,HDMYZ,lymphoid
PD_01_PD_08,-0.1494289907152626,HDMYZ,lymphoid
PD_01_PD_10,-0.0108024724470807,HDMYZ,lymphoid
PD_03_PD_05,-3.1419233770257904e-08,HDMYZ,lymphoid
PD_03_PD_06,-0.1321795155520975,HDMYZ,lymphoid
PD_03_PD_07,-3.828494632429624e-09,HDMYZ,lymphoid
PD_03_PD_08,-0.1496234024490491,HDMYZ,lymphoid
PD_03_PD_09,-4.443270829046497e-08,HDMYZ,lymphoid
PD_03_PD_10,-7.056889623768825e-07,HDMYZ,lymphoid
PD_03_PD_11,-7.059982242152429e-07,HDMYZ,lymphoid
PD_03_PD_12,0.0,HDMYZ,lymphoid
PD_03_PD_15,-4.973166323196665e-11,HDMYZ,lymphoid
PD_06_PD_08,0.050542719208573,HDMYZ,lymphoid
PD_06_PD_10,-0.4979253252884288,HDMYZ,lymphoid
PD_06_PD_14,-0.0973598950721074,HDMYZ,lymphoid
PD_07_PD_08,-0.0494141017905461,HDMYZ,lymphoid
PD_07_PD_10,-5.0937835061048994e-09,HDMYZ,lymphoid
PD_08_PD_10,-0.3359842312976056,HDMYZ,lymphoid
PD_08_PD_12,-0.0174438868980185,HDMYZ,lymphoid
PD_08_PD_14,-0.1148037819700896,HDMYZ,lymphoid
PD_08_PD_15,-0.0040317510362787,HDMYZ,lymphoid
PD_10_PD_12,-3.5967573808193265e-08,HDMYZ,lymphoid
PD_10_PD_13,3.0926661231944763e-10,HDMYZ,lymphoid
PD_10_PD_15,-1.6241685774076586e-10,HDMYZ,lymphoid
PD_01_PD_02,-0.0047742872282622,HH,lymphoid
PD_01_PD_03,-0.0094280435837277,HH,lymphoid
PD_01_PD_08,-0.0344020503382035,HH,lymphoid
PD_01_PD_10,-0.0101548231594438,HH,lymphoid
PD_03_PD_05,-3.7121689056007763e-09,HH,lymphoid
PD_03_PD_06,-0.022071764893557,HH,lymphoid
PD_03_PD_07,-7.658929046527874e-10,HH,lymphoid
PD_03_PD_08,-0.022158611615198,HH,lymphoid
PD_03_PD_09,-1.8593978545755618e-07,HH,lymphoid
PD_03_PD_10,-1.3005333221460802e-07,HH,lymphoid
PD_03_PD_11,-1.3006979304730493e-07,HH,lymphoid
PD_03_PD_12,-5.850875339774575e-14,HH,lymphoid
PD_03_PD_15,-3.584355035002318e-12,HH,lymphoid
PD_06_PD_08,0.0027946573874418,HH,lymphoid
PD_06_PD_10,-0.5003606278669349,HH,lymphoid
PD_06_PD_14,-0.0127096456048813,HH,lymphoid
PD_07_PD_08,-0.006187040998002,HH,lymphoid
PD_07_PD_10,-6.010786313126458e-10,HH,lymphoid
PD_08_PD_10,-0.2969752047454816,HH,lymphoid
PD_08_PD_12,-8.756618552219209e-05,HH,lymphoid
PD_08_PD_14,-0.0127972117904034,HH,lymphoid
PD_08_PD_15,-0.0003643379958457,HH,lymphoid
PD_10_PD_12,-4.9631524112747634e-08,HH,lymphoid
PD_10_PD_13,1.6462387009141818e-11,HH,lymphoid
PD_10_PD_15,-1.2853162978387898e-11,HH,lymphoid
PD_01_PD_02,-0.0042197626085886,HL60,lymphoid
PD_01_PD_03,-0.0086878862227768,HL60,lymphoid
PD_01_PD_08,-0.0374601940025105,HL60,lymphoid
PD_01_PD_10,-0.0098364108917604,HL60,lymphoid
PD_03_PD_05,-6.768175242477524e-09,HL60,lymphoid
PD_03_PD_06,-0.022957521377409,HL60,lymphoid
PD_03_PD_07,-1.9366147574473302e-09,HL60,lymphoid
PD_03_PD_08,-0.0230799829848694,HL60,lymphoid
PD_03_PD_09,-3.55580345390294e-07,HL60,lymphoid
PD_03_PD_10,-2.250390258584645e-07,HL60,lymphoid
PD_03_PD_11,-2.250850903440238e-07,HL60,lymphoid
PD_03_PD_12,-2.3003821070233244e-13,HL60,lymphoid
PD_03_PD_15,-8.475775636895833e-12,HL60,lymphoid
PD_06_PD_08,0.003296686295042,HL60,lymphoid
PD_06_PD_10,-0.5080823613010655,HL60,lymphoid
PD_06_PD_14,-0.0136966256856706,HL60,lymphoid
PD_07_PD_08,-0.0066378265274648,HL60,lymphoid
PD_07_PD_10,-1.5203118763906787e-09,HL60,lymphoid
PD_08_PD_10,-0.2989615155606342,HL60,lymphoid
PD_08_PD_12,-0.0001237476126986,HL60,lymphoid
PD_08_PD_14,-0.0138203732983692,HL60,lymphoid
PD_08_PD_15,-0.0004057215935638,HL60,lymphoid
PD_10_PD_12,-1.010296346581896e-07,HL60,lymphoid
PD_10_PD_13,4.606870440682087e-11,HL60,lymphoid
PD_10_PD_15,-3.3994140835602587e-11,HL60,lymphoid
PD_01_PD_02,-0.0002168570298419,HS445,lymphoid
PD_01_PD_03,-0.0018909882719645,HS445,lymphoid
PD_01_PD_08,-0.0324780011790234,HS445,lymphoid
PD_01_PD_10,-0.0048362642946161,HS445,lymphoid
PD_03_PD_05,-6.428734211638698e-09,HS445,lymphoid
PD_03_PD_06,-0.0231740683517254,HS445,lymphoid
PD_03_PD_07,-1.936153126713691e-09,HS445,lymphoid
PD_03_PD_08,-0.0232965299591858,HS445,lymphoid
PD_03_PD_09,-3.553088336882837e-07,HS445,lymphoid
PD_03_PD_10,-3.110769420944237e-07,HS445,lymphoid
PD_03_PD_11,-3.11124097818194e-07,HS445,lymphoid
PD_03_PD_12,-2.3003821070233244e-13,HS445,lymphoid
PD_03_PD_15,-8.120171202108395e-12,HS445,lymphoid
PD_06_PD_08,0.0032966894735196,HS445,lymphoid
PD_06_PD_10,-0.5085691615900784,HS445,lymphoid
PD_06_PD_14,-0.0137026646318916,HS445,lymphoid
PD_07_PD_08,-0.0066378697350181,HS445,lymphoid
PD_07_PD_10,-1.5671328679189855e-09,HS445,lymphoid
PD_08_PD_10,-0.2963247297686222,HS445,lymphoid
PD_08_PD_12,-0.0001237476126986,HS445,lymphoid
PD_08_PD_14,-0.0138264122445902,HS445,lymphoid
PD_08_PD_15,-0.0004057243169571,HS445,lymphoid
PD_10_PD_12,-1.0230748315187554e-07,HS445,lymphoid
PD_10_PD_13,4.715983159542248e-11,HS445,lymphoid
PD_10_PD_15,-3.5339287052238426e-11,HS445,lymphoid
PD_01_PD_02,-0.0035333590599742,IM9,lymphoid
PD_01_PD_03,-0.0068909985364079,IM9,lymphoid
PD_01_PD_08,-0.1621399796786216,IM9,lymphoid
PD_01_PD_10,-0.010360799769442,IM9,lymphoid
PD_03_PD_05,-3.9318377442754127e-08,IM9,lymphoid
PD_03_PD_06,-0.096646258553956,IM9,lymphoid
PD_03_PD_07,-4.883152215917619e-09,IM9,lymphoid
PD_03_PD_08,-0.1283763885102631,IM9,lymphoid
PD_03_PD_09,-3.8153651238381776e-08,IM9,lymphoid
PD_03_PD_10,-8.40747927055574e-07,IM9,lymphoid
PD_03_PD_11,-8.411551385423266e-07,IM9,lymphoid
PD_03_PD_12,0.0,IM9,lymphoid
PD_03_PD_15,-6.650624495563305e-11,IM9,lymphoid
PD_06_PD_08,0.0364743421782244,IM9,lymphoid
PD_06_PD_10,-0.4812981364062488,IM9,lymphoid
PD_06_PD_14,-0.077382394539429,IM9,lymphoid
PD_07_PD_08,-0.0284348561074558,IM9,lymphoid
PD_07_PD_10,-6.43004494094157e-09,IM9,lymphoid
PD_08_PD_10,-0.3267872305216177,IM9,lymphoid
PD_08_PD_12,-0.0317301299589485,IM9,lymphoid
PD_08_PD_14,-0.1091125244982655,IM9,lymphoid
PD_08_PD_15,-0.0030690759697165,IM9,lymphoid
PD_10_PD_12,-4.4552534994579673e-08,IM9,lymphoid
PD_10_PD_13,4.0721892524686604e-10,IM9,lymphoid
PD_10_PD_15,-2.1026025365245002e-10,IM9,lymphoid
PD_01_PD_02,-0.0047742872282622,JIYOYEP2003,lymphoid
PD_01_PD_03,-0.0094280435837277,JIYOYEP2003,lymphoid
PD_01_PD_08,-0.0344020503382035,JIYOYEP2003,lymphoid
PD_01_PD_10,-0.0101548231594438,JIYOYEP2003,lymphoid
PD_03_PD_05,-3.7121689056007763e-09,JIYOYEP2003,lymphoid
PD_03_PD_06,-0.022071764893557,JIYOYEP2003,lymphoid
PD_03_PD_07,-7.658929046527874e-10,JIYOYEP2003,lymphoid
PD_03_PD_08,-0.022158611615198,JIYOYEP2003,lymphoid
PD_03_PD_09,-1.8593978545755618e-07,JIYOYEP2003,lymphoid
PD_03_PD_10,-1.3005333221460802e-07,JIYOYEP2003,lymphoid
PD_03_PD_11,-1.3006979304730493e-07,JIYOYEP2003,lymphoid
PD_03_PD_12,-5.850875339774575e-14,JIYOYEP2003,lymphoid
PD_03_PD_15,-3.584355035002318e-12,JIYOYEP2003,lymphoid
PD_06_PD_08,0.0027946573874418,JIYOYEP2003,lymphoid
PD_06_PD_10,-0.5003606278669349,JIYOYEP2003,lymphoid
PD_06_PD_14,-0.0127096456048813,JIYOYEP2003,lymphoid
PD_07_PD_08,-0.006187040998002,JIYOYEP2003,lymphoid
PD_07_PD_10,-6.010786313126458e-10,JIYOYEP2003,lymphoid
PD_08_PD_10,-0.2969752047454816,JIYOYEP2003,lymphoid
PD_08_PD_12,-8.756618552219209e-05,JIYOYEP2003,lymphoid
PD_08_PD_14,-0.0127972117904034,JIYOYEP2003,lymphoid
PD_08_PD_15,-0.0003643379958457,JIYOYEP2003,lymphoid
PD_10_PD_12,-4.9631524112747634e-08,JIYOYEP2003,lymphoid
PD_10_PD_13,1.6462387009141818e-11,JIYOYEP2003,lymphoid
PD_10_PD_15,-1.2853162978387898e-11,JIYOYEP2003,lymphoid
PD_01_PD_08,-0.1973200446302015,JJN3,lymphoid
PD_01_PD_10,-0.0550268753963748,JJN3,lymphoid
PD_06_PD_08,0.0063165373443929,JJN3,lymphoid
PD_06_PD_10,-0.1068318582045766,JJN3,lymphoid
PD_06_PD_14,-0.0386130392414597,JJN3,lymphoid
PD_07_PD_08,-0.0104606763658863,JJN3,lymphoid
PD_07_PD_10,-0.0004054888941346,JJN3,lymphoid
PD_08_PD_10,-0.1160069013862422,JJN3,lymphoid
PD_08_PD_12,-0.4026212500492619,JJN3,lymphoid
PD_08_PD_14,-0.4401209591211318,JJN3,lymphoid
PD_08_PD_15,-0.0042268166299872,JJN3,lymphoid
PD_10_PD_12,-0.0015555922593852,JJN3,lymphoid
PD_10_PD_13,0.0001690402301467,JJN3,lymphoid
PD_10_PD_15,-3.829422677958938e-05,JJN3,lymphoid
PD_01_PD_02,-0.0046460920207729,JSC1,lymphoid
PD_01_PD_03,-0.0087918581342495,JSC1,lymphoid
PD_01_PD_08,-0.1710882969405676,JSC1,lymphoid
PD_01_PD_10,-0.0113746796600786,JSC1,lymphoid
PD_03_PD_05,-3.544445337233526e-08,JSC1,lymphoid
PD_03_PD_06,-0.1205401919504588,JSC1,lymphoid
PD_03_PD_07,-4.394959396414322e-09,JSC1,lymphoid
PD_03_PD_08,-0.1205401919504588,JSC1,lymphoid
PD_03_PD_09,-3.544443893943594e-08,JSC1,lymphoid
PD_03_PD_10,-9.035993073780446e-07,JSC1,lymphoid
PD_03_PD_11,-9.040084798517256e-07,JSC1,lymphoid
PD_03_PD_12,0.0,JSC1,lymphoid
PD_03_PD_15,-5.987221829428789e-11,JSC1,lymphoid
PD_06_PD_08,0.0379093224633021,JSC1,lymphoid
PD_06_PD_10,-0.5056240000359584,JSC1,lymphoid
PD_06_PD_14,-0.0726146355950484,JSC1,lymphoid
PD_07_PD_08,-0.0288041290432921,JSC1,lymphoid
PD_07_PD_10,-6.440430522225426e-09,JSC1,lymphoid
PD_08_PD_10,-0.4482055878319942,JSC1,lymphoid
PD_08_PD_12,0.0,JSC1,lymphoid
PD_08_PD_14,-0.0726146355950484,JSC1,lymphoid
PD_08_PD_15,-0.0031183276319471,JSC1,lymphoid
PD_10_PD_12,-4.46193473280232e-08,JSC1,lymphoid
PD_10_PD_13,4.0917669252849004e-10,JSC1,lymphoid
PD_10_PD_15,-2.1166302044406396e-10,JSC1,lymphoid
PD_01_PD_02,-0.0042197626085886,JURLMK1,lymphoid
PD_01_PD_03,-0.0086878862227768,JURLMK1,lymphoid
PD_01_PD_08,-0.0374601940025105,JURLMK1,lymphoid
PD_01_PD_10,-0.0098364108917604,JURLMK1,lymphoid
PD_03_PD_05,-6.768175242477524e-09,JURLMK1,lymphoid
PD_03_PD_06,-0.022957521377409,JURLMK1,lymphoid
PD_03_PD_07,-1.9366147574473302e-09,JURLMK1,lymphoid
PD_03_PD_08,-0.0230799829848694,JURLMK1,lymphoid
PD_03_PD_09,-3.55580345390294e-07,JURLMK1,lymphoid
PD_03_PD_10,-2.250390258584645e-07,JURLMK1,lymphoid
PD_03_PD_11,-2.250850903440238e-07,JURLMK1,lymphoid
PD_03_PD_12,-2.3003821070233244e-13,JURLMK1,lymphoid
PD_03_PD_15,-8.475775636895833e-12,JURLMK1,lymphoid
PD_06_PD_08,0.003296686295042,JURLMK1,lymphoid
PD_06_PD_10,-0.5080823613010655,JURLMK1,lymphoid
PD_06_PD_14,-0.0136966256856706,JURLMK1,lymphoid
PD_07_PD_08,-0.0066378265274648,JURLMK1,lymphoid
PD_07_PD_10,-1.5203118763906787e-09,JURLMK1,lymphoid
PD_08_PD_10,-0.2989615155606342,JURLMK1,lymphoid
PD_08_PD_12,-0.0001237476126986,JURLMK1,lymphoid
PD_08_PD_14,-0.0138203732983692,JURLMK1,lymphoid
PD_08_PD_15,-0.0004057215935638,JURLMK1,lymphoid
PD_10_PD_12,-1.010296346581896e-07,JURLMK1,lymphoid
PD_10_PD_13,4.606870440682087e-11,JURLMK1,lymphoid
PD_10_PD_15,-3.3994140835602587e-11,JURLMK1,lymphoid
PD_01_PD_02,-0.0043804772218585,JVM2,lymphoid
PD_01_PD_03,-0.0086211698836304,JVM2,lymphoid
PD_01_PD_08,-0.1671870378269538,JVM2,lymphoid
PD_01_PD_10,-0.0100898667803156,JVM2,lymphoid
PD_03_PD_05,-2.4162150724649223e-08,JVM2,lymphoid
PD_03_PD_06,-0.1380881985015194,JVM2,lymphoid
PD_03_PD_07,-2.833953072212125e-09,JVM2,lymphoid
PD_03_PD_08,-0.1380881985015194,JVM2,lymphoid
PD_03_PD_09,-0.0976144754336758,JVM2,lymphoid
PD_03_PD_10,-5.199651611498268e-07,JVM2,lymphoid
PD_03_PD_11,-5.201602397697513e-07,JVM2,lymphoid
PD_03_PD_12,0.0,JVM2,lymphoid
PD_03_PD_15,-3.432854001061969e-11,JVM2,lymphoid
PD_06_PD_08,0.0799695429776533,JVM2,lymphoid
PD_06_PD_10,-0.4957821112022696,JVM2,lymphoid
PD_06_PD_14,-0.1092337366334588,JVM2,lymphoid
PD_07_PD_08,-0.0752708555622053,JVM2,lymphoid
PD_07_PD_10,-3.44630468607221e-09,JVM2,lymphoid
PD_08_PD_10,-0.3985026660176639,JVM2,lymphoid
PD_08_PD_12,0.0,JVM2,lymphoid
PD_08_PD_14,-0.1092337366334588,JVM2,lymphoid
PD_08_PD_15,-0.0098841824644397,JVM2,lymphoid
PD_10_PD_12,-2.4723189384623367e-08,JVM2,lymphoid
PD_10_PD_13,1.9508095139286752e-10,JVM2,lymphoid
PD_10_PD_15,-1.0535183836424268e-10,JVM2,lymphoid
PD_01_PD_02,-0.0121702268581477,JVM3,lymphoid
PD_01_PD_03,-0.0214299556136261,JVM3,lymphoid
PD_01_PD_08,-0.1165969526303078,JVM3,lymphoid
PD_01_PD_10,-0.0113461440261982,JVM3,lymphoid
PD_03_PD_05,-1.2070332733316036e-08,JVM3,lymphoid
PD_03_PD_06,-0.123221310462713,JVM3,lymphoid
PD_03_PD_07,-2.2886514905451347e-10,JVM3,lymphoid
PD_03_PD_08,-0.123221310462713,JVM3,lymphoid
PD_03_PD_09,-1.2070325960955586e-08,JVM3,lymphoid
PD_03_PD_10,-6.827779632789799e-07,JVM3,lymphoid
PD_03_PD_11,-6.830881208452766e-07,JVM3,lymphoid
PD_03_PD_12,0.0,JVM3,lymphoid
PD_03_PD_15,-1.4212631072041404e-11,JVM3,lymphoid
PD_06_PD_08,0.0581011064988876,JVM3,lymphoid
PD_06_PD_10,-0.5076521177491973,JVM3,lymphoid
PD_06_PD_14,-0.0810676882052484,JVM3,lymphoid
PD_07_PD_08,-0.0764679150231896,JVM3,lymphoid
PD_07_PD_10,-5.085193599541071e-09,JVM3,lymphoid
PD_08_PD_10,-0.4229568011524086,JVM3,lymphoid
PD_08_PD_12,0.0,JVM3,lymphoid
PD_08_PD_14,-0.0810676882052484,JVM3,lymphoid
PD_08_PD_15,-0.00398265618946,JVM3,lymphoid
PD_10_PD_12,-3.3543474331487744e-08,JVM3,lymphoid
PD_10_PD_13,3.1015812140822163e-10,JVM3,lymphoid
PD_10_PD_15,-1.6303480787627223e-10,JVM3,lymphoid
PD_01_PD_02,-0.0052945988315455,K562,lymphoid
PD_01_PD_03,-0.0105623004172347,K562,lymphoid
PD_01_PD_08,-0.0378815729547853,K562,lymphoid
PD_01_PD_10,-0.0121315306387445,K562,lymphoid
PD_03_PD_05,-3.302299322882618e-09,K562,lymphoid
PD_03_PD_06,-0.0193847471697223,K562,lymphoid
PD_03_PD_07,-6.807955310605961e-10,K562,lymphoid
PD_03_PD_08,-0.0193866675700793,K562,lymphoid
PD_03_PD_09,-1.4918011270736997e-08,K562,lymphoid
PD_03_PD_10,-1.3010797494938944e-07,K562,lymphoid
PD_03_PD_11,-1.3012443578208632e-07,K562,lymphoid
PD_03_PD_12,-5.206945985491984e-14,K562,lymphoid
PD_03_PD_15,-3.1864511029766618e-12,K562,lymphoid
PD_06_PD_08,0.0027948956394823,K562,lymphoid
PD_06_PD_10,-0.5088684335681448,K562,lymphoid
PD_06_PD_14,-0.0110509979556659,K562,lymphoid
PD_07_PD_08,-0.0061870409330124,K562,lymphoid
PD_07_PD_10,-6.010767439335041e-10,K562,lymphoid
PD_08_PD_10,-0.3507788865429975,K562,lymphoid
PD_08_PD_12,-2.5599238068219066e-06,K562,lymphoid
PD_08_PD_14,-0.0110535578794728,K562,lymphoid
PD_08_PD_15,-0.0003643379958461,K562,lymphoid
PD_10_PD_12,-4.9645116684260415e-08,K562,lymphoid
PD_10_PD_13,1.6462387009141818e-11,K562,lymphoid
PD_10_PD_15,-1.2853385022992823e-11,K562,lymphoid
PD_01_PD_02,-0.0077404045705469,KARPAS1106P,lymphoid
PD_01_PD_03,-0.0144859222894602,KARPAS1106P,lymphoid
PD_01_PD_08,-0.0737862397424935,KARPAS1106P,lymphoid
PD_01_PD_10,-0.004324758770227,KARPAS1106P,lymphoid
PD_03_PD_05,-1.9923435123914143e-08,KARPAS1106P,lymphoid
PD_03_PD_06,-0.0487145324469839,KARPAS1106P,lymphoid
PD_03_PD_07,-3.843342311071751e-10,KARPAS1106P,lymphoid
PD_03_PD_08,-0.0804460549221783,KARPAS1106P,lymphoid
PD_03_PD_09,-0.0977016804028029,KARPAS1106P,lymphoid
PD_03_PD_10,-7.713630872929755e-07,KARPAS1106P,lymphoid
PD_03_PD_11,-7.717672948492904e-07,KARPAS1106P,lymphoid
PD_03_PD_12,0.0,KARPAS1106P,lymphoid
PD_03_PD_15,-2.6773472328045497e-11,KARPAS1106P,lymphoid
PD_06_PD_08,0.0546637507194663,KARPAS1106P,lymphoid
PD_06_PD_10,-0.4459617914833336,KARPAS1106P,lymphoid
PD_06_PD_14,-0.0712782846668355,KARPAS1106P,lymphoid
PD_07_PD_08,-0.0664874621788711,KARPAS1106P,lymphoid
PD_07_PD_10,-6.346396408396515e-09,KARPAS1106P,lymphoid
PD_08_PD_10,-0.2863765982994131,KARPAS1106P,lymphoid
PD_08_PD_12,-0.0317315224761932,KARPAS1106P,lymphoid
PD_08_PD_14,-0.1030098071429381,KARPAS1106P,lymphoid
PD_08_PD_15,-0.0076180547721048,KARPAS1106P,lymphoid
PD_10_PD_12,-1.9709093468378572e-08,KARPAS1106P,lymphoid
PD_10_PD_13,4.042080004040826e-10,KARPAS1106P,lymphoid
PD_10_PD_15,-2.0830759339673927e-10,KARPAS1106P,lymphoid
PD_01_PD_02,-0.0042045506553565,KARPAS231,lymphoid
PD_01_PD_03,-0.008272784482151,KARPAS231,lymphoid
PD_01_PD_08,-0.0314613891071978,KARPAS231,lymphoid
PD_01_PD_10,-0.0097234220605136,KARPAS231,lymphoid
PD_03_PD_05,-6.017372489175443e-09,KARPAS231,lymphoid
PD_03_PD_06,-0.0287145820135912,KARPAS231,lymphoid
PD_03_PD_07,-1.6955864490242332e-09,KARPAS231,lymphoid
PD_03_PD_08,-0.0287135228196681,KARPAS231,lymphoid
PD_03_PD_09,-6.017372267130838e-09,KARPAS231,lymphoid
PD_03_PD_10,-4.520871289548367e-07,KARPAS231,lymphoid
PD_03_PD_11,-4.5213957677869843e-07,KARPAS231,lymphoid
PD_03_PD_12,-1.971756091734278e-13,KARPAS231,lymphoid
PD_03_PD_15,-7.392086942559217e-12,KARPAS231,lymphoid
PD_06_PD_08,0.0036882127157611,KARPAS231,lymphoid
PD_06_PD_10,-0.5247452349306012,KARPAS231,lymphoid
PD_06_PD_14,-0.0158232630157717,KARPAS231,lymphoid
PD_07_PD_08,-0.0083301260258182,KARPAS231,lymphoid
PD_07_PD_10,-1.7556615050651203e-09,KARPAS231,lymphoid
PD_08_PD_10,-0.3940660866856431,KARPAS231,lymphoid
PD_08_PD_12,-2.1649348980190556e-14,KARPAS231,lymphoid
PD_08_PD_14,-0.0158232630157934,KARPAS231,lymphoid
PD_08_PD_15,-0.0004882621728637,KARPAS231,lymphoid
PD_10_PD_12,-1.0471635780717749e-07,KARPAS231,lymphoid
PD_10_PD_13,5.2452486798415514e-11,KARPAS231,lymphoid
PD_10_PD_15,-4.00297572866748e-11,KARPAS231,lymphoid
PD_01_PD_02,-0.0047742872282622,KARPAS299,lymphoid
PD_01_PD_03,-0.0094280435837277,KARPAS299,lymphoid
PD_01_PD_08,-0.0344020503382035,KARPAS299,lymphoid
PD_01_PD_10,-0.0101548231594438,KARPAS299,lymphoid
PD_03_PD_05,-3.7121689056007763e-09,KARPAS299,lymphoid
PD_03_PD_06,-0.022071764893557,KARPAS299,lymphoid
PD_03_PD_07,-7.658929046527874e-10,KARPAS299,lymphoid
PD_03_PD_08,-0.022158611615198,KARPAS299,lymphoid
PD_03_PD_09,-1.8593978545755618e-07,KARPAS299,lymphoid
PD_03_PD_10,-1.3005333221460802e-07,KARPAS299,lymphoid
PD_03_PD_11,-1.3006979304730493e-07,KARPAS299,lymphoid
PD_03_PD_12,-5.850875339774575e-14,KARPAS299,lymphoid
PD_03_PD_15,-3.584355035002318e-12,KARPAS299,lymphoid
PD_06_PD_08,0.0027946573874418,KARPAS299,lymphoid
PD_06_PD_10,-0.5003606278669349,KARPAS299,lymphoid
PD_06_PD_14,-0.0127096456048813,KARPAS299,lymphoid
PD_07_PD_08,-0.006187040998002,KARPAS299,lymphoid
PD_07_PD_10,-6.010786313126458e-10,KARPAS299,lymphoid
PD_08_PD_10,-0.2969752047454816,KARPAS299,lymphoid
PD_08_PD_12,-8.756618552219209e-05,KARPAS299,lymphoid
PD_08_PD_14,-0.0127972117904034,KARPAS299,lymphoid
PD_08_PD_15,-0.0003643379958457,KARPAS299,lymphoid
PD_10_PD_12,-4.9631524112747634e-08,KARPAS299,lymphoid
PD_10_PD_13,1.6462387009141818e-11,KARPAS299,lymphoid
PD_10_PD_15,-1.2853162978387898e-11,KARPAS299,lymphoid
PD_01_PD_08,-0.0498512922094895,KARPAS422,lymphoid
PD_01_PD_10,-0.0022227022422433,KARPAS422,lymphoid
PD_06_PD_08,1.4080706872698912e-06,KARPAS422,lymphoid
PD_06_PD_10,-0.4402823079537144,KARPAS422,lymphoid
PD_06_PD_14,-0.0392970820510766,KARPAS422,lymphoid
PD_07_PD_08,-3.802570922517568e-05,KARPAS422,lymphoid
PD_07_PD_10,-1.2856826714369164e-11,KARPAS422,lymphoid
PD_08_PD_10,-0.0046115301380522,KARPAS422,lymphoid
PD_08_PD_12,-0.1063676399285015,KARPAS422,lymphoid
PD_08_PD_14,-0.1456235971501329,KARPAS422,lymphoid
PD_08_PD_15,-3.0968489012073164e-06,KARPAS422,lymphoid
PD_10_PD_12,-7.888134589961737e-12,KARPAS422,lymphoid
PD_10_PD_13,7.438494264988549e-15,KARPAS422,lymphoid
PD_10_PD_15,-6.772360450213455e-15,KARPAS422,lymphoid
PD_01_PD_02,-0.0021653945705376,KARPAS45,lymphoid
PD_01_PD_03,-0.0049572096522257,KARPAS45,lymphoid
PD_01_PD_08,-0.0413190683374694,KARPAS45,lymphoid
PD_01_PD_10,-0.0059371092502945,KARPAS45,lymphoid
PD_03_PD_05,-1.33166785498684e-06,KARPAS45,lymphoid
PD_03_PD_06,-0.0304566461580471,KARPAS45,lymphoid
PD_03_PD_07,-2.430879150194798e-07,KARPAS45,lymphoid
PD_03_PD_08,-0.0221556120300242,KARPAS45,lymphoid
PD_03_PD_09,-1.3316602592849949e-06,KARPAS45,lymphoid
PD_03_PD_10,-1.3993472711804069e-05,KARPAS45,lymphoid
PD_03_PD_11,-1.4008841596413468e-05,KARPAS45,lymphoid
PD_03_PD_12,-2.2981616609740744e-14,KARPAS45,lymphoid
PD_03_PD_15,-1.5221463423031878e-08,KARPAS45,lymphoid
PD_06_PD_08,0.0024727948256706,KARPAS45,lymphoid
PD_06_PD_10,-0.5052648149324499,KARPAS45,lymphoid
PD_06_PD_14,-0.0166551958366076,KARPAS45,lymphoid
PD_07_PD_08,-0.0036147823535461,KARPAS45,lymphoid
PD_07_PD_10,-2.1765790836347779e-07,KARPAS45,lymphoid
PD_08_PD_10,-0.2675880658726621,KARPAS45,lymphoid
PD_08_PD_12,-0.0384161952004484,KARPAS45,lymphoid
PD_08_PD_14,-0.0550713906773121,KARPAS45,lymphoid
PD_08_PD_15,-0.0003447873771458,KARPAS45,lymphoid
PD_10_PD_12,-2.525757381022231e-13,KARPAS45,lymphoid
PD_10_PD_13,1.540178651282531e-08,KARPAS45,lymphoid
PD_10_PD_15,-9.035449388683505e-09,KARPAS45,lymphoid
PD_01_PD_02,-0.0029169326200536,KARPAS620,lymphoid
PD_01_PD_03,-0.0060810551215659,KARPAS620,lymphoid
PD_01_PD_08,-0.1129491058792891,KARPAS620,lymphoid
PD_01_PD_10,-0.0064659327896519,KARPAS620,lymphoid
PD_03_PD_05,-1.979364565585229e-07,KARPAS620,lymphoid
PD_03_PD_06,-0.1087614400172977,KARPAS620,lymphoid
PD_03_PD_07,-3.2572011754439245e-08,KARPAS620,lymphoid
PD_03_PD_08,-0.1087614400172977,KARPAS620,lymphoid
PD_03_PD_09,-1.9793597816342162e-07,KARPAS620,lymphoid
PD_03_PD_10,-2.0967547307293444e-06,KARPAS620,lymphoid
PD_03_PD_11,-2.097411779589109e-06,KARPAS620,lymphoid
PD_03_PD_12,0.0,KARPAS620,lymphoid
PD_03_PD_15,-9.235481268632383e-10,KARPAS620,lymphoid
PD_06_PD_08,0.0224347131988729,KARPAS620,lymphoid
PD_06_PD_10,-0.5186988045107015,KARPAS620,lymphoid
PD_06_PD_14,-0.0624498717673588,KARPAS620,lymphoid
PD_07_PD_08,-0.040227656002759,KARPAS620,lymphoid
PD_07_PD_10,-8.39784175532543e-09,KARPAS620,lymphoid
PD_08_PD_10,-0.4629086423377854,KARPAS620,lymphoid
PD_08_PD_12,0.0,KARPAS620,lymphoid
PD_08_PD_14,-0.0624498717673588,KARPAS620,lymphoid
PD_08_PD_15,-0.0022400479240516,KARPAS620,lymphoid
PD_10_PD_12,-2.9535748402587103e-08,KARPAS620,lymphoid
PD_10_PD_13,6.562798082754283e-10,KARPAS620,lymphoid
PD_10_PD_15,-3.53969853428282e-10,KARPAS620,lymphoid
PD_01_PD_08,-0.0438258773154598,KCL22,lymphoid
PD_01_PD_10,-0.0014413918490201,KCL22,lymphoid
PD_06_PD_08,1.1220463922434476e-06,KCL22,lymphoid
PD_06_PD_10,-0.5265462965331922,KCL22,lymphoid
PD_06_PD_14,-0.0356800833867875,KCL22,lymphoid
PD_07_PD_08,-7.4702400096882116e-06,KCL22,lymphoid
PD_07_PD_10,-1.1069145600117736e-11,KCL22,lymphoid
PD_08_PD_10,-0.0035638808110121,KCL22,lymphoid
PD_08_PD_12,-0.0264515289936569,KCL22,lymphoid
PD_08_PD_14,-0.0621316123328063,KCL22,lymphoid
PD_08_PD_15,-2.349081628216787e-06,KCL22,lymphoid
PD_10_PD_12,-4.418454491172952e-11,KCL22,lymphoid
PD_10_PD_13,3.874678355941796e-14,KCL22,lymphoid
PD_10_PD_15,-3.5638159090467525e-14,KCL22,lymphoid
PD_01_PD_08,-0.0498512922094895,KE37,lymphoid
PD_01_PD_10,-0.0022227022422433,KE37,lymphoid
PD_06_PD_08,1.4080706872698912e-06,KE37,lymphoid
PD_06_PD_10,-0.4402823079537144,KE37,lymphoid
PD_06_PD_14,-0.0392970820510766,KE37,lymphoid
PD_07_PD_08,-3.802570922517568e-05,KE37,lymphoid
PD_07_PD_10,-1.2856826714369164e-11,KE37,lymphoid
PD_08_PD_10,-0.0046115301380522,KE37,lymphoid
PD_08_PD_12,-0.1063676399285015,KE37,lymphoid
PD_08_PD_14,-0.1456235971501329,KE37,lymphoid
PD_08_PD_15,-3.0968489012073164e-06,KE37,lymphoid
PD_10_PD_12,-7.888134589961737e-12,KE37,lymphoid
PD_10_PD_13,7.438494264988549e-15,KE37,lymphoid
PD_10_PD_15,-6.772360450213455e-15,KE37,lymphoid
PD_01_PD_08,-0.0184062368999827,KG1,lymphoid
PD_01_PD_10,-0.0010289410837523,KG1,lymphoid
PD_06_PD_08,2.8272377883276082e-08,KG1,lymphoid
PD_06_PD_10,-0.5172269990775398,KG1,lymphoid
PD_06_PD_14,-0.0158872320798261,KG1,lymphoid
PD_07_PD_08,-2.2383143853943466e-06,KG1,lymphoid
PD_07_PD_10,-9.132028466751764e-12,KG1,lymphoid
PD_08_PD_10,-0.0019842256256817,KG1,lymphoid
PD_08_PD_12,-0.0011965707130989,KG1,lymphoid
PD_08_PD_14,-0.0170838027921064,KG1,lymphoid
PD_08_PD_15,-9.982626947291352e-08,KG1,lymphoid
PD_10_PD_12,1.1868284133242926e-13,KG1,lymphoid
PD_10_PD_13,1.1868284133242926e-13,KG1,lymphoid
PD_10_PD_15,-1.4888090760223352e-13,KG1,lymphoid
PD_01_PD_02,-0.0103826467004244,KMH2,lymphoid
PD_01_PD_03,-0.0182026239452193,KMH2,lymphoid
PD_01_PD_08,-0.1701391970914609,KMH2,lymphoid
PD_01_PD_10,-0.0064689254614581,KMH2,lymphoid
PD_03_PD_05,-1.2036482921473636e-08,KMH2,lymphoid
PD_03_PD_06,-0.1161326766404564,KMH2,lymphoid
PD_03_PD_07,-2.6079749471108466e-10,KMH2,lymphoid
PD_03_PD_08,-0.1161326766404564,KMH2,lymphoid
PD_03_PD_09,-1.2036474039689438e-08,KMH2,lymphoid
PD_03_PD_10,-7.714039399475681e-07,KMH2,lymphoid
PD_03_PD_11,-7.718081476149052e-07,KMH2,lymphoid
PD_03_PD_12,0.0,KMH2,lymphoid
PD_03_PD_15,-1.608868593905299e-11,KMH2,lymphoid
PD_06_PD_08,0.0364368786352017,KMH2,lymphoid
PD_06_PD_10,-0.5179465704208286,KMH2,lymphoid
PD_06_PD_14,-0.0711976838551428,KMH2,lymphoid
PD_07_PD_08,-0.0403595338723781,KMH2,lymphoid
PD_07_PD_10,-6.346398850887169e-09,KMH2,lymphoid
PD_08_PD_10,-0.4474719428385619,KMH2,lymphoid
PD_08_PD_12,0.0,KMH2,lymphoid
PD_08_PD_14,-0.0711976838551428,KMH2,lymphoid
PD_08_PD_15,-0.0030274072360308,KMH2,lymphoid
PD_10_PD_12,-2.0401672573555633e-08,KMH2,lymphoid
PD_10_PD_13,4.0420822244868754e-10,KMH2,lymphoid
PD_10_PD_15,-2.0830770441904176e-10,KMH2,lymphoid
PD_01_PD_02,-0.0042197626085886,KMOE2,lymphoid
PD_01_PD_03,-0.0086878862227768,KMOE2,lymphoid
PD_01_PD_08,-0.0374601940025105,KMOE2,lymphoid
PD_01_PD_10,-0.0098364108917604,KMOE2,lymphoid
PD_03_PD_05,-6.768175242477524e-09,KMOE2,lymphoid
PD_03_PD_06,-0.022957521377409,KMOE2,lymphoid
PD_03_PD_07,-1.9366147574473302e-09,KMOE2,lymphoid
PD_03_PD_08,-0.0230799829848694,KMOE2,lymphoid
PD_03_PD_09,-3.55580345390294e-07,KMOE2,lymphoid
PD_03_PD_10,-2.250390258584645e-07,KMOE2,lymphoid
PD_03_PD_11,-2.250850903440238e-07,KMOE2,lymphoid
PD_03_PD_12,-2.3003821070233244e-13,KMOE2,lymphoid
PD_03_PD_15,-8.475775636895833e-12,KMOE2,lymphoid
PD_06_PD_08,0.003296686295042,KMOE2,lymphoid
PD_06_PD_10,-0.5080823613010655,KMOE2,lymphoid
PD_06_PD_14,-0.0136966256856706,KMOE2,lymphoid
PD_07_PD_08,-0.0066378265274648,KMOE2,lymphoid
PD_07_PD_10,-1.5203118763906787e-09,KMOE2,lymphoid
PD_08_PD_10,-0.2989615155606342,KMOE2,lymphoid
PD_08_PD_12,-0.0001237476126986,KMOE2,lymphoid
PD_08_PD_14,-0.0138203732983692,KMOE2,lymphoid
PD_08_PD_15,-0.0004057215935638,KMOE2,lymphoid
PD_10_PD_12,-1.010296346581896e-07,KMOE2,lymphoid
PD_10_PD_13,4.606870440682087e-11,KMOE2,lymphoid
PD_10_PD_15,-3.3994140835602587e-11,KMOE2,lymphoid
PD_01_PD_08,-0.0240646155466351,KMS12BM,lymphoid
PD_01_PD_10,-0.0014473738587928,KMS12BM,lymphoid
PD_06_PD_08,8.911641277142834e-07,KMS12BM,lymphoid
PD_06_PD_10,-0.5713284400593173,KMS12BM,lymphoid
PD_06_PD_14,-0.01972686932885,KMS12BM,lymphoid
PD_07_PD_08,-5.007631398656898e-06,KMS12BM,lymphoid
PD_07_PD_10,-9.268474876478194e-12,KMS12BM,lymphoid
PD_08_PD_10,-0.0019284720963687,KMS12BM,lymphoid
PD_08_PD_12,-0.0019197793763543,KMS12BM,lymphoid
PD_08_PD_14,-0.0216466486262637,KMS12BM,lymphoid
PD_08_PD_15,-1.880935108999893e-06,KMS12BM,lymphoid
PD_10_PD_12,2.373656826648585e-13,KMS12BM,lymphoid
PD_10_PD_13,1.73749903353837e-13,KMS12BM,lymphoid
PD_10_PD_15,-2.0816681711721685e-13,KMS12BM,lymphoid
PD_01_PD_02,-0.0052945988315455,KOPN8,lymphoid
PD_01_PD_03,-0.0105623004172347,KOPN8,lymphoid
PD_01_PD_08,-0.0378815729547853,KOPN8,lymphoid
PD_01_PD_10,-0.0121315306387445,KOPN8,lymphoid
PD_03_PD_05,-3.302299322882618e-09,KOPN8,lymphoid
PD_03_PD_06,-0.0193847471697223,KOPN8,lymphoid
PD_03_PD_07,-6.807955310605961e-10,KOPN8,lymphoid
PD_03_PD_08,-0.0193866675700793,KOPN8,lymphoid
PD_03_PD_09,-1.4918011270736997e-08,KOPN8,lymphoid
PD_03_PD_10,-1.3010797494938944e-07,KOPN8,lymphoid
PD_03_PD_11,-1.3012443578208632e-07,KOPN8,lymphoid
PD_03_PD_12,-5.206945985491984e-14,KOPN8,lymphoid
PD_03_PD_15,-3.1864511029766618e-12,KOPN8,lymphoid
PD_06_PD_08,0.0027948956394823,KOPN8,lymphoid
PD_06_PD_10,-0.5088684335681448,KOPN8,lymphoid
PD_06_PD_14,-0.0110509979556659,KOPN8,lymphoid
PD_07_PD_08,-0.0061870409330124,KOPN8,lymphoid
PD_07_PD_10,-6.010767439335041e-10,KOPN8,lymphoid
PD_08_PD_10,-0.3507788865429975,KOPN8,lymphoid
PD_08_PD_12,-2.5599238068219066e-06,KOPN8,lymphoid
PD_08_PD_14,-0.0110535578794728,KOPN8,lymphoid
PD_08_PD_15,-0.0003643379958461,KOPN8,lymphoid
PD_10_PD_12,-4.9645116684260415e-08,KOPN8,lymphoid
PD_10_PD_13,1.6462387009141818e-11,KOPN8,lymphoid
PD_10_PD_15,-1.2853385022992823e-11,KOPN8,lymphoid
PD_01_PD_02,-0.0047742872282622,KU812,lymphoid
PD_01_PD_03,-0.0094280435837277,KU812,lymphoid
PD_01_PD_08,-0.0344020503382035,KU812,lymphoid
PD_01_PD_10,-0.0101548231594438,KU812,lymphoid
PD_03_PD_05,-3.7121689056007763e-09,KU812,lymphoid
PD_03_PD_06,-0.022071764893557,KU812,lymphoid
PD_03_PD_07,-7.658929046527874e-10,KU812,lymphoid
PD_03_PD_08,-0.022158611615198,KU812,lymphoid
PD_03_PD_09,-1.8593978545755618e-07,KU812,lymphoid
PD_03_PD_10,-1.3005333221460802e-07,KU812,lymphoid
PD_03_PD_11,-1.3006979304730493e-07,KU812,lymphoid
PD_03_PD_12,-5.850875339774575e-14,KU812,lymphoid
PD_03_PD_15,-3.584355035002318e-12,KU812,lymphoid
PD_06_PD_08,0.0027946573874418,KU812,lymphoid
PD_06_PD_10,-0.5003606278669349,KU812,lymphoid
PD_06_PD_14,-0.0127096456048813,KU812,lymphoid
PD_07_PD_08,-0.006187040998002,KU812,lymphoid
PD_07_PD_10,-6.010786313126458e-10,KU812,lymphoid
PD_08_PD_10,-0.2969752047454816,KU812,lymphoid
PD_08_PD_12,-8.756618552219209e-05,KU812,lymphoid
PD_08_PD_14,-0.0127972117904034,KU812,lymphoid
PD_08_PD_15,-0.0003643379958457,KU812,lymphoid
PD_10_PD_12,-4.9631524112747634e-08,KU812,lymphoid
PD_10_PD_13,1.6462387009141818e-11,KU812,lymphoid
PD_10_PD_15,-1.2853162978387898e-11,KU812,lymphoid
PD_01_PD_02,-0.0005376852860041,KY821,lymphoid
PD_01_PD_03,-0.0017061543882568,KY821,lymphoid
PD_01_PD_08,-0.0137236530830447,KY821,lymphoid
PD_01_PD_10,-0.0011777627068916,KY821,lymphoid
PD_03_PD_05,-3.375106316649834e-08,KY821,lymphoid
PD_03_PD_06,-0.0011899624451741,KY821,lymphoid
PD_03_PD_07,-3.611608789810816e-09,KY821,lymphoid
PD_03_PD_08,-0.0013236159337361,KY821,lymphoid
PD_03_PD_09,-5.209744948886375e-06,KY821,lymphoid
PD_03_PD_10,-4.620481034445234e-07,KY821,lymphoid
PD_03_PD_11,-4.6206229264988963e-07,KY821,lymphoid
PD_03_PD_12,0.0,KY821,lymphoid
PD_03_PD_15,-6.798828167120519e-11,KY821,lymphoid
PD_06_PD_08,5.9449008493750455e-08,KY821,lymphoid
PD_06_PD_10,-0.5272551101615156,KY821,lymphoid
PD_06_PD_14,-0.0039954906458179,KY821,lymphoid
PD_07_PD_08,-1.1553900989280663e-06,KY821,lymphoid
PD_07_PD_10,-6.704133914681164e-10,KY821,lymphoid
PD_08_PD_10,-0.0784149934500267,KY821,lymphoid
PD_08_PD_12,-0.0001336534885678,KY821,lymphoid
PD_08_PD_14,-0.0041291441343734,KY821,lymphoid
PD_08_PD_15,-5.3622071893855157e-08,KY821,lymphoid
PD_10_PD_12,-2.458669237093148e-07,KY821,lymphoid
PD_10_PD_13,1.4190648656153826e-11,KY821,lymphoid
PD_10_PD_15,-1.4712675522332574e-11,KY821,lymphoid
PD_01_PD_02,-0.0042197626085886,L1236,lymphoid
PD_01_PD_03,-0.0086878862227768,L1236,lymphoid
PD_01_PD_08,-0.0374601940025105,L1236,lymphoid
PD_01_PD_10,-0.0098364108917604,L1236,lymphoid
PD_03_PD_05,-6.768175242477524e-09,L1236,lymphoid
PD_03_PD_06,-0.022957521377409,L1236,lymphoid
PD_03_PD_07,-1.9366147574473302e-09,L1236,lymphoid
PD_03_PD_08,-0.0230799829848694,L1236,lymphoid
PD_03_PD_09,-3.55580345390294e-07,L1236,lymphoid
PD_03_PD_10,-2.250390258584645e-07,L1236,lymphoid
PD_03_PD_11,-2.250850903440238e-07,L1236,lymphoid
PD_03_PD_12,-2.3003821070233244e-13,L1236,lymphoid
PD_03_PD_15,-8.475775636895833e-12,L1236,lymphoid
PD_06_PD_08,0.003296686295042,L1236,lymphoid
PD_06_PD_10,-0.5080823613010655,L1236,lymphoid
PD_06_PD_14,-0.0136966256856706,L1236,lymphoid
PD_07_PD_08,-0.0066378265274648,L1236,lymphoid
PD_07_PD_10,-1.5203118763906787e-09,L1236,lymphoid
PD_08_PD_10,-0.2989615155606342,L1236,lymphoid
PD_08_PD_12,-0.0001237476126986,L1236,lymphoid
PD_08_PD_14,-0.0138203732983692,L1236,lymphoid
PD_08_PD_15,-0.0004057215935638,L1236,lymphoid
PD_10_PD_12,-1.010296346581896e-07,L1236,lymphoid
PD_10_PD_13,4.606870440682087e-11,L1236,lymphoid
PD_10_PD_15,-3.3994140835602587e-11,L1236,lymphoid
PD_01_PD_02,-0.0052770052003378,L363,lymphoid
PD_01_PD_03,-0.0108164541141103,L363,lymphoid
PD_01_PD_08,-0.037905652936795,L363,lymphoid
PD_01_PD_10,-0.0077984617238979,L363,lymphoid
PD_03_PD_05,-4.6587396829167467e-08,L363,lymphoid
PD_03_PD_06,-0.0811611762438822,L363,lymphoid
PD_03_PD_07,-1.293955165238003e-09,L363,lymphoid
PD_03_PD_08,-0.060403895190398,L363,lymphoid
PD_03_PD_09,-6.567809496260679e-08,L363,lymphoid
PD_03_PD_10,-2.1744289335767775e-07,L363,lymphoid
PD_03_PD_11,-2.174572717450474e-07,L363,lymphoid
PD_03_PD_12,-2.4797941478027496e-12,L363,lymphoid
PD_03_PD_15,-9.268064093959083e-11,L363,lymphoid
PD_06_PD_08,0.0521182781348723,L363,lymphoid
PD_06_PD_10,-0.4409322538057389,L363,lymphoid
PD_06_PD_14,-0.0488236530356228,L363,lymphoid
PD_07_PD_08,-0.0405369035426381,L363,lymphoid
PD_07_PD_10,-5.531101132660865e-10,L363,lymphoid
PD_08_PD_10,-0.2150019920321925,L363,lymphoid
PD_08_PD_12,-0.0204732737199465,L363,lymphoid
PD_08_PD_14,-0.0689504988415208,L363,lymphoid
PD_08_PD_15,-0.0019629661845314,L363,lymphoid
PD_10_PD_12,-2.553578459796313e-09,L363,lymphoid
PD_10_PD_13,1.4389378577561727e-11,L363,lymphoid
PD_10_PD_15,-1.2322032283407223e-11,L363,lymphoid
PD_01_PD_02,-0.0042197626085886,L428,lymphoid
PD_01_PD_03,-0.0086878862227768,L428,lymphoid
PD_01_PD_08,-0.0374601940025105,L428,lymphoid
PD_01_PD_10,-0.0098364108917604,L428,lymphoid
PD_03_PD_05,-6.768175242477524e-09,L428,lymphoid
PD_03_PD_06,-0.022957521377409,L428,lymphoid
PD_03_PD_07,-1.9366147574473302e-09,L428,lymphoid
PD_03_PD_08,-0.0230799829848694,L428,lymphoid
PD_03_PD_09,-3.55580345390294e-07,L428,lymphoid
PD_03_PD_10,-2.250390258584645e-07,L428,lymphoid
PD_03_PD_11,-2.250850903440238e-07,L428,lymphoid
PD_03_PD_12,-2.3003821070233244e-13,L428,lymphoid
PD_03_PD_15,-8.475775636895833e-12,L428,lymphoid
PD_06_PD_08,0.003296686295042,L428,lymphoid
PD_06_PD_10,-0.5080823613010655,L428,lymphoid
PD_06_PD_14,-0.0136966256856706,L428,lymphoid
PD_07_PD_08,-0.0066378265274648,L428,lymphoid
PD_07_PD_10,-1.5203118763906787e-09,L428,lymphoid
PD_08_PD_10,-0.2989615155606342,L428,lymphoid
PD_08_PD_12,-0.0001237476126986,L428,lymphoid
PD_08_PD_14,-0.0138203732983692,L428,lymphoid
PD_08_PD_15,-0.0004057215935638,L428,lymphoid
PD_10_PD_12,-1.010296346581896e-07,L428,lymphoid
PD_10_PD_13,4.606870440682087e-11,L428,lymphoid
PD_10_PD_15,-3.3994140835602587e-11,L428,lymphoid
PD_01_PD_02,0.0019886382226089,L540,lymphoid
PD_01_PD_03,0.0004945451226399,L540,lymphoid
PD_01_PD_08,-0.1651113890544802,L540,lymphoid
PD_01_PD_10,-0.0127889889127306,L540,lymphoid
PD_03_PD_05,-8.233423276493568e-09,L540,lymphoid
PD_03_PD_06,-0.0990051127340462,L540,lymphoid
PD_03_PD_07,-1.2299495866230359e-09,L540,lymphoid
PD_03_PD_08,-0.0990051127340462,L540,lymphoid
PD_03_PD_09,-0.1459168139975415,L540,lymphoid
PD_03_PD_10,-1.3162845208358752e-05,L540,lymphoid
PD_03_PD_11,-1.3176555544669457e-05,L540,lymphoid
PD_03_PD_12,0.0,L540,lymphoid
PD_03_PD_15,-9.88564785586732e-12,L540,lymphoid
PD_06_PD_08,0.0669238472804919,L540,lymphoid
PD_06_PD_10,-0.5022667759779467,L540,lymphoid
PD_06_PD_14,-0.094627258556557,L540,lymphoid
PD_07_PD_08,-0.0458534622815987,L540,lymphoid
PD_07_PD_10,-1.7952934816545254e-07,L540,lymphoid
PD_08_PD_10,-0.4209434262282092,L540,lymphoid
PD_08_PD_12,0.0,L540,lymphoid
PD_08_PD_14,-0.094627258556557,L540,lymphoid
PD_08_PD_15,-0.0108011845054967,L540,lymphoid
PD_10_PD_12,-4.437811852442408e-07,L540,lymphoid
PD_10_PD_13,1.3552357680524096e-08,L540,lymphoid
PD_10_PD_15,-5.513588363648125e-09,L540,lymphoid
PD_01_PD_02,-0.0042197626085886,LAMA84,lymphoid
PD_01_PD_03,-0.0086878862227768,LAMA84,lymphoid
PD_01_PD_08,-0.0374601940025105,LAMA84,lymphoid
PD_01_PD_10,-0.0098364108917604,LAMA84,lymphoid
PD_03_PD_05,-6.768175242477524e-09,LAMA84,lymphoid
PD_03_PD_06,-0.022957521377409,LAMA84,lymphoid
PD_03_PD_07,-1.9366147574473302e-09,LAMA84,lymphoid
PD_03_PD_08,-0.0230799829848694,LAMA84,lymphoid
PD_03_PD_09,-3.55580345390294e-07,LAMA84,lymphoid
PD_03_PD_10,-2.250390258584645e-07,LAMA84,lymphoid
PD_03_PD_11,-2.250850903440238e-07,LAMA84,lymphoid
PD_03_PD_12,-2.3003821070233244e-13,LAMA84,lymphoid
PD_03_PD_15,-8.475775636895833e-12,LAMA84,lymphoid
PD_06_PD_08,0.003296686295042,LAMA84,lymphoid
PD_06_PD_10,-0.5080823613010655,LAMA84,lymphoid
PD_06_PD_14,-0.0136966256856706,LAMA84,lymphoid
PD_07_PD_08,-0.0066378265274648,LAMA84,lymphoid
PD_07_PD_10,-1.5203118763906787e-09,LAMA84,lymphoid
PD_08_PD_10,-0.2989615155606342,LAMA84,lymphoid
PD_08_PD_12,-0.0001237476126986,LAMA84,lymphoid
PD_08_PD_14,-0.0138203732983692,LAMA84,lymphoid
PD_08_PD_15,-0.0004057215935638,LAMA84,lymphoid
PD_10_PD_12,-1.010296346581896e-07,LAMA84,lymphoid
PD_10_PD_13,4.606870440682087e-11,LAMA84,lymphoid
PD_10_PD_15,-3.3994140835602587e-11,LAMA84,lymphoid
PD_01_PD_02,-0.0077404045705469,LC41,lymphoid
PD_01_PD_03,-0.0144859222894602,LC41,lymphoid
PD_01_PD_08,-0.0737862397424935,LC41,lymphoid
PD_01_PD_10,-0.004324758770227,LC41,lymphoid
PD_03_PD_05,-1.9923435123914143e-08,LC41,lymphoid
PD_03_PD_06,-0.0487145324469839,LC41,lymphoid
PD_03_PD_07,-3.843342311071751e-10,LC41,lymphoid
PD_03_PD_08,-0.0804460549221783,LC41,lymphoid
PD_03_PD_09,-0.0977016804028029,LC41,lymphoid
PD_03_PD_10,-7.713630872929755e-07,LC41,lymphoid
PD_03_PD_11,-7.717672948492904e-07,LC41,lymphoid
PD_03_PD_12,0.0,LC41,lymphoid
PD_03_PD_15,-2.6773472328045497e-11,LC41,lymphoid
PD_06_PD_08,0.0546637507194663,LC41,lymphoid
PD_06_PD_10,-0.4459617914833336,LC41,lymphoid
PD_06_PD_14,-0.0712782846668355,LC41,lymphoid
PD_07_PD_08,-0.0664874621788711,LC41,lymphoid
PD_07_PD_10,-6.346396408396515e-09,LC41,lymphoid
PD_08_PD_10,-0.2863765982994131,LC41,lymphoid
PD_08_PD_12,-0.0317315224761932,LC41,lymphoid
PD_08_PD_14,-0.1030098071429381,LC41,lymphoid
PD_08_PD_15,-0.0076180547721048,LC41,lymphoid
PD_10_PD_12,-1.9709093468378572e-08,LC41,lymphoid
PD_10_PD_13,4.042080004040826e-10,LC41,lymphoid
PD_10_PD_15,-2.0830759339673927e-10,LC41,lymphoid
PD_01_PD_02,-0.0047742872282622,LOUCY,lymphoid
PD_01_PD_03,-0.0094280435837277,LOUCY,lymphoid
PD_01_PD_08,-0.0344020503382035,LOUCY,lymphoid
PD_01_PD_10,-0.0101548231594438,LOUCY,lymphoid
PD_03_PD_05,-3.7121689056007763e-09,LOUCY,lymphoid
PD_03_PD_06,-0.022071764893557,LOUCY,lymphoid
PD_03_PD_07,-7.658929046527874e-10,LOUCY,lymphoid
PD_03_PD_08,-0.022158611615198,LOUCY,lymphoid
PD_03_PD_09,-1.8593978545755618e-07,LOUCY,lymphoid
PD_03_PD_10,-1.3005333221460802e-07,LOUCY,lymphoid
PD_03_PD_11,-1.3006979304730493e-07,LOUCY,lymphoid
PD_03_PD_12,-5.850875339774575e-14,LOUCY,lymphoid
PD_03_PD_15,-3.584355035002318e-12,LOUCY,lymphoid
PD_06_PD_08,0.0027946573874418,LOUCY,lymphoid
PD_06_PD_10,-0.5003606278669349,LOUCY,lymphoid
PD_06_PD_14,-0.0127096456048813,LOUCY,lymphoid
PD_07_PD_08,-0.006187040998002,LOUCY,lymphoid
PD_07_PD_10,-6.010786313126458e-10,LOUCY,lymphoid
PD_08_PD_10,-0.2969752047454816,LOUCY,lymphoid
PD_08_PD_12,-8.756618552219209e-05,LOUCY,lymphoid
PD_08_PD_14,-0.0127972117904034,LOUCY,lymphoid
PD_08_PD_15,-0.0003643379958457,LOUCY,lymphoid
PD_10_PD_12,-4.9631524112747634e-08,LOUCY,lymphoid
PD_10_PD_13,1.6462387009141818e-11,LOUCY,lymphoid
PD_10_PD_15,-1.2853162978387898e-11,LOUCY,lymphoid
PD_01_PD_02,-0.0043804772218585,MCCAR,lymphoid
PD_01_PD_03,-0.0086211698836304,MCCAR,lymphoid
PD_01_PD_08,-0.1671870378269538,MCCAR,lymphoid
PD_01_PD_10,-0.0100898667803156,MCCAR,lymphoid
PD_03_PD_05,-2.4162150724649223e-08,MCCAR,lymphoid
PD_03_PD_06,-0.1380881985015194,MCCAR,lymphoid
PD_03_PD_07,-2.833953072212125e-09,MCCAR,lymphoid
PD_03_PD_08,-0.1380881985015194,MCCAR,lymphoid
PD_03_PD_09,-0.0976144754336758,MCCAR,lymphoid
PD_03_PD_10,-5.199651611498268e-07,MCCAR,lymphoid
PD_03_PD_11,-5.201602397697513e-07,MCCAR,lymphoid
PD_03_PD_12,0.0,MCCAR,lymphoid
PD_03_PD_15,-3.432854001061969e-11,MCCAR,lymphoid
PD_06_PD_08,0.0799695429776533,MCCAR,lymphoid
PD_06_PD_10,-0.4957821112022696,MCCAR,lymphoid
PD_06_PD_14,-0.1092337366334588,MCCAR,lymphoid
PD_07_PD_08,-0.0752708555622053,MCCAR,lymphoid
PD_07_PD_10,-3.44630468607221e-09,MCCAR,lymphoid
PD_08_PD_10,-0.3985026660176639,MCCAR,lymphoid
PD_08_PD_12,0.0,MCCAR,lymphoid
PD_08_PD_14,-0.1092337366334588,MCCAR,lymphoid
PD_08_PD_15,-0.0098841824644397,MCCAR,lymphoid
PD_10_PD_12,-2.4723189384623367e-08,MCCAR,lymphoid
PD_10_PD_13,1.9508095139286752e-10,MCCAR,lymphoid
PD_10_PD_15,-1.0535183836424268e-10,MCCAR,lymphoid
PD_01_PD_02,-0.0043804772218585,ME1,lymphoid
PD_01_PD_03,-0.0086211698836304,ME1,lymphoid
PD_01_PD_08,-0.166977817255124,ME1,lymphoid
PD_01_PD_10,-0.0100898667803156,ME1,lymphoid
PD_03_PD_05,-2.4162150724649223e-08,ME1,lymphoid
PD_03_PD_06,-0.1379518604150225,ME1,lymphoid
PD_03_PD_07,-2.833953072212125e-09,ME1,lymphoid
PD_03_PD_08,-0.1379518604150225,ME1,lymphoid
PD_03_PD_09,-0.0976144754336758,ME1,lymphoid
PD_03_PD_10,-5.199651611498268e-07,ME1,lymphoid
PD_03_PD_11,-5.201602397697513e-07,ME1,lymphoid
PD_03_PD_12,0.0,ME1,lymphoid
PD_03_PD_15,-3.432854001061969e-11,ME1,lymphoid
PD_06_PD_08,0.0799695421121334,ME1,lymphoid
PD_06_PD_10,-0.4832001274653994,ME1,lymphoid
PD_06_PD_14,-0.1092306750542907,ME1,lymphoid
PD_07_PD_08,-0.0752708170926964,ME1,lymphoid
PD_07_PD_10,-3.44630468607221e-09,ME1,lymphoid
PD_08_PD_10,-0.3985026670671669,ME1,lymphoid
PD_08_PD_12,0.0,ME1,lymphoid
PD_08_PD_14,-0.1092306750542907,ME1,lymphoid
PD_08_PD_15,-0.0098841814937482,ME1,lymphoid
PD_10_PD_12,-2.4723189384623367e-08,ME1,lymphoid
PD_10_PD_13,1.9508095139286752e-10,ME1,lymphoid
PD_10_PD_15,-1.0535183836424268e-10,ME1,lymphoid
PD_01_PD_02,-0.0042197626085886,MEG01,lymphoid
PD_01_PD_03,-0.0086878862227768,MEG01,lymphoid
PD_01_PD_08,-0.0374601940025105,MEG01,lymphoid
PD_01_PD_10,-0.0098364108917604,MEG01,lymphoid
PD_03_PD_05,-6.768175242477524e-09,MEG01,lymphoid
PD_03_PD_06,-0.022957521377409,MEG01,lymphoid
PD_03_PD_07,-1.9366147574473302e-09,MEG01,lymphoid
PD_03_PD_08,-0.0230799829848694,MEG01,lymphoid
PD_03_PD_09,-3.55580345390294e-07,MEG01,lymphoid
PD_03_PD_10,-2.250390258584645e-07,MEG01,lymphoid
PD_03_PD_11,-2.250850903440238e-07,MEG01,lymphoid
PD_03_PD_12,-2.3003821070233244e-13,MEG01,lymphoid
PD_03_PD_15,-8.475775636895833e-12,MEG01,lymphoid
PD_06_PD_08,0.003296686295042,MEG01,lymphoid
PD_06_PD_10,-0.5080823613010655,MEG01,lymphoid
PD_06_PD_14,-0.0136966256856706,MEG01,lymphoid
PD_07_PD_08,-0.0066378265274648,MEG01,lymphoid
PD_07_PD_10,-1.5203118763906787e-09,MEG01,lymphoid
PD_08_PD_10,-0.2989615155606342,MEG01,lymphoid
PD_08_PD_12,-0.0001237476126986,MEG01,lymphoid
PD_08_PD_14,-0.0138203732983692,MEG01,lymphoid
PD_08_PD_15,-0.0004057215935638,MEG01,lymphoid
PD_10_PD_12,-1.010296346581896e-07,MEG01,lymphoid
PD_10_PD_13,4.606870440682087e-11,MEG01,lymphoid
PD_10_PD_15,-3.3994140835602587e-11,MEG01,lymphoid
PD_01_PD_02,-0.002133797380688,MHHCALL2,lymphoid
PD_01_PD_03,-0.0045172463891153,MHHCALL2,lymphoid
PD_01_PD_08,-0.1075389872002755,MHHCALL2,lymphoid
PD_01_PD_10,-0.0061364890177291,MHHCALL2,lymphoid
PD_03_PD_05,-6.983526978920906e-09,MHHCALL2,lymphoid
PD_03_PD_06,-0.1073490330726208,MHHCALL2,lymphoid
PD_03_PD_07,-3.128206471636474e-09,MHHCALL2,lymphoid
PD_03_PD_08,-0.1073490330726208,MHHCALL2,lymphoid
PD_03_PD_09,-0.0486067205631295,MHHCALL2,lymphoid
PD_03_PD_10,-2.8413327191056936e-07,MHHCALL2,lymphoid
PD_03_PD_11,-2.8418411346375905e-07,MHHCALL2,lymphoid
PD_03_PD_12,0.0,MHHCALL2,lymphoid
PD_03_PD_15,-6.377343098051824e-12,MHHCALL2,lymphoid
PD_06_PD_08,0.0301738409847077,MHHCALL2,lymphoid
PD_06_PD_10,-0.5366453204360755,MHHCALL2,lymphoid
PD_06_PD_14,-0.0736261476995843,MHHCALL2,lymphoid
PD_07_PD_08,-0.0602911026928907,MHHCALL2,lymphoid
PD_07_PD_10,-1.3735190762531602e-09,MHHCALL2,lymphoid
PD_08_PD_10,-0.4487537741065496,MHHCALL2,lymphoid
PD_08_PD_12,0.0,MHHCALL2,lymphoid
PD_08_PD_14,-0.0736261476995843,MHHCALL2,lymphoid
PD_08_PD_15,-0.0048449590810555,MHHCALL2,lymphoid
PD_10_PD_12,-1.870662147407387e-08,MHHCALL2,lymphoid
PD_10_PD_13,5.08422193234992e-11,MHHCALL2,lymphoid
PD_10_PD_15,-3.065403486601781e-11,MHHCALL2,lymphoid
PD_01_PD_02,-0.0042197626085886,MHHPREB1,lymphoid
PD_01_PD_03,-0.0086878862227768,MHHPREB1,lymphoid
PD_01_PD_08,-0.0374601940025105,MHHPREB1,lymphoid
PD_01_PD_10,-0.0098364108917604,MHHPREB1,lymphoid
PD_03_PD_05,-6.768175242477524e-09,MHHPREB1,lymphoid
PD_03_PD_06,-0.022957521377409,MHHPREB1,lymphoid
PD_03_PD_07,-1.9366147574473302e-09,MHHPREB1,lymphoid
PD_03_PD_08,-0.0230799829848694,MHHPREB1,lymphoid
PD_03_PD_09,-3.55580345390294e-07,MHHPREB1,lymphoid
PD_03_PD_10,-2.250390258584645e-07,MHHPREB1,lymphoid
PD_03_PD_11,-2.250850903440238e-07,MHHPREB1,lymphoid
PD_03_PD_12,-2.3003821070233244e-13,MHHPREB1,lymphoid
PD_03_PD_15,-8.475775636895833e-12,MHHPREB1,lymphoid
PD_06_PD_08,0.003296686295042,MHHPREB1,lymphoid
PD_06_PD_10,-0.5080823613010655,MHHPREB1,lymphoid
PD_06_PD_14,-0.0136966256856706,MHHPREB1,lymphoid
PD_07_PD_08,-0.0066378265274648,MHHPREB1,lymphoid
PD_07_PD_10,-1.5203118763906787e-09,MHHPREB1,lymphoid
PD_08_PD_10,-0.2989615155606342,MHHPREB1,lymphoid
PD_08_PD_12,-0.0001237476126986,MHHPREB1,lymphoid
PD_08_PD_14,-0.0138203732983692,MHHPREB1,lymphoid
PD_08_PD_15,-0.0004057215935638,MHHPREB1,lymphoid
PD_10_PD_12,-1.010296346581896e-07,MHHPREB1,lymphoid
PD_10_PD_13,4.606870440682087e-11,MHHPREB1,lymphoid
PD_10_PD_15,-3.3994140835602587e-11,MHHPREB1,lymphoid
PD_01_PD_02,-0.0063891853843252,ML2,lymphoid
PD_01_PD_03,-0.0124939780349955,ML2,lymphoid
PD_01_PD_08,-0.0593762930275575,ML2,lymphoid
PD_01_PD_10,-0.0093398166588136,ML2,lymphoid
PD_03_PD_05,-7.173975413721223e-09,ML2,lymphoid
PD_03_PD_06,-0.1277160417126924,ML2,lymphoid
PD_03_PD_07,-1.2290579665119594e-10,ML2,lymphoid
PD_03_PD_08,-0.1277160417126924,ML2,lymphoid
PD_03_PD_09,-7.173972083052149e-09,ML2,lymphoid
PD_03_PD_10,-8.867040854898534e-07,ML2,lymphoid
PD_03_PD_11,-8.869602264871546e-07,ML2,lymphoid
PD_03_PD_12,0.0,ML2,lymphoid
PD_03_PD_15,-8.053446798328423e-12,ML2,lymphoid
PD_06_PD_08,0.0436013344356618,ML2,lymphoid
PD_06_PD_10,-0.5228803423443282,ML2,lymphoid
PD_06_PD_14,-0.0804727259040524,ML2,lymphoid
PD_07_PD_08,-0.1026989424774992,ML2,lymphoid
PD_07_PD_10,-3.914271129445979e-09,ML2,lymphoid
PD_08_PD_10,-0.4466639109440201,ML2,lymphoid
PD_08_PD_12,0.0,ML2,lymphoid
PD_08_PD_14,-0.0804727259040524,ML2,lymphoid
PD_08_PD_15,-0.0037226093757926,ML2,lymphoid
PD_10_PD_12,-2.4335284565246692e-08,ML2,lymphoid
PD_10_PD_13,2.5568858141866713e-10,ML2,lymphoid
PD_10_PD_15,-1.38723255105333e-10,ML2,lymphoid
PD_01_PD_02,-0.0621968780683107,MLMA,lymphoid
PD_01_PD_03,-0.0906910286025419,MLMA,lymphoid
PD_01_PD_08,-0.1518687025203586,MLMA,lymphoid
PD_01_PD_10,-0.1034215991975923,MLMA,lymphoid
PD_03_PD_05,-0.0016936196822826,MLMA,lymphoid
PD_03_PD_06,-0.078044352423467,MLMA,lymphoid
PD_03_PD_07,-0.000720037373552,MLMA,lymphoid
PD_03_PD_08,-0.0753291052136558,MLMA,lymphoid
PD_03_PD_09,-0.0016880576586023,MLMA,lymphoid
PD_03_PD_10,-0.0083876459694443,MLMA,lymphoid
PD_03_PD_11,-0.0090117359920636,MLMA,lymphoid
PD_03_PD_12,-1.1389780777526504e-05,MLMA,lymphoid
PD_03_PD_15,-6.395247033275098e-05,MLMA,lymphoid
PD_06_PD_08,0.0044322835441295,MLMA,lymphoid
PD_06_PD_10,-0.4981142522298688,MLMA,lymphoid
PD_06_PD_14,-0.0308603533897027,MLMA,lymphoid
PD_07_PD_08,-0.0056520697414141,MLMA,lymphoid
PD_07_PD_10,-0.0015855105064184,MLMA,lymphoid
PD_08_PD_10,-0.4420177804486475,MLMA,lymphoid
PD_08_PD_12,-1.6287108442925025e-05,MLMA,lymphoid
PD_08_PD_14,-0.0308766400499408,MLMA,lymphoid
PD_08_PD_15,-0.0007667054811489,MLMA,lymphoid
PD_10_PD_12,-0.0009104257308261,MLMA,lymphoid
PD_10_PD_13,0.0006372205244026,MLMA,lymphoid
PD_10_PD_15,-0.0001191669948675,MLMA,lymphoid
PD_01_PD_02,-0.0034622800034619,MM1S,lymphoid
PD_01_PD_03,-0.0071212706009954,MM1S,lymphoid
PD_01_PD_08,-0.0668155676809674,MM1S,lymphoid
PD_01_PD_10,-0.0068377776916471,MM1S,lymphoid
PD_03_PD_05,-5.238573685950598e-09,MM1S,lymphoid
PD_03_PD_06,-0.0646695262004968,MM1S,lymphoid
PD_03_PD_07,-5.004718861556512e-10,MM1S,lymphoid
PD_03_PD_08,-0.037478886653449,MM1S,lymphoid
PD_03_PD_09,-5.238573463905993e-09,MM1S,lymphoid
PD_03_PD_10,-1.3653285013681682e-07,MM1S,lymphoid
PD_03_PD_11,-1.366831970939231e-07,MM1S,lymphoid
PD_03_PD_12,-4.8332782220938946e-11,MM1S,lymphoid
PD_03_PD_15,-6.357248061306109e-12,MM1S,lymphoid
PD_06_PD_08,0.0082437188007816,MM1S,lymphoid
PD_06_PD_10,-0.47013533064043,MM1S,lymphoid
PD_06_PD_14,-0.0450448680202886,MM1S,lymphoid
PD_07_PD_08,-0.0058456981834286,MM1S,lymphoid
PD_07_PD_10,-4.63430249730834e-09,MM1S,lymphoid
PD_08_PD_10,-0.1954003125629648,MM1S,lymphoid
PD_08_PD_12,-0.0545313232133866,MM1S,lymphoid
PD_08_PD_14,-0.0992889107766276,MM1S,lymphoid
PD_08_PD_15,-0.0009319428452632,MM1S,lymphoid
PD_10_PD_12,-2.236631735375028e-08,MM1S,lymphoid
PD_10_PD_13,1.5034851141848546e-10,MM1S,lymphoid
PD_10_PD_15,-8.985967525632077e-11,MM1S,lymphoid
PD_01_PD_08,-0.018771566077279,MN60,lymphoid
PD_01_PD_10,-0.0012805604604514,MN60,lymphoid
PD_06_PD_08,5.104444944503683e-08,MN60,lymphoid
PD_06_PD_10,-0.5145006254639213,MN60,lymphoid
PD_06_PD_14,-0.0111985593569537,MN60,lymphoid
PD_07_PD_08,-2.182663754957126e-06,MN60,lymphoid
PD_07_PD_10,-5.290878846153646e-12,MN60,lymphoid
PD_08_PD_10,-0.0019164539022951,MN60,lymphoid
PD_08_PD_12,-0.0005289231146702,MN60,lymphoid
PD_08_PD_14,-0.0117274824708126,MN60,lymphoid
PD_08_PD_15,-1.6331025132210186e-07,MN60,lymphoid
PD_10_PD_12,6.483702463810914e-14,MN60,lymphoid
PD_10_PD_13,6.461498003318411e-14,MN60,lymphoid
PD_10_PD_15,-8.437694987151191e-14,MN60,lymphoid
PD_01_PD_08,-0.0231767741984474,MOLM13,lymphoid
PD_01_PD_10,-0.0004054217993313,MOLM13,lymphoid
PD_06_PD_08,8.445937038636941e-08,MOLM13,lymphoid
PD_06_PD_10,-0.406401755307906,MOLM13,lymphoid
PD_06_PD_14,-0.078676515855091,MOLM13,lymphoid
PD_07_PD_08,-1.3563008977035551e-06,MOLM13,lymphoid
PD_07_PD_10,-4.764422190106643e-11,MOLM13,lymphoid
PD_08_PD_10,-0.0015030919494223,MOLM13,lymphoid
PD_08_PD_12,-0.1609058326493019,MOLM13,lymphoid
PD_08_PD_14,-0.2395823482854292,MOLM13,lymphoid
PD_08_PD_15,-2.1261256666349482e-07,MOLM13,lymphoid
PD_10_PD_12,-1.5233589945040647e-09,MOLM13,lymphoid
PD_10_PD_13,4.085620730620576e-13,MOLM13,lymphoid
PD_10_PD_15,-4.3676173788753663e-13,MOLM13,lymphoid
PD_01_PD_02,-0.0051537887363037,MOLP8,lymphoid
PD_01_PD_03,-0.0097197433638773,MOLP8,lymphoid
PD_01_PD_08,-0.1132410498139121,MOLP8,lymphoid
PD_01_PD_10,-0.0033316579447806,MOLP8,lymphoid
PD_03_PD_05,-1.8086608655210057e-08,MOLP8,lymphoid
PD_03_PD_06,-0.0645288476544454,MOLP8,lymphoid
PD_03_PD_07,-3.6720171348036956e-10,MOLP8,lymphoid
PD_03_PD_08,-0.0964561954520054,MOLP8,lymphoid
PD_03_PD_09,-5.438216488240499e-07,MOLP8,lymphoid
PD_03_PD_10,-8.86598864657806e-07,MOLP8,lymphoid
PD_03_PD_11,-8.871029099077887e-07,MOLP8,lymphoid
PD_03_PD_12,0.0,MOLP8,lymphoid
PD_03_PD_15,-2.5703994488424087e-11,MOLP8,lymphoid
PD_06_PD_08,0.0159723145336626,MOLP8,lymphoid
PD_06_PD_10,-0.4883562527100168,MOLP8,lymphoid
PD_06_PD_14,-0.0497337535460401,MOLP8,lymphoid
PD_07_PD_08,-0.0218059900750121,MOLP8,lymphoid
PD_07_PD_10,-7.64715679668626e-09,MOLP8,lymphoid
PD_08_PD_10,-0.2260919903415458,MOLP8,lymphoid
PD_08_PD_12,-0.0319273477985377,MOLP8,lymphoid
PD_08_PD_14,-0.0816611013444547,MOLP8,lymphoid
PD_08_PD_15,-0.0015075826129168,MOLP8,lymphoid
PD_10_PD_12,-2.5289281557761e-08,MOLP8,lymphoid
PD_10_PD_13,5.040463602057342e-10,MOLP8,lymphoid
PD_10_PD_15,-2.561859613336992e-10,MOLP8,lymphoid
PD_01_PD_02,-0.0047742872282622,MOLT13,lymphoid
PD_01_PD_03,-0.0094280435837277,MOLT13,lymphoid
PD_01_PD_08,-0.0344020503382035,MOLT13,lymphoid
PD_01_PD_10,-0.0101548231594438,MOLT13,lymphoid
PD_03_PD_05,-3.7121689056007763e-09,MOLT13,lymphoid
PD_03_PD_06,-0.022071764893557,MOLT13,lymphoid
PD_03_PD_07,-7.658929046527874e-10,MOLT13,lymphoid
PD_03_PD_08,-0.022158611615198,MOLT13,lymphoid
PD_03_PD_09,-1.8593978545755618e-07,MOLT13,lymphoid
PD_03_PD_10,-1.3005333221460802e-07,MOLT13,lymphoid
PD_03_PD_11,-1.3006979304730493e-07,MOLT13,lymphoid
PD_03_PD_12,-5.850875339774575e-14,MOLT13,lymphoid
PD_03_PD_15,-3.584355035002318e-12,MOLT13,lymphoid
PD_06_PD_08,0.0027946573874418,MOLT13,lymphoid
PD_06_PD_10,-0.5003606278669349,MOLT13,lymphoid
PD_06_PD_14,-0.0127096456048813,MOLT13,lymphoid
PD_07_PD_08,-0.006187040998002,MOLT13,lymphoid
PD_07_PD_10,-6.010786313126458e-10,MOLT13,lymphoid
PD_08_PD_10,-0.2969752047454816,MOLT13,lymphoid
PD_08_PD_12,-8.756618552219209e-05,MOLT13,lymphoid
PD_08_PD_14,-0.0127972117904034,MOLT13,lymphoid
PD_08_PD_15,-0.0003643379958457,MOLT13,lymphoid
PD_10_PD_12,-4.9631524112747634e-08,MOLT13,lymphoid
PD_10_PD_13,1.6462387009141818e-11,MOLT13,lymphoid
PD_10_PD_15,-1.2853162978387898e-11,MOLT13,lymphoid
PD_01_PD_02,-0.0606573790633587,MOLT16,lymphoid
PD_01_PD_03,-0.0816421513900039,MOLT16,lymphoid
PD_01_PD_08,-0.1358855691910868,MOLT16,lymphoid
PD_01_PD_10,-0.1137678051232252,MOLT16,lymphoid
PD_03_PD_05,-0.0023202812684733,MOLT16,lymphoid
PD_03_PD_06,-0.1666044535872315,MOLT16,lymphoid
PD_03_PD_07,-0.0019890390440283,MOLT16,lymphoid
PD_03_PD_08,-0.0607115470692909,MOLT16,lymphoid
PD_03_PD_09,-0.0022593934993576,MOLT16,lymphoid
PD_03_PD_10,-0.0129674537452146,MOLT16,lymphoid
PD_03_PD_11,-0.0158588879214071,MOLT16,lymphoid
PD_03_PD_12,-0.0035699334082981,MOLT16,lymphoid
PD_03_PD_15,-0.0001467440348013,MOLT16,lymphoid
PD_06_PD_08,0.0037108787072157,MOLT16,lymphoid
PD_06_PD_10,-0.4293738967154639,MOLT16,lymphoid
PD_06_PD_14,-0.0892952751329992,MOLT16,lymphoid
PD_07_PD_08,-0.0073446909039306,MOLT16,lymphoid
PD_07_PD_10,-0.0057097715958326,MOLT16,lymphoid
PD_08_PD_10,-0.3036679015193381,MOLT16,lymphoid
PD_08_PD_12,-0.0659613156117897,MOLT16,lymphoid
PD_08_PD_14,-0.1550963775342368,MOLT16,lymphoid
PD_08_PD_15,-0.0008004879125685,MOLT16,lymphoid
PD_10_PD_12,-0.0077292776583087,MOLT16,lymphoid
PD_10_PD_13,0.0030068633953271,MOLT16,lymphoid
PD_10_PD_15,-0.0003606792852248,MOLT16,lymphoid
PD_01_PD_02,-0.0022337740017067,MOLT4,lymphoid
PD_01_PD_03,-0.0051712302170453,MOLT4,lymphoid
PD_01_PD_08,-0.0444540038510514,MOLT4,lymphoid
PD_01_PD_10,-0.0063105591834109,MOLT4,lymphoid
PD_03_PD_05,-1.3316693402432025e-06,MOLT4,lymphoid
PD_03_PD_06,-0.0306766704748588,MOLT4,lymphoid
PD_03_PD_07,-2.430879252335316e-07,MOLT4,lymphoid
PD_03_PD_08,-0.0224395435142815,MOLT4,lymphoid
PD_03_PD_09,-1.331661744541357e-06,MOLT4,lymphoid
PD_03_PD_10,-1.3994242928361269e-05,MOLT4,lymphoid
PD_03_PD_11,-1.4009611814191912e-05,MOLT4,lymphoid
PD_03_PD_12,-2.2315482794965646e-14,MOLT4,lymphoid
PD_03_PD_15,-1.522146353405418e-08,MOLT4,lymphoid
PD_06_PD_08,0.0024728057561166,MOLT4,lymphoid
PD_06_PD_10,-0.5024492993852825,MOLT4,lymphoid
PD_06_PD_14,-0.0166642975351967,MOLT4,lymphoid
PD_07_PD_08,-0.0036148991541594,MOLT4,lymphoid
PD_07_PD_10,-2.1765796187622757e-07,MOLT4,lymphoid
PD_08_PD_10,-0.3274291646197313,MOLT4,lymphoid
PD_08_PD_12,-0.0384161944651524,MOLT4,lymphoid
PD_08_PD_14,-0.0550804916406051,MOLT4,lymphoid
PD_08_PD_15,-0.0003447961990299,MOLT4,lymphoid
PD_10_PD_12,-2.522426711948356e-13,MOLT4,lymphoid
PD_10_PD_13,1.5401787734070638e-08,MOLT4,lymphoid
PD_10_PD_15,-9.035451165040342e-09,MOLT4,lymphoid
PD_01_PD_08,-0.0184062368999827,MONOMAC6,lymphoid
PD_01_PD_10,-0.0010289410837523,MONOMAC6,lymphoid
PD_06_PD_08,2.8272377883276082e-08,MONOMAC6,lymphoid
PD_06_PD_10,-0.5172269990775398,MONOMAC6,lymphoid
PD_06_PD_14,-0.0158872320798261,MONOMAC6,lymphoid
PD_07_PD_08,-2.2383143853943466e-06,MONOMAC6,lymphoid
PD_07_PD_10,-9.132028466751764e-12,MONOMAC6,lymphoid
PD_08_PD_10,-0.0019842256256817,MONOMAC6,lymphoid
PD_08_PD_12,-0.0011965707130989,MONOMAC6,lymphoid
PD_08_PD_14,-0.0170838027921064,MONOMAC6,lymphoid
PD_08_PD_15,-9.982626947291352e-08,MONOMAC6,lymphoid
PD_10_PD_12,1.1868284133242926e-13,MONOMAC6,lymphoid
PD_10_PD_13,1.1868284133242926e-13,MONOMAC6,lymphoid
PD_10_PD_15,-1.4888090760223352e-13,MONOMAC6,lymphoid
PD_01_PD_02,-0.0046460920207729,MOT,lymphoid
PD_01_PD_03,-0.0087918581342495,MOT,lymphoid
PD_01_PD_08,-0.1710882969405676,MOT,lymphoid
PD_01_PD_10,-0.0113746796600786,MOT,lymphoid
PD_03_PD_05,-3.544445337233526e-08,MOT,lymphoid
PD_03_PD_06,-0.1205401919504588,MOT,lymphoid
PD_03_PD_07,-4.394959396414322e-09,MOT,lymphoid
PD_03_PD_08,-0.1205401919504588,MOT,lymphoid
PD_03_PD_09,-3.544443893943594e-08,MOT,lymphoid
PD_03_PD_10,-9.035993073780446e-07,MOT,lymphoid
PD_03_PD_11,-9.040084798517256e-07,MOT,lymphoid
PD_03_PD_12,0.0,MOT,lymphoid
PD_03_PD_15,-5.987221829428789e-11,MOT,lymphoid
PD_06_PD_08,0.0379093224633021,MOT,lymphoid
PD_06_PD_10,-0.5056240000359584,MOT,lymphoid
PD_06_PD_14,-0.0726146355950484,MOT,lymphoid
PD_07_PD_08,-0.0288041290432921,MOT,lymphoid
PD_07_PD_10,-6.440430522225426e-09,MOT,lymphoid
PD_08_PD_10,-0.4482055878319942,MOT,lymphoid
PD_08_PD_12,0.0,MOT,lymphoid
PD_08_PD_14,-0.0726146355950484,MOT,lymphoid
PD_08_PD_15,-0.0031183276319471,MOT,lymphoid
PD_10_PD_12,-4.46193473280232e-08,MOT,lymphoid
PD_10_PD_13,4.0917669252849004e-10,MOT,lymphoid
PD_10_PD_15,-2.1166302044406396e-10,MOT,lymphoid
PD_01_PD_02,0.0019886382226089,MV411,lymphoid
PD_01_PD_03,0.0004945451226399,MV411,lymphoid
PD_01_PD_08,-0.1651113890544802,MV411,lymphoid
PD_01_PD_10,-0.0127889889127306,MV411,lymphoid
PD_03_PD_05,-8.233423276493568e-09,MV411,lymphoid
PD_03_PD_06,-0.0990051127340462,MV411,lymphoid
PD_03_PD_07,-1.2299495866230359e-09,MV411,lymphoid
PD_03_PD_08,-0.0990051127340462,MV411,lymphoid
PD_03_PD_09,-0.1459168139975415,MV411,lymphoid
PD_03_PD_10,-1.3162845208358752e-05,MV411,lymphoid
PD_03_PD_11,-1.3176555544669457e-05,MV411,lymphoid
PD_03_PD_12,0.0,MV411,lymphoid
PD_03_PD_15,-9.88564785586732e-12,MV411,lymphoid
PD_06_PD_08,0.0669238472804919,MV411,lymphoid
PD_06_PD_10,-0.5022667759779467,MV411,lymphoid
PD_06_PD_14,-0.094627258556557,MV411,lymphoid
PD_07_PD_08,-0.0458534622815987,MV411,lymphoid
PD_07_PD_10,-1.7952934816545254e-07,MV411,lymphoid
PD_08_PD_10,-0.4209434262282092,MV411,lymphoid
PD_08_PD_12,0.0,MV411,lymphoid
PD_08_PD_14,-0.094627258556557,MV411,lymphoid
PD_08_PD_15,-0.0108011845054967,MV411,lymphoid
PD_10_PD_12,-4.437811852442408e-07,MV411,lymphoid
PD_10_PD_13,1.3552357680524096e-08,MV411,lymphoid
PD_10_PD_15,-5.513588363648125e-09,MV411,lymphoid
PD_01_PD_08,-0.0231767741984474,NALM6,lymphoid
PD_01_PD_10,-0.0004054217993313,NALM6,lymphoid
PD_06_PD_08,8.445937038636941e-08,NALM6,lymphoid
PD_06_PD_10,-0.406401755307906,NALM6,lymphoid
PD_06_PD_14,-0.078676515855091,NALM6,lymphoid
PD_07_PD_08,-1.3563008977035551e-06,NALM6,lymphoid
PD_07_PD_10,-4.764422190106643e-11,NALM6,lymphoid
PD_08_PD_10,-0.0015030919494223,NALM6,lymphoid
PD_08_PD_12,-0.1609058326493019,NALM6,lymphoid
PD_08_PD_14,-0.2395823482854292,NALM6,lymphoid
PD_08_PD_15,-2.1261256666349482e-07,NALM6,lymphoid
PD_10_PD_12,-1.5233589945040647e-09,NALM6,lymphoid
PD_10_PD_13,4.085620730620576e-13,NALM6,lymphoid
PD_10_PD_15,-4.3676173788753663e-13,NALM6,lymphoid
PD_01_PD_02,-0.0042197626085886,NAMALWA,lymphoid
PD_01_PD_03,-0.0086878862227768,NAMALWA,lymphoid
PD_01_PD_08,-0.0374601940025105,NAMALWA,lymphoid
PD_01_PD_10,-0.0098364108917604,NAMALWA,lymphoid
PD_03_PD_05,-6.768175242477524e-09,NAMALWA,lymphoid
PD_03_PD_06,-0.022957521377409,NAMALWA,lymphoid
PD_03_PD_07,-1.9366147574473302e-09,NAMALWA,lymphoid
PD_03_PD_08,-0.0230799829848694,NAMALWA,lymphoid
PD_03_PD_09,-3.55580345390294e-07,NAMALWA,lymphoid
PD_03_PD_10,-2.250390258584645e-07,NAMALWA,lymphoid
PD_03_PD_11,-2.250850903440238e-07,NAMALWA,lymphoid
PD_03_PD_12,-2.3003821070233244e-13,NAMALWA,lymphoid
PD_03_PD_15,-8.475775636895833e-12,NAMALWA,lymphoid
PD_06_PD_08,0.003296686295042,NAMALWA,lymphoid
PD_06_PD_10,-0.5080823613010655,NAMALWA,lymphoid
PD_06_PD_14,-0.0136966256856706,NAMALWA,lymphoid
PD_07_PD_08,-0.0066378265274648,NAMALWA,lymphoid
PD_07_PD_10,-1.5203118763906787e-09,NAMALWA,lymphoid
PD_08_PD_10,-0.2989615155606342,NAMALWA,lymphoid
PD_08_PD_12,-0.0001237476126986,NAMALWA,lymphoid
PD_08_PD_14,-0.0138203732983692,NAMALWA,lymphoid
PD_08_PD_15,-0.0004057215935638,NAMALWA,lymphoid
PD_10_PD_12,-1.010296346581896e-07,NAMALWA,lymphoid
PD_10_PD_13,4.606870440682087e-11,NAMALWA,lymphoid
PD_10_PD_15,-3.3994140835602587e-11,NAMALWA,lymphoid
PD_01_PD_02,-0.0051537887363037,NKM1,lymphoid
PD_01_PD_03,-0.0097197433638773,NKM1,lymphoid
PD_01_PD_08,-0.1132410498139121,NKM1,lymphoid
PD_01_PD_10,-0.0033316579447806,NKM1,lymphoid
PD_03_PD_05,-1.8086608655210057e-08,NKM1,lymphoid
PD_03_PD_06,-0.0645288476544454,NKM1,lymphoid
PD_03_PD_07,-3.6720171348036956e-10,NKM1,lymphoid
PD_03_PD_08,-0.0964561954520054,NKM1,lymphoid
PD_03_PD_09,-5.438216488240499e-07,NKM1,lymphoid
PD_03_PD_10,-8.86598864657806e-07,NKM1,lymphoid
PD_03_PD_11,-8.871029099077887e-07,NKM1,lymphoid
PD_03_PD_12,0.0,NKM1,lymphoid
PD_03_PD_15,-2.5703994488424087e-11,NKM1,lymphoid
PD_06_PD_08,0.0159723145336626,NKM1,lymphoid
PD_06_PD_10,-0.4883562527100168,NKM1,lymphoid
PD_06_PD_14,-0.0497337535460401,NKM1,lymphoid
PD_07_PD_08,-0.0218059900750121,NKM1,lymphoid
PD_07_PD_10,-7.64715679668626e-09,NKM1,lymphoid
PD_08_PD_10,-0.2260919903415458,NKM1,lymphoid
PD_08_PD_12,-0.0319273477985377,NKM1,lymphoid
PD_08_PD_14,-0.0816611013444547,NKM1,lymphoid
PD_08_PD_15,-0.0015075826129168,NKM1,lymphoid
PD_10_PD_12,-2.5289281557761e-08,NKM1,lymphoid
PD_10_PD_13,5.040463602057342e-10,NKM1,lymphoid
PD_10_PD_15,-2.561859613336992e-10,NKM1,lymphoid
PD_01_PD_02,-0.0662832971315176,NOMO1,lymphoid
PD_01_PD_03,-0.0899895630256586,NOMO1,lymphoid
PD_01_PD_08,-0.1104742083006788,NOMO1,lymphoid
PD_01_PD_10,-0.1394479288021851,NOMO1,lymphoid
PD_03_PD_05,-0.0021341073026764,NOMO1,lymphoid
PD_03_PD_06,-0.1463407713043489,NOMO1,lymphoid
PD_03_PD_07,-0.0020498309074329,NOMO1,lymphoid
PD_03_PD_08,-0.0359839970039784,NOMO1,lymphoid
PD_03_PD_09,-0.0020976214428034,NOMO1,lymphoid
PD_03_PD_10,-0.0157727367842663,NOMO1,lymphoid
PD_03_PD_11,-0.0209776908956168,NOMO1,lymphoid
PD_03_PD_12,-0.0052922271784111,NOMO1,lymphoid
PD_03_PD_15,-0.0001457374789506,NOMO1,lymphoid
PD_06_PD_08,0.00114434059483,NOMO1,lymphoid
PD_06_PD_10,-0.4427822480869404,NOMO1,lymphoid
PD_06_PD_14,-0.0722115293425463,NOMO1,lymphoid
PD_07_PD_08,-0.0032381932272417,NOMO1,lymphoid
PD_07_PD_10,-0.0091619758364501,NOMO1,lymphoid
PD_08_PD_10,-0.2613163755745793,NOMO1,lymphoid
PD_08_PD_12,-0.05475462395205,NOMO1,lymphoid
PD_08_PD_14,-0.1268190147624527,NOMO1,lymphoid
PD_08_PD_15,-0.000302441558084,NOMO1,lymphoid
PD_10_PD_12,-0.0044437427473552,NOMO1,lymphoid
PD_10_PD_13,0.0052989336742043,NOMO1,lymphoid
PD_10_PD_15,-0.0007115562854997,NOMO1,lymphoid
PD_01_PD_02,-0.0043804772218585,OCIAML2,lymphoid
PD_01_PD_03,-0.0086211698836304,OCIAML2,lymphoid
PD_01_PD_08,-0.166977817255124,OCIAML2,lymphoid
PD_01_PD_10,-0.0100898667803156,OCIAML2,lymphoid
PD_03_PD_05,-2.4162150724649223e-08,OCIAML2,lymphoid
PD_03_PD_06,-0.1379518604150225,OCIAML2,lymphoid
PD_03_PD_07,-2.833953072212125e-09,OCIAML2,lymphoid
PD_03_PD_08,-0.1379518604150225,OCIAML2,lymphoid
PD_03_PD_09,-0.0976144754336758,OCIAML2,lymphoid
PD_03_PD_10,-5.199651611498268e-07,OCIAML2,lymphoid
PD_03_PD_11,-5.201602397697513e-07,OCIAML2,lymphoid
PD_03_PD_12,0.0,OCIAML2,lymphoid
PD_03_PD_15,-3.432854001061969e-11,OCIAML2,lymphoid
PD_06_PD_08,0.0799695421121334,OCIAML2,lymphoid
PD_06_PD_10,-0.4832001274653994,OCIAML2,lymphoid
PD_06_PD_14,-0.1092306750542907,OCIAML2,lymphoid
PD_07_PD_08,-0.0752708170926964,OCIAML2,lymphoid
PD_07_PD_10,-3.44630468607221e-09,OCIAML2,lymphoid
PD_08_PD_10,-0.3985026670671669,OCIAML2,lymphoid
PD_08_PD_12,0.0,OCIAML2,lymphoid
PD_08_PD_14,-0.1092306750542907,OCIAML2,lymphoid
PD_08_PD_15,-0.0098841814937482,OCIAML2,lymphoid
PD_10_PD_12,-2.4723189384623367e-08,OCIAML2,lymphoid
PD_10_PD_13,1.9508095139286752e-10,OCIAML2,lymphoid
PD_10_PD_15,-1.0535183836424268e-10,OCIAML2,lymphoid
PD_01_PD_08,-0.1943658889165047,OCIAML3,lymphoid
PD_01_PD_10,-0.0592961276347544,OCIAML3,lymphoid
PD_06_PD_08,0.0071890893632232,OCIAML3,lymphoid
PD_06_PD_10,-0.109280183375877,OCIAML3,lymphoid
PD_06_PD_14,-0.0400220107717209,OCIAML3,lymphoid
PD_07_PD_08,-0.0115972787448695,OCIAML3,lymphoid
PD_07_PD_10,-0.0005321783860857,OCIAML3,lymphoid
PD_08_PD_10,-0.1214123009084313,OCIAML3,lymphoid
PD_08_PD_12,-0.3975417568995137,OCIAML3,lymphoid
PD_08_PD_14,-0.4362947329871823,OCIAML3,lymphoid
PD_08_PD_15,-0.0046089299906905,OCIAML3,lymphoid
PD_10_PD_12,-0.0019653838956599,OCIAML3,lymphoid
PD_10_PD_13,0.0002431948203175,OCIAML3,lymphoid
PD_10_PD_15,-5.2208444786039365e-05,OCIAML3,lymphoid
PD_01_PD_02,-0.0077404045705469,OCIAML5,lymphoid
PD_01_PD_03,-0.0144859222894602,OCIAML5,lymphoid
PD_01_PD_08,-0.0737862397424935,OCIAML5,lymphoid
PD_01_PD_10,-0.004324758770227,OCIAML5,lymphoid
PD_03_PD_05,-1.9923435123914143e-08,OCIAML5,lymphoid
PD_03_PD_06,-0.0487145324469839,OCIAML5,lymphoid
PD_03_PD_07,-3.843342311071751e-10,OCIAML5,lymphoid
PD_03_PD_08,-0.0804460549221783,OCIAML5,lymphoid
PD_03_PD_09,-0.0977016804028029,OCIAML5,lymphoid
PD_03_PD_10,-7.713630872929755e-07,OCIAML5,lymphoid
PD_03_PD_11,-7.717672948492904e-07,OCIAML5,lymphoid
PD_03_PD_12,0.0,OCIAML5,lymphoid
PD_03_PD_15,-2.6773472328045497e-11,OCIAML5,lymphoid
PD_06_PD_08,0.0546637507194663,OCIAML5,lymphoid
PD_06_PD_10,-0.4459617914833336,OCIAML5,lymphoid
PD_06_PD_14,-0.0712782846668355,OCIAML5,lymphoid
PD_07_PD_08,-0.0664874621788711,OCIAML5,lymphoid
PD_07_PD_10,-6.346396408396515e-09,OCIAML5,lymphoid
PD_08_PD_10,-0.2863765982994131,OCIAML5,lymphoid
PD_08_PD_12,-0.0317315224761932,OCIAML5,lymphoid
PD_08_PD_14,-0.1030098071429381,OCIAML5,lymphoid
PD_08_PD_15,-0.0076180547721048,OCIAML5,lymphoid
PD_10_PD_12,-1.9709093468378572e-08,OCIAML5,lymphoid
PD_10_PD_13,4.042080004040826e-10,OCIAML5,lymphoid
PD_10_PD_15,-2.0830759339673927e-10,OCIAML5,lymphoid
PD_01_PD_02,-0.0025118529288117,OCIM1,lymphoid
PD_01_PD_03,-0.0061268148352604,OCIM1,lymphoid
PD_01_PD_08,-0.0347925350188901,OCIM1,lymphoid
PD_01_PD_10,-0.0043268064574207,OCIM1,lymphoid
PD_03_PD_05,-1.0404152345211417e-06,OCIM1,lymphoid
PD_03_PD_06,-0.0177337213103621,OCIM1,lymphoid
PD_03_PD_07,-1.157714274446775e-07,OCIM1,lymphoid
PD_03_PD_08,-0.0177337213103621,OCIM1,lymphoid
PD_03_PD_09,-1.0404141808084688e-06,OCIM1,lymphoid
PD_03_PD_10,-1.2442326002726212e-05,OCIM1,lymphoid
PD_03_PD_11,-1.2447671733584189e-05,OCIM1,lymphoid
PD_03_PD_12,0.0,OCIM1,lymphoid
PD_03_PD_15,-7.484296182802552e-09,OCIM1,lymphoid
PD_06_PD_08,0.0015070484805194,OCIM1,lymphoid
PD_06_PD_10,-0.54932470036427,OCIM1,lymphoid
PD_06_PD_14,-0.0088525126644825,OCIM1,lymphoid
PD_07_PD_08,-0.0026721907614479,OCIM1,lymphoid
PD_07_PD_10,-9.115326371489375e-08,OCIM1,lymphoid
PD_08_PD_10,-0.466362938203297,OCIM1,lymphoid
PD_08_PD_12,0.0,OCIM1,lymphoid
PD_08_PD_14,-0.0088525126644825,OCIM1,lymphoid
PD_08_PD_15,-0.0002361128279841,OCIM1,lymphoid
PD_10_PD_12,-9.907571429934592e-10,OCIM1,lymphoid
PD_10_PD_13,5.351377674323032e-09,OCIM1,lymphoid
PD_10_PD_15,-3.746896459766447e-09,OCIM1,lymphoid
PD_01_PD_08,-0.0498512922094895,OPM2,lymphoid
PD_01_PD_10,-0.0022227022422433,OPM2,lymphoid
PD_06_PD_08,1.4080706872698912e-06,OPM2,lymphoid
PD_06_PD_10,-0.4402823079537144,OPM2,lymphoid
PD_06_PD_14,-0.0392970820510766,OPM2,lymphoid
PD_07_PD_08,-3.802570922517568e-05,OPM2,lymphoid
PD_07_PD_10,-1.2856826714369164e-11,OPM2,lymphoid
PD_08_PD_10,-0.0046115301380522,OPM2,lymphoid
PD_08_PD_12,-0.1063676399285015,OPM2,lymphoid
PD_08_PD_14,-0.1456235971501329,OPM2,lymphoid
PD_08_PD_15,-3.0968489012073164e-06,OPM2,lymphoid
PD_10_PD_12,-7.888134589961737e-12,OPM2,lymphoid
PD_10_PD_13,7.438494264988549e-15,OPM2,lymphoid
PD_10_PD_15,-6.772360450213455e-15,OPM2,lymphoid
PD_01_PD_08,-0.0498512922094895,P12ICHIKAWA,lymphoid
PD_01_PD_10,-0.0022227022422433,P12ICHIKAWA,lymphoid
PD_06_PD_08,1.4080706872698912e-06,P12ICHIKAWA,lymphoid
PD_06_PD_10,-0.4402823079537144,P12ICHIKAWA,lymphoid
PD_06_PD_14,-0.0392970820510766,P12ICHIKAWA,lymphoid
PD_07_PD_08,-3.802570922517568e-05,P12ICHIKAWA,lymphoid
PD_07_PD_10,-1.2856826714369164e-11,P12ICHIKAWA,lymphoid
PD_08_PD_10,-0.0046115301380522,P12ICHIKAWA,lymphoid
PD_08_PD_12,-0.1063676399285015,P12ICHIKAWA,lymphoid
PD_08_PD_14,-0.1456235971501329,P12ICHIKAWA,lymphoid
PD_08_PD_15,-3.0968489012073164e-06,P12ICHIKAWA,lymphoid
PD_10_PD_12,-7.888134589961737e-12,P12ICHIKAWA,lymphoid
PD_10_PD_13,7.438494264988549e-15,P12ICHIKAWA,lymphoid
PD_10_PD_15,-6.772360450213455e-15,P12ICHIKAWA,lymphoid
PD_01_PD_02,-0.0082790034620356,P30OHK,lymphoid
PD_01_PD_03,-0.0153541107658987,P30OHK,lymphoid
PD_01_PD_08,-0.0576010710351511,P30OHK,lymphoid
PD_01_PD_10,-0.0044957097227219,P30OHK,lymphoid
PD_03_PD_05,-2.593190540078893e-08,P30OHK,lymphoid
PD_03_PD_06,-0.038293410651743,P30OHK,lymphoid
PD_03_PD_07,-5.297232652523576e-10,P30OHK,lymphoid
PD_03_PD_08,-0.1191249549633725,P30OHK,lymphoid
PD_03_PD_09,-4.974800926760282e-08,P30OHK,lymphoid
PD_03_PD_10,-9.364224157204504e-07,P30OHK,lymphoid
PD_03_PD_11,-9.36972065379571e-07,P30OHK,lymphoid
PD_03_PD_12,0.0,P30OHK,lymphoid
PD_03_PD_15,-3.772449019834312e-11,P30OHK,lymphoid
PD_06_PD_08,0.0211009662509178,P30OHK,lymphoid
PD_06_PD_10,-0.4287063451579687,P30OHK,lymphoid
PD_06_PD_14,-0.0678311197842376,P30OHK,lymphoid
PD_07_PD_08,-0.0407358280626714,P30OHK,lymphoid
PD_07_PD_10,-8.227435732699462e-09,P30OHK,lymphoid
PD_08_PD_10,-0.1849649100969802,P30OHK,lymphoid
PD_08_PD_12,-0.0808315443152833,P30OHK,lymphoid
PD_08_PD_14,-0.1486626640991413,P30OHK,lymphoid
PD_08_PD_15,-0.0017385094572349,P30OHK,lymphoid
PD_10_PD_12,-2.5152221083679652e-08,P30OHK,lymphoid
PD_10_PD_13,5.496511024105644e-10,P30OHK,lymphoid
PD_10_PD_15,-2.7784152756282765e-10,P30OHK,lymphoid
PD_01_PD_02,-0.0442126419361197,P31FUJ,lymphoid
PD_01_PD_03,-0.0616970088089934,P31FUJ,lymphoid
PD_01_PD_08,-0.1170395780769053,P31FUJ,lymphoid
PD_01_PD_10,-0.1177339704415949,P31FUJ,lymphoid
PD_03_PD_05,-0.0017535968357539,P31FUJ,lymphoid
PD_03_PD_06,-0.1698040027001404,P31FUJ,lymphoid
PD_03_PD_07,-0.0023356671002526,P31FUJ,lymphoid
PD_03_PD_08,-0.0527100442225109,P31FUJ,lymphoid
PD_03_PD_09,-0.0016921149622759,P31FUJ,lymphoid
PD_03_PD_10,-0.0103570691075312,P31FUJ,lymphoid
PD_03_PD_11,-0.0126807669728377,P31FUJ,lymphoid
PD_03_PD_12,-0.0027160854220262,P31FUJ,lymphoid
PD_03_PD_15,-0.0001190651370902,P31FUJ,lymphoid
PD_06_PD_08,0.0033113843227939,P31FUJ,lymphoid
PD_06_PD_10,-0.4630475925478227,P31FUJ,lymphoid
PD_06_PD_14,-0.0911105005175374,P31FUJ,lymphoid
PD_07_PD_08,-0.0089241014431091,P31FUJ,lymphoid
PD_07_PD_10,-0.0050211030004669,P31FUJ,lymphoid
PD_08_PD_10,-0.3013386250719159,P31FUJ,lymphoid
PD_08_PD_12,-0.0332088251917623,P31FUJ,lymphoid
PD_08_PD_14,-0.1242496302807277,P31FUJ,lymphoid
PD_08_PD_15,-0.0007150831386203,P31FUJ,lymphoid
PD_10_PD_12,-0.0065473934257196,P31FUJ,lymphoid
PD_10_PD_13,0.0024415907736564,P31FUJ,lymphoid
PD_10_PD_15,-0.0002982355056608,P31FUJ,lymphoid
PD_01_PD_02,-0.0042197626085886,P32ISH,lymphoid
PD_01_PD_03,-0.0086878862227768,P32ISH,lymphoid
PD_01_PD_08,-0.0374601940025105,P32ISH,lymphoid
PD_01_PD_10,-0.0098364108917604,P32ISH,lymphoid
PD_03_PD_05,-6.768175242477524e-09,P32ISH,lymphoid
PD_03_PD_06,-0.022957521377409,P32ISH,lymphoid
PD_03_PD_07,-1.9366147574473302e-09,P32ISH,lymphoid
PD_03_PD_08,-0.0230799829848694,P32ISH,lymphoid
PD_03_PD_09,-3.55580345390294e-07,P32ISH,lymphoid
PD_03_PD_10,-2.250390258584645e-07,P32ISH,lymphoid
PD_03_PD_11,-2.250850903440238e-07,P32ISH,lymphoid
PD_03_PD_12,-2.3003821070233244e-13,P32ISH,lymphoid
PD_03_PD_15,-8.475775636895833e-12,P32ISH,lymphoid
PD_06_PD_08,0.003296686295042,P32ISH,lymphoid
PD_06_PD_10,-0.5080823613010655,P32ISH,lymphoid
PD_06_PD_14,-0.0136966256856706,P32ISH,lymphoid
PD_07_PD_08,-0.0066378265274648,P32ISH,lymphoid
PD_07_PD_10,-1.5203118763906787e-09,P32ISH,lymphoid
PD_08_PD_10,-0.2989615155606342,P32ISH,lymphoid
PD_08_PD_12,-0.0001237476126986,P32ISH,lymphoid
PD_08_PD_14,-0.0138203732983692,P32ISH,lymphoid
PD_08_PD_15,-0.0004057215935638,P32ISH,lymphoid
PD_10_PD_12,-1.010296346581896e-07,P32ISH,lymphoid
PD_10_PD_13,4.606870440682087e-11,P32ISH,lymphoid
PD_10_PD_15,-3.3994140835602587e-11,P32ISH,lymphoid
PD_01_PD_02,-0.0021653945705376,PF382,lymphoid
PD_01_PD_03,-0.0049572096522257,PF382,lymphoid
PD_01_PD_08,-0.0413190683374694,PF382,lymphoid
PD_01_PD_10,-0.0059371092502945,PF382,lymphoid
PD_03_PD_05,-1.33166785498684e-06,PF382,lymphoid
PD_03_PD_06,-0.0304566461580471,PF382,lymphoid
PD_03_PD_07,-2.430879150194798e-07,PF382,lymphoid
PD_03_PD_08,-0.0221556120300242,PF382,lymphoid
PD_03_PD_09,-1.3316602592849949e-06,PF382,lymphoid
PD_03_PD_10,-1.3993472711804069e-05,PF382,lymphoid
PD_03_PD_11,-1.4008841596413468e-05,PF382,lymphoid
PD_03_PD_12,-2.2981616609740744e-14,PF382,lymphoid
PD_03_PD_15,-1.5221463423031878e-08,PF382,lymphoid
PD_06_PD_08,0.0024727948256706,PF382,lymphoid
PD_06_PD_10,-0.5052648149324499,PF382,lymphoid
PD_06_PD_14,-0.0166551958366076,PF382,lymphoid
PD_07_PD_08,-0.0036147823535461,PF382,lymphoid
PD_07_PD_10,-2.1765790836347779e-07,PF382,lymphoid
PD_08_PD_10,-0.2675880658726621,PF382,lymphoid
PD_08_PD_12,-0.0384161952004484,PF382,lymphoid
PD_08_PD_14,-0.0550713906773121,PF382,lymphoid
PD_08_PD_15,-0.0003447873771458,PF382,lymphoid
PD_10_PD_12,-2.525757381022231e-13,PF382,lymphoid
PD_10_PD_13,1.540178651282531e-08,PF382,lymphoid
PD_10_PD_15,-9.035449388683505e-09,PF382,lymphoid
PD_01_PD_02,-0.0595710857223301,RAJI,lymphoid
PD_01_PD_03,-0.1043667573722798,RAJI,lymphoid
PD_01_PD_08,-0.1069995186442888,RAJI,lymphoid
PD_01_PD_10,-0.1446952339466277,RAJI,lymphoid
PD_03_PD_05,-0.0031761456732938,RAJI,lymphoid
PD_03_PD_06,-0.1639570501590865,RAJI,lymphoid
PD_03_PD_07,-0.0030199743326044,RAJI,lymphoid
PD_03_PD_08,-0.0453794898312724,RAJI,lymphoid
PD_03_PD_09,-0.0031474480931326,RAJI,lymphoid
PD_03_PD_10,-0.0205687659767784,RAJI,lymphoid
PD_03_PD_11,-0.0266448462227995,RAJI,lymphoid
PD_03_PD_12,-0.0074890638005667,RAJI,lymphoid
PD_03_PD_15,-0.0002302623100773,RAJI,lymphoid
PD_06_PD_08,0.0010152706471737,RAJI,lymphoid
PD_06_PD_10,-0.4444110715991819,RAJI,lymphoid
PD_06_PD_14,-0.0691875378914121,RAJI,lymphoid
PD_07_PD_08,-0.0029622612773061,RAJI,lymphoid
PD_07_PD_10,-0.0100770454852116,RAJI,lymphoid
PD_08_PD_10,-0.2751277307405437,RAJI,lymphoid
PD_08_PD_12,-0.0520932982024366,RAJI,lymphoid
PD_08_PD_14,-0.1211398808840686,RAJI,lymphoid
PD_08_PD_15,-0.0002455221449442,RAJI,lymphoid
PD_10_PD_12,-0.0040253703887581,RAJI,lymphoid
PD_10_PD_13,0.0062142745306962,RAJI,lymphoid
PD_10_PD_15,-0.0007695366700771,RAJI,lymphoid
PD_01_PD_02,-0.0042197626085886,RAMOS2G64C10,lymphoid
PD_01_PD_03,-0.0086878862227768,RAMOS2G64C10,lymphoid
PD_01_PD_08,-0.0374601940025105,RAMOS2G64C10,lymphoid
PD_01_PD_10,-0.0098364108917604,RAMOS2G64C10,lymphoid
PD_03_PD_05,-6.768175242477524e-09,RAMOS2G64C10,lymphoid
PD_03_PD_06,-0.022957521377409,RAMOS2G64C10,lymphoid
PD_03_PD_07,-1.9366147574473302e-09,RAMOS2G64C10,lymphoid
PD_03_PD_08,-0.0230799829848694,RAMOS2G64C10,lymphoid
PD_03_PD_09,-3.55580345390294e-07,RAMOS2G64C10,lymphoid
PD_03_PD_10,-2.250390258584645e-07,RAMOS2G64C10,lymphoid
PD_03_PD_11,-2.250850903440238e-07,RAMOS2G64C10,lymphoid
PD_03_PD_12,-2.3003821070233244e-13,RAMOS2G64C10,lymphoid
PD_03_PD_15,-8.475775636895833e-12,RAMOS2G64C10,lymphoid
PD_06_PD_08,0.003296686295042,RAMOS2G64C10,lymphoid
PD_06_PD_10,-0.5080823613010655,RAMOS2G64C10,lymphoid
PD_06_PD_14,-0.0136966256856706,RAMOS2G64C10,lymphoid
PD_07_PD_08,-0.0066378265274648,RAMOS2G64C10,lymphoid
PD_07_PD_10,-1.5203118763906787e-09,RAMOS2G64C10,lymphoid
PD_08_PD_10,-0.2989615155606342,RAMOS2G64C10,lymphoid
PD_08_PD_12,-0.0001237476126986,RAMOS2G64C10,lymphoid
PD_08_PD_14,-0.0138203732983692,RAMOS2G64C10,lymphoid
PD_08_PD_15,-0.0004057215935638,RAMOS2G64C10,lymphoid
PD_10_PD_12,-1.010296346581896e-07,RAMOS2G64C10,lymphoid
PD_10_PD_13,4.606870440682087e-11,RAMOS2G64C10,lymphoid
PD_10_PD_15,-3.3994140835602587e-11,RAMOS2G64C10,lymphoid
PD_01_PD_02,-0.0046460920207729,RCK8,lymphoid
PD_01_PD_03,-0.0087918581342495,RCK8,lymphoid
PD_01_PD_08,-0.1710882969405676,RCK8,lymphoid
PD_01_PD_10,-0.0113746796600786,RCK8,lymphoid
PD_03_PD_05,-3.544445337233526e-08,RCK8,lymphoid
PD_03_PD_06,-0.1205401919504588,RCK8,lymphoid
PD_03_PD_07,-4.394959396414322e-09,RCK8,lymphoid
PD_03_PD_08,-0.1205401919504588,RCK8,lymphoid
PD_03_PD_09,-3.544443893943594e-08,RCK8,lymphoid
PD_03_PD_10,-9.035993073780446e-07,RCK8,lymphoid
PD_03_PD_11,-9.040084798517256e-07,RCK8,lymphoid
PD_03_PD_12,0.0,RCK8,lymphoid
PD_03_PD_15,-5.987221829428789e-11,RCK8,lymphoid
PD_06_PD_08,0.0379093224633021,RCK8,lymphoid
PD_06_PD_10,-0.5056240000359584,RCK8,lymphoid
PD_06_PD_14,-0.0726146355950484,RCK8,lymphoid
PD_07_PD_08,-0.0288041290432921,RCK8,lymphoid
PD_07_PD_10,-6.440430522225426e-09,RCK8,lymphoid
PD_08_PD_10,-0.4482055878319942,RCK8,lymphoid
PD_08_PD_12,0.0,RCK8,lymphoid
PD_08_PD_14,-0.0726146355950484,RCK8,lymphoid
PD_08_PD_15,-0.0031183276319471,RCK8,lymphoid
PD_10_PD_12,-4.46193473280232e-08,RCK8,lymphoid
PD_10_PD_13,4.0917669252849004e-10,RCK8,lymphoid
PD_10_PD_15,-2.1166302044406396e-10,RCK8,lymphoid
PD_01_PD_02,-0.0047742872282622,REH,lymphoid
PD_01_PD_03,-0.0094280435837277,REH,lymphoid
PD_01_PD_08,-0.0344020503382035,REH,lymphoid
PD_01_PD_10,-0.0101548231594438,REH,lymphoid
PD_03_PD_05,-3.7121689056007763e-09,REH,lymphoid
PD_03_PD_06,-0.022071764893557,REH,lymphoid
PD_03_PD_07,-7.658929046527874e-10,REH,lymphoid
PD_03_PD_08,-0.022158611615198,REH,lymphoid
PD_03_PD_09,-1.8593978545755618e-07,REH,lymphoid
PD_03_PD_10,-1.3005333221460802e-07,REH,lymphoid
PD_03_PD_11,-1.3006979304730493e-07,REH,lymphoid
PD_03_PD_12,-5.850875339774575e-14,REH,lymphoid
PD_03_PD_15,-3.584355035002318e-12,REH,lymphoid
PD_06_PD_08,0.0027946573874418,REH,lymphoid
PD_06_PD_10,-0.5003606278669349,REH,lymphoid
PD_06_PD_14,-0.0127096456048813,REH,lymphoid
PD_07_PD_08,-0.006187040998002,REH,lymphoid
PD_07_PD_10,-6.010786313126458e-10,REH,lymphoid
PD_08_PD_10,-0.2969752047454816,REH,lymphoid
PD_08_PD_12,-8.756618552219209e-05,REH,lymphoid
PD_08_PD_14,-0.0127972117904034,REH,lymphoid
PD_08_PD_15,-0.0003643379958457,REH,lymphoid
PD_10_PD_12,-4.9631524112747634e-08,REH,lymphoid
PD_10_PD_13,1.6462387009141818e-11,REH,lymphoid
PD_10_PD_15,-1.2853162978387898e-11,REH,lymphoid
PD_01_PD_02,-0.0043796902207251,RF48,lymphoid
PD_01_PD_03,-0.0086031428279761,RF48,lymphoid
PD_01_PD_08,-0.2116759728531074,RF48,lymphoid
PD_01_PD_10,-0.0100550907719844,RF48,lymphoid
PD_03_PD_05,-2.4065824555385973e-08,RF48,lymphoid
PD_03_PD_06,-0.1631881493133656,RF48,lymphoid
PD_03_PD_07,-2.8320887857091744e-09,RF48,lymphoid
PD_03_PD_08,-0.1631881493133656,RF48,lymphoid
PD_03_PD_09,-0.097614475356619,RF48,lymphoid
PD_03_PD_10,-5.134183123089997e-07,RF48,lymphoid
PD_03_PD_11,-5.136133793826048e-07,RF48,lymphoid
PD_03_PD_12,0.0,RF48,lymphoid
PD_03_PD_15,-3.4277025662277077e-11,RF48,lymphoid
PD_06_PD_08,0.0830535807151913,RF48,lymphoid
PD_06_PD_10,-0.4904198959299908,RF48,lymphoid
PD_06_PD_14,-0.1204561788629756,RF48,lymphoid
PD_07_PD_08,-0.0754864990828769,RF48,lymphoid
PD_07_PD_10,-3.444688201348356e-09,RF48,lymphoid
PD_08_PD_10,-0.3947459429391474,RF48,lymphoid
PD_08_PD_12,0.0,RF48,lymphoid
PD_08_PD_14,-0.1204561788629756,RF48,lymphoid
PD_08_PD_15,-0.010310446971209,RF48,lymphoid
PD_10_PD_12,-2.48266562863364e-08,RF48,lymphoid
PD_10_PD_13,1.9506940507341144e-10,RF48,lymphoid
PD_10_PD_15,-1.0533451888505851e-10,RF48,lymphoid
PD_01_PD_02,-0.0043804772218585,RPMI6666,lymphoid
PD_01_PD_03,-0.0086211698836304,RPMI6666,lymphoid
PD_01_PD_08,-0.1671870378269538,RPMI6666,lymphoid
PD_01_PD_10,-0.0100898667803156,RPMI6666,lymphoid
PD_03_PD_05,-2.4162150724649223e-08,RPMI6666,lymphoid
PD_03_PD_06,-0.1380881985015194,RPMI6666,lymphoid
PD_03_PD_07,-2.833953072212125e-09,RPMI6666,lymphoid
PD_03_PD_08,-0.1380881985015194,RPMI6666,lymphoid
PD_03_PD_09,-0.0976144754336758,RPMI6666,lymphoid
PD_03_PD_10,-5.199651611498268e-07,RPMI6666,lymphoid
PD_03_PD_11,-5.201602397697513e-07,RPMI6666,lymphoid
PD_03_PD_12,0.0,RPMI6666,lymphoid
PD_03_PD_15,-3.432854001061969e-11,RPMI6666,lymphoid
PD_06_PD_08,0.0799695429776533,RPMI6666,lymphoid
PD_06_PD_10,-0.4957821112022696,RPMI6666,lymphoid
PD_06_PD_14,-0.1092337366334588,RPMI6666,lymphoid
PD_07_PD_08,-0.0752708555622053,RPMI6666,lymphoid
PD_07_PD_10,-3.44630468607221e-09,RPMI6666,lymphoid
PD_08_PD_10,-0.3985026660176639,RPMI6666,lymphoid
PD_08_PD_12,0.0,RPMI6666,lymphoid
PD_08_PD_14,-0.1092337366334588,RPMI6666,lymphoid
PD_08_PD_15,-0.0098841824644397,RPMI6666,lymphoid
PD_10_PD_12,-2.4723189384623367e-08,RPMI6666,lymphoid
PD_10_PD_13,1.9508095139286752e-10,RPMI6666,lymphoid
PD_10_PD_15,-1.0535183836424268e-10,RPMI6666,lymphoid
PD_01_PD_02,-0.0025441533389553,RPMI8226,lymphoid
PD_01_PD_03,-0.005057977649481,RPMI8226,lymphoid
PD_01_PD_08,-0.0105510931649293,RPMI8226,lymphoid
PD_01_PD_10,-0.0079211079063463,RPMI8226,lymphoid
PD_03_PD_05,-2.0441881520838479e-10,RPMI8226,lymphoid
PD_03_PD_06,-0.0372036476595539,RPMI8226,lymphoid
PD_03_PD_07,-5.907574429642182e-11,RPMI8226,lymphoid
PD_03_PD_08,-4.294052111997182e-06,RPMI8226,lymphoid
PD_03_PD_09,-2.0441859316377983e-10,RPMI8226,lymphoid
PD_03_PD_10,-1.883279343584121e-08,RPMI8226,lymphoid
PD_03_PD_11,-1.8836937121236023e-08,RPMI8226,lymphoid
PD_03_PD_12,-6.746272429580812e-10,RPMI8226,lymphoid
PD_03_PD_15,-7.112088695748753e-13,RPMI8226,lymphoid
PD_06_PD_08,4.1374792481008165e-11,RPMI8226,lymphoid
PD_06_PD_10,-0.5283723833836107,RPMI8226,lymphoid
PD_06_PD_14,-0.0211216934174494,RPMI8226,lymphoid
PD_07_PD_08,-1.621016210151538e-09,RPMI8226,lymphoid
PD_07_PD_10,-5.2713389209202426e-11,RPMI8226,lymphoid
PD_08_PD_10,-0.00989028976295,RPMI8226,lymphoid
PD_08_PD_12,-0.0100256610184533,RPMI8226,lymphoid
PD_08_PD_14,-0.0311473544358121,RPMI8226,lymphoid
PD_08_PD_15,-4.079914184274003e-11,RPMI8226,lymphoid
PD_10_PD_12,-1.476621047658e-09,RPMI8226,lymphoid
PD_10_PD_13,4.14490664013556e-12,RPMI8226,lymphoid
PD_10_PD_15,-3.0905278336490487e-12,RPMI8226,lymphoid
PD_01_PD_08,-0.0498512922094895,RPMI8402,lymphoid
PD_01_PD_10,-0.0022227022422433,RPMI8402,lymphoid
PD_06_PD_08,1.4080706872698912e-06,RPMI8402,lymphoid
PD_06_PD_10,-0.4402823079537144,RPMI8402,lymphoid
PD_06_PD_14,-0.0392970820510766,RPMI8402,lymphoid
PD_07_PD_08,-3.802570922517568e-05,RPMI8402,lymphoid
PD_07_PD_10,-1.2856826714369164e-11,RPMI8402,lymphoid
PD_08_PD_10,-0.0046115301380522,RPMI8402,lymphoid
PD_08_PD_12,-0.1063676399285015,RPMI8402,lymphoid
PD_08_PD_14,-0.1456235971501329,RPMI8402,lymphoid
PD_08_PD_15,-3.0968489012073164e-06,RPMI8402,lymphoid
PD_10_PD_12,-7.888134589961737e-12,RPMI8402,lymphoid
PD_10_PD_13,7.438494264988549e-15,RPMI8402,lymphoid
PD_10_PD_15,-6.772360450213455e-15,RPMI8402,lymphoid
PD_01_PD_02,-0.0046460920207729,RPMI8866,lymphoid
PD_01_PD_03,-0.0087918581342495,RPMI8866,lymphoid
PD_01_PD_08,-0.1710882969405676,RPMI8866,lymphoid
PD_01_PD_10,-0.0113746796600786,RPMI8866,lymphoid
PD_03_PD_05,-3.544445337233526e-08,RPMI8866,lymphoid
PD_03_PD_06,-0.1205401919504588,RPMI8866,lymphoid
PD_03_PD_07,-4.394959396414322e-09,RPMI8866,lymphoid
PD_03_PD_08,-0.1205401919504588,RPMI8866,lymphoid
PD_03_PD_09,-3.544443893943594e-08,RPMI8866,lymphoid
PD_03_PD_10,-9.035993073780446e-07,RPMI8866,lymphoid
PD_03_PD_11,-9.040084798517256e-07,RPMI8866,lymphoid
PD_03_PD_12,0.0,RPMI8866,lymphoid
PD_03_PD_15,-5.987221829428789e-11,RPMI8866,lymphoid
PD_06_PD_08,0.0379093224633021,RPMI8866,lymphoid
PD_06_PD_10,-0.5056240000359584,RPMI8866,lymphoid
PD_06_PD_14,-0.0726146355950484,RPMI8866,lymphoid
PD_07_PD_08,-0.0288041290432921,RPMI8866,lymphoid
PD_07_PD_10,-6.440430522225426e-09,RPMI8866,lymphoid
PD_08_PD_10,-0.4482055878319942,RPMI8866,lymphoid
PD_08_PD_12,0.0,RPMI8866,lymphoid
PD_08_PD_14,-0.0726146355950484,RPMI8866,lymphoid
PD_08_PD_15,-0.0031183276319471,RPMI8866,lymphoid
PD_10_PD_12,-4.46193473280232e-08,RPMI8866,lymphoid
PD_10_PD_13,4.0917669252849004e-10,RPMI8866,lymphoid
PD_10_PD_15,-2.1166302044406396e-10,RPMI8866,lymphoid
PD_01_PD_02,-0.0077404045705469,RS411,lymphoid
PD_01_PD_03,-0.0144859222894602,RS411,lymphoid
PD_01_PD_08,-0.0737862397424935,RS411,lymphoid
PD_01_PD_10,-0.004324758770227,RS411,lymphoid
PD_03_PD_05,-1.9923435123914143e-08,RS411,lymphoid
PD_03_PD_06,-0.0487145324469839,RS411,lymphoid
PD_03_PD_07,-3.843342311071751e-10,RS411,lymphoid
PD_03_PD_08,-0.0804460549221783,RS411,lymphoid
PD_03_PD_09,-0.0977016804028029,RS411,lymphoid
PD_03_PD_10,-7.713630872929755e-07,RS411,lymphoid
PD_03_PD_11,-7.717672948492904e-07,RS411,lymphoid
PD_03_PD_12,0.0,RS411,lymphoid
PD_03_PD_15,-2.6773472328045497e-11,RS411,lymphoid
PD_06_PD_08,0.0546637507194663,RS411,lymphoid
PD_06_PD_10,-0.4459617914833336,RS411,lymphoid
PD_06_PD_14,-0.0712782846668355,RS411,lymphoid
PD_07_PD_08,-0.0664874621788711,RS411,lymphoid
PD_07_PD_10,-6.346396408396515e-09,RS411,lymphoid
PD_08_PD_10,-0.2863765982994131,RS411,lymphoid
PD_08_PD_12,-0.0317315224761932,RS411,lymphoid
PD_08_PD_14,-0.1030098071429381,RS411,lymphoid
PD_08_PD_15,-0.0076180547721048,RS411,lymphoid
PD_10_PD_12,-1.9709093468378572e-08,RS411,lymphoid
PD_10_PD_13,4.042080004040826e-10,RS411,lymphoid
PD_10_PD_15,-2.0830759339673927e-10,RS411,lymphoid
PD_01_PD_02,-0.0070247057291886,SCC3,lymphoid
PD_01_PD_03,-0.0133234829701324,SCC3,lymphoid
PD_01_PD_08,-0.0866638905084956,SCC3,lymphoid
PD_01_PD_10,-0.0106502439188198,SCC3,lymphoid
PD_03_PD_05,-1.2596959031441202e-08,SCC3,lymphoid
PD_03_PD_06,-0.0856739094680528,SCC3,lymphoid
PD_03_PD_07,-2.449538349935665e-10,SCC3,lymphoid
PD_03_PD_08,-0.0856739094680528,SCC3,lymphoid
PD_03_PD_09,-1.2596949261478585e-08,SCC3,lymphoid
PD_03_PD_10,-1.734768440564416e-06,SCC3,lymphoid
PD_03_PD_11,-1.7353222651061984e-06,SCC3,lymphoid
PD_03_PD_12,0.0,SCC3,lymphoid
PD_03_PD_15,-1.7115975303738648e-11,SCC3,lymphoid
PD_06_PD_08,0.020639580754726,SCC3,lymphoid
PD_06_PD_10,-0.5138427262999866,SCC3,lymphoid
PD_06_PD_14,-0.0459410378820749,SCC3,lymphoid
PD_07_PD_08,-0.0410674564379172,SCC3,lymphoid
PD_07_PD_10,-7.268842305840906e-09,SCC3,lymphoid
PD_08_PD_10,-0.4687165502134498,SCC3,lymphoid
PD_08_PD_12,0.0,SCC3,lymphoid
PD_08_PD_14,-0.0459410378820749,SCC3,lymphoid
PD_08_PD_15,-0.0017385906056182,SCC3,lymphoid
PD_10_PD_12,-3.0896388780732316e-08,SCC3,lymphoid
PD_10_PD_13,5.524591895067488e-10,SCC3,lymphoid
PD_10_PD_15,-2.926328068753037e-10,SCC3,lymphoid
PD_01_PD_02,-0.0042197626085886,SKMM2,lymphoid
PD_01_PD_03,-0.0086878862227768,SKMM2,lymphoid
PD_01_PD_08,-0.0374601940025105,SKMM2,lymphoid
PD_01_PD_10,-0.0098364108917604,SKMM2,lymphoid
PD_03_PD_05,-6.768175242477524e-09,SKMM2,lymphoid
PD_03_PD_06,-0.022957521377409,SKMM2,lymphoid
PD_03_PD_07,-1.9366147574473302e-09,SKMM2,lymphoid
PD_03_PD_08,-0.0230799829848694,SKMM2,lymphoid
PD_03_PD_09,-3.55580345390294e-07,SKMM2,lymphoid
PD_03_PD_10,-2.250390258584645e-07,SKMM2,lymphoid
PD_03_PD_11,-2.250850903440238e-07,SKMM2,lymphoid
PD_03_PD_12,-2.3003821070233244e-13,SKMM2,lymphoid
PD_03_PD_15,-8.475775636895833e-12,SKMM2,lymphoid
PD_06_PD_08,0.003296686295042,SKMM2,lymphoid
PD_06_PD_10,-0.5080823613010655,SKMM2,lymphoid
PD_06_PD_14,-0.0136966256856706,SKMM2,lymphoid
PD_07_PD_08,-0.0066378265274648,SKMM2,lymphoid
PD_07_PD_10,-1.5203118763906787e-09,SKMM2,lymphoid
PD_08_PD_10,-0.2989615155606342,SKMM2,lymphoid
PD_08_PD_12,-0.0001237476126986,SKMM2,lymphoid
PD_08_PD_14,-0.0138203732983692,SKMM2,lymphoid
PD_08_PD_15,-0.0004057215935638,SKMM2,lymphoid
PD_10_PD_12,-1.010296346581896e-07,SKMM2,lymphoid
PD_10_PD_13,4.606870440682087e-11,SKMM2,lymphoid
PD_10_PD_15,-3.3994140835602587e-11,SKMM2,lymphoid
PD_01_PD_02,-0.0042197626085886,SLVL,lymphoid
PD_01_PD_03,-0.0086878862227768,SLVL,lymphoid
PD_01_PD_08,-0.0374601940025105,SLVL,lymphoid
PD_01_PD_10,-0.0098364108917604,SLVL,lymphoid
PD_03_PD_05,-6.768175242477524e-09,SLVL,lymphoid
PD_03_PD_06,-0.022957521377409,SLVL,lymphoid
PD_03_PD_07,-1.9366147574473302e-09,SLVL,lymphoid
PD_03_PD_08,-0.0230799829848694,SLVL,lymphoid
PD_03_PD_09,-3.55580345390294e-07,SLVL,lymphoid
PD_03_PD_10,-2.250390258584645e-07,SLVL,lymphoid
PD_03_PD_11,-2.250850903440238e-07,SLVL,lymphoid
PD_03_PD_12,-2.3003821070233244e-13,SLVL,lymphoid
PD_03_PD_15,-8.475775636895833e-12,SLVL,lymphoid
PD_06_PD_08,0.003296686295042,SLVL,lymphoid
PD_06_PD_10,-0.5080823613010655,SLVL,lymphoid
PD_06_PD_14,-0.0136966256856706,SLVL,lymphoid
PD_07_PD_08,-0.0066378265274648,SLVL,lymphoid
PD_07_PD_10,-1.5203118763906787e-09,SLVL,lymphoid
PD_08_PD_10,-0.2989615155606342,SLVL,lymphoid
PD_08_PD_12,-0.0001237476126986,SLVL,lymphoid
PD_08_PD_14,-0.0138203732983692,SLVL,lymphoid
PD_08_PD_15,-0.0004057215935638,SLVL,lymphoid
PD_10_PD_12,-1.010296346581896e-07,SLVL,lymphoid
PD_10_PD_13,4.606870440682087e-11,SLVL,lymphoid
PD_10_PD_15,-3.3994140835602587e-11,SLVL,lymphoid
PD_01_PD_02,-0.0082790034620356,SR,lymphoid
PD_01_PD_03,-0.0153541107658987,SR,lymphoid
PD_01_PD_08,-0.0576010710351511,SR,lymphoid
PD_01_PD_10,-0.0044957097227219,SR,lymphoid
PD_03_PD_05,-2.593190540078893e-08,SR,lymphoid
PD_03_PD_06,-0.038293410651743,SR,lymphoid
PD_03_PD_07,-5.297232652523576e-10,SR,lymphoid
PD_03_PD_08,-0.1191249549633725,SR,lymphoid
PD_03_PD_09,-4.974800926760282e-08,SR,lymphoid
PD_03_PD_10,-9.364224157204504e-07,SR,lymphoid
PD_03_PD_11,-9.36972065379571e-07,SR,lymphoid
PD_03_PD_12,0.0,SR,lymphoid
PD_03_PD_15,-3.772449019834312e-11,SR,lymphoid
PD_06_PD_08,0.0211009662509178,SR,lymphoid
PD_06_PD_10,-0.4287063451579687,SR,lymphoid
PD_06_PD_14,-0.0678311197842376,SR,lymphoid
PD_07_PD_08,-0.0407358280626714,SR,lymphoid
PD_07_PD_10,-8.227435732699462e-09,SR,lymphoid
PD_08_PD_10,-0.1849649100969802,SR,lymphoid
PD_08_PD_12,-0.0808315443152833,SR,lymphoid
PD_08_PD_14,-0.1486626640991413,SR,lymphoid
PD_08_PD_15,-0.0017385094572349,SR,lymphoid
PD_10_PD_12,-2.5152221083679652e-08,SR,lymphoid
PD_10_PD_13,5.496511024105644e-10,SR,lymphoid
PD_10_PD_15,-2.7784152756282765e-10,SR,lymphoid
PD_01_PD_08,-0.0184062368999827,ST486,lymphoid
PD_01_PD_10,-0.0010289410837523,ST486,lymphoid
PD_06_PD_08,2.8272377883276082e-08,ST486,lymphoid
PD_06_PD_10,-0.5172269990775398,ST486,lymphoid
PD_06_PD_14,-0.0158872320798261,ST486,lymphoid
PD_07_PD_08,-2.2383143853943466e-06,ST486,lymphoid
PD_07_PD_10,-9.132028466751764e-12,ST486,lymphoid
PD_08_PD_10,-0.0019842256256817,ST486,lymphoid
PD_08_PD_12,-0.0011965707130989,ST486,lymphoid
PD_08_PD_14,-0.0170838027921064,ST486,lymphoid
PD_08_PD_15,-9.982626947291352e-08,ST486,lymphoid
PD_10_PD_12,1.1868284133242926e-13,ST486,lymphoid
PD_10_PD_13,1.1868284133242926e-13,ST486,lymphoid
PD_10_PD_15,-1.4888090760223352e-13,ST486,lymphoid
PD_01_PD_08,-0.0498512922094895,SUDHL10,lymphoid
PD_01_PD_10,-0.0022227022422433,SUDHL10,lymphoid
PD_06_PD_08,1.4080706872698912e-06,SUDHL10,lymphoid
PD_06_PD_10,-0.4402823079537144,SUDHL10,lymphoid
PD_06_PD_14,-0.0392970820510766,SUDHL10,lymphoid
PD_07_PD_08,-3.802570922517568e-05,SUDHL10,lymphoid
PD_07_PD_10,-1.2856826714369164e-11,SUDHL10,lymphoid
PD_08_PD_10,-0.0046115301380522,SUDHL10,lymphoid
PD_08_PD_12,-0.1063676399285015,SUDHL10,lymphoid
PD_08_PD_14,-0.1456235971501329,SUDHL10,lymphoid
PD_08_PD_15,-3.0968489012073164e-06,SUDHL10,lymphoid
PD_10_PD_12,-7.888134589961737e-12,SUDHL10,lymphoid
PD_10_PD_13,7.438494264988549e-15,SUDHL10,lymphoid
PD_10_PD_15,-6.772360450213455e-15,SUDHL10,lymphoid
PD_01_PD_02,-0.0024951296915686,SUDHL5,lymphoid
PD_01_PD_03,-0.0049108376063233,SUDHL5,lymphoid
PD_01_PD_08,-0.148348570792724,SUDHL5,lymphoid
PD_01_PD_10,-0.003611651211854,SUDHL5,lymphoid
PD_03_PD_05,-5.644571920981889e-09,SUDHL5,lymphoid
PD_03_PD_06,-0.1435298100474085,SUDHL5,lymphoid
PD_03_PD_07,-1.8179235894422163e-10,SUDHL5,lymphoid
PD_03_PD_08,-0.1435298100474085,SUDHL5,lymphoid
PD_03_PD_09,-5.6445715879149824e-09,SUDHL5,lymphoid
PD_03_PD_10,-1.1958660393052156e-06,SUDHL5,lymphoid
PD_03_PD_11,-1.1960960659695985e-06,SUDHL5,lymphoid
PD_03_PD_12,0.0,SUDHL5,lymphoid
PD_03_PD_15,-5.320743845516063e-12,SUDHL5,lymphoid
PD_06_PD_08,0.0292395022023629,SUDHL5,lymphoid
PD_06_PD_10,-0.4890654921406418,SUDHL5,lymphoid
PD_06_PD_14,-0.0863135560918957,SUDHL5,lymphoid
PD_07_PD_08,-0.0402089655595327,SUDHL5,lymphoid
PD_07_PD_10,-4.97135910215718e-09,SUDHL5,lymphoid
PD_08_PD_10,-0.456603973081754,SUDHL5,lymphoid
PD_08_PD_12,0.0,SUDHL5,lymphoid
PD_08_PD_14,-0.0863135560918957,SUDHL5,lymphoid
PD_08_PD_15,-0.0032362407276543,SUDHL5,lymphoid
PD_10_PD_12,0.0,SUDHL5,lymphoid
PD_10_PD_13,2.3002666438287636e-10,SUDHL5,lymphoid
PD_10_PD_15,-1.2149625749913184e-10,SUDHL5,lymphoid
PD_01_PD_02,-0.0002190460121449,SUDHL6,lymphoid
PD_01_PD_03,-0.0008610792437302,SUDHL6,lymphoid
PD_01_PD_08,-0.0132468312861114,SUDHL6,lymphoid
PD_01_PD_10,-0.0037450915310137,SUDHL6,lymphoid
PD_03_PD_05,-8.26003432319311e-08,SUDHL6,lymphoid
PD_03_PD_06,-0.0017559598764139,SUDHL6,lymphoid
PD_03_PD_07,-7.414169045372176e-08,SUDHL6,lymphoid
PD_03_PD_08,-0.0018370642582454,SUDHL6,lymphoid
PD_03_PD_09,-5.234110595053743e-06,SUDHL6,lymphoid
PD_03_PD_10,-2.7784777080208656e-06,SUDHL6,lymphoid
PD_03_PD_11,-2.7795166044342068e-06,SUDHL6,lymphoid
PD_03_PD_12,0.0,SUDHL6,lymphoid
PD_03_PD_15,-1.899962409623868e-10,SUDHL6,lymphoid
PD_06_PD_08,7.86747813563693e-08,SUDHL6,lymphoid
PD_06_PD_10,-0.5083319016172418,SUDHL6,lymphoid
PD_06_PD_14,-0.0040104425092086,SUDHL6,lymphoid
PD_07_PD_08,-3.6198045099133935e-06,SUDHL6,lymphoid
PD_07_PD_10,-2.4070750836990843e-08,SUDHL6,lymphoid
PD_08_PD_10,-0.1131911901853484,SUDHL6,lymphoid
PD_08_PD_12,-0.0001336535055093,SUDHL6,lymphoid
PD_08_PD_14,-0.0041440960147056,SUDHL6,lymphoid
PD_08_PD_15,-6.768374005705624e-08,SUDHL6,lymphoid
PD_10_PD_12,-7.22624195148569e-07,SUDHL6,lymphoid
PD_10_PD_13,1.0389150650880195e-09,SUDHL6,lymphoid
PD_10_PD_15,-6.51211529145712e-10,SUDHL6,lymphoid
PD_01_PD_02,-0.0023856833648613,SUDHL8,lymphoid
PD_01_PD_03,-0.0057677380939731,SUDHL8,lymphoid
PD_01_PD_08,-0.0348228687259601,SUDHL8,lymphoid
PD_01_PD_10,-0.0042533550989648,SUDHL8,lymphoid
PD_03_PD_05,-1.040416189090898e-06,SUDHL8,lymphoid
PD_03_PD_06,-0.0177345159048986,SUDHL8,lymphoid
PD_03_PD_07,-1.1577143776975165e-07,SUDHL8,lymphoid
PD_03_PD_08,-0.0177345159048986,SUDHL8,lymphoid
PD_03_PD_09,-1.0404151353782254e-06,SUDHL8,lymphoid
PD_03_PD_10,-1.2442325994621584e-05,SUDHL8,lymphoid
PD_03_PD_11,-1.244767172547956e-05,SUDHL8,lymphoid
PD_03_PD_12,0.0,SUDHL8,lymphoid
PD_03_PD_15,-7.484296626891762e-09,SUDHL8,lymphoid
PD_06_PD_08,0.00150704848052,SUDHL8,lymphoid
PD_06_PD_10,-0.5467360155282758,SUDHL8,lymphoid
PD_06_PD_14,-0.0088525119661178,SUDHL8,lymphoid
PD_07_PD_08,-0.0026721907614345,SUDHL8,lymphoid
PD_07_PD_10,-9.115326371489375e-08,SUDHL8,lymphoid
PD_08_PD_10,-0.4663629382032963,SUDHL8,lymphoid
PD_08_PD_12,0.0,SUDHL8,lymphoid
PD_08_PD_14,-0.0088525119661178,SUDHL8,lymphoid
PD_08_PD_15,-0.0002361128279857,SUDHL8,lymphoid
PD_10_PD_12,-6.102119920470273e-10,SUDHL8,lymphoid
PD_10_PD_13,5.351377674323032e-09,SUDHL8,lymphoid
PD_10_PD_15,-3.746896459766447e-09,SUDHL8,lymphoid
PD_01_PD_02,-0.0077404045705469,SUPB15,lymphoid
PD_01_PD_03,-0.0144859222894602,SUPB15,lymphoid
PD_01_PD_08,-0.0737862397424935,SUPB15,lymphoid
PD_01_PD_10,-0.004324758770227,SUPB15,lymphoid
PD_03_PD_05,-1.9923435123914143e-08,SUPB15,lymphoid
PD_03_PD_06,-0.0487145324469839,SUPB15,lymphoid
PD_03_PD_07,-3.843342311071751e-10,SUPB15,lymphoid
PD_03_PD_08,-0.0804460549221783,SUPB15,lymphoid
PD_03_PD_09,-0.0977016804028029,SUPB15,lymphoid
PD_03_PD_10,-7.713630872929755e-07,SUPB15,lymphoid
PD_03_PD_11,-7.717672948492904e-07,SUPB15,lymphoid
PD_03_PD_12,0.0,SUPB15,lymphoid
PD_03_PD_15,-2.6773472328045497e-11,SUPB15,lymphoid
PD_06_PD_08,0.0546637507194663,SUPB15,lymphoid
PD_06_PD_10,-0.4459617914833336,SUPB15,lymphoid
PD_06_PD_14,-0.0712782846668355,SUPB15,lymphoid
PD_07_PD_08,-0.0664874621788711,SUPB15,lymphoid
PD_07_PD_10,-6.346396408396515e-09,SUPB15,lymphoid
PD_08_PD_10,-0.2863765982994131,SUPB15,lymphoid
PD_08_PD_12,-0.0317315224761932,SUPB15,lymphoid
PD_08_PD_14,-0.1030098071429381,SUPB15,lymphoid
PD_08_PD_15,-0.0076180547721048,SUPB15,lymphoid
PD_10_PD_12,-1.9709093468378572e-08,SUPB15,lymphoid
PD_10_PD_13,4.042080004040826e-10,SUPB15,lymphoid
PD_10_PD_15,-2.0830759339673927e-10,SUPB15,lymphoid
PD_01_PD_02,-0.0017454285423452,SUPHD1,lymphoid
PD_01_PD_03,-0.0036644714437346,SUPHD1,lymphoid
PD_01_PD_08,-0.1681858286026597,SUPHD1,lymphoid
PD_01_PD_10,-0.0039091854340476,SUPHD1,lymphoid
PD_03_PD_05,-1.3565549128458088e-08,SUPHD1,lymphoid
PD_03_PD_06,-0.1615006299765559,SUPHD1,lymphoid
PD_03_PD_07,-1.2017536066277756e-07,SUPHD1,lymphoid
PD_03_PD_08,-0.2101823124810452,SUPHD1,lymphoid
PD_03_PD_09,-6.184965465050318e-05,SUPHD1,lymphoid
PD_03_PD_10,-1.4988834007301222e-06,SUPHD1,lymphoid
PD_03_PD_11,-1.4988953715988629e-06,SUPHD1,lymphoid
PD_03_PD_12,2.220446049250313e-16,SUPHD1,lymphoid
PD_03_PD_15,-1.5340839709665488e-11,SUPHD1,lymphoid
PD_06_PD_08,0.1546150750055808,SUPHD1,lymphoid
PD_06_PD_10,-0.426340973057442,SUPHD1,lymphoid
PD_06_PD_14,-0.0707685550771618,SUPHD1,lymphoid
PD_07_PD_08,-0.0090008366138342,SUPHD1,lymphoid
PD_07_PD_10,-1.2115242176147234e-07,SUPHD1,lymphoid
PD_08_PD_10,-0.1291520634400272,SUPHD1,lymphoid
PD_08_PD_12,-0.0486816825054599,SUPHD1,lymphoid
PD_08_PD_14,-0.1194502371684272,SUPHD1,lymphoid
PD_08_PD_15,-0.0037063787037496,SUPHD1,lymphoid
PD_10_PD_12,-2.813138610946453e-11,SUPHD1,lymphoid
PD_10_PD_13,1.1969425450786275e-11,SUPHD1,lymphoid
PD_10_PD_15,-7.157274772850997e-12,SUPHD1,lymphoid
PD_01_PD_02,-0.0055970612735465,SUPM2,lymphoid
PD_01_PD_03,-0.010565027206663,SUPM2,lymphoid
PD_01_PD_08,-0.1675531085035256,SUPM2,lymphoid
PD_01_PD_10,-0.0117192143261538,SUPM2,lymphoid
PD_03_PD_05,-2.3928128256578415e-08,SUPM2,lymphoid
PD_03_PD_06,-0.1346044616129017,SUPM2,lymphoid
PD_03_PD_07,-3.461658848458171e-09,SUPM2,lymphoid
PD_03_PD_08,-0.1498700950097027,SUPM2,lymphoid
PD_03_PD_09,-2.7055716000923272e-08,SUPM2,lymphoid
PD_03_PD_10,-6.260626115306422e-07,SUPM2,lymphoid
PD_03_PD_11,-6.263683257623498e-07,SUPM2,lymphoid
PD_03_PD_12,0.0,SUPM2,lymphoid
PD_03_PD_15,-1.1761913665253587e-10,SUPM2,lymphoid
PD_06_PD_08,0.0494362744841639,SUPM2,lymphoid
PD_06_PD_10,-0.4204721182752963,SUPM2,lymphoid
PD_06_PD_14,-0.1009393290208999,SUPM2,lymphoid
PD_07_PD_08,-0.0495966244808246,SUPM2,lymphoid
PD_07_PD_10,-5.099930033836131e-09,SUPM2,lymphoid
PD_08_PD_10,-0.3456894319356944,SUPM2,lymphoid
PD_08_PD_12,-0.0152656333976156,SUPM2,lymphoid
PD_08_PD_14,-0.1162049624184783,SUPM2,lymphoid
PD_08_PD_15,-0.0080349008239256,SUPM2,lymphoid
PD_10_PD_12,-2.413902411291246e-09,SUPM2,lymphoid
PD_10_PD_13,3.057171182874185e-10,SUPM2,lymphoid
PD_10_PD_15,-3.942618453933733e-10,SUPM2,lymphoid
PD_01_PD_02,-0.0046692073337697,SUPT1,lymphoid
PD_01_PD_03,-0.0100423731124914,SUPT1,lymphoid
PD_01_PD_08,-0.0527898422001669,SUPT1,lymphoid
PD_01_PD_10,-0.0074000781394721,SUPT1,lymphoid
PD_03_PD_05,-1.0581250320385036e-09,SUPT1,lymphoid
PD_03_PD_06,-0.0312828394892034,SUPT1,lymphoid
PD_03_PD_07,-8.416989327741929e-11,SUPT1,lymphoid
PD_03_PD_08,-0.0314568929162953,SUPT1,lymphoid
PD_03_PD_09,-5.843504502500708e-08,SUPT1,lymphoid
PD_03_PD_10,-5.347230097596523e-07,SUPT1,lymphoid
PD_03_PD_11,-5.347695934965202e-07,SUPT1,lymphoid
PD_03_PD_12,0.0,SUPT1,lymphoid
PD_03_PD_15,-4.732880753977042e-13,SUPT1,lymphoid
PD_06_PD_08,0.0043542424348906,SUPT1,lymphoid
PD_06_PD_10,-0.5339329575289975,SUPT1,lymphoid
PD_06_PD_14,-0.0189381649356242,SUPT1,lymphoid
PD_07_PD_08,-0.007530417655879,SUPT1,lymphoid
PD_07_PD_10,-1.1315953729607031e-09,SUPT1,lymphoid
PD_08_PD_10,-0.376251653503445,SUPT1,lymphoid
PD_08_PD_12,-0.000174053427092,SUPT1,lymphoid
PD_08_PD_14,-0.0191122183627163,SUPT1,lymphoid
PD_08_PD_15,-0.0005311300305461,SUPT1,lymphoid
PD_10_PD_12,-3.3306690738754696e-16,SUPT1,lymphoid
PD_10_PD_13,4.658373686794448e-11,SUPT1,lymphoid
PD_10_PD_15,-4.3286374484807766e-11,SUPT1,lymphoid
PD_01_PD_02,-0.0002201507571135,TK,lymphoid
PD_01_PD_03,-0.000867319321625,TK,lymphoid
PD_01_PD_08,-0.0132162468196767,TK,lymphoid
PD_01_PD_10,-0.0011707636709782,TK,lymphoid
PD_03_PD_05,-3.3747302952136244e-08,TK,lymphoid
PD_03_PD_06,-0.0012343546920215,TK,lymphoid
PD_03_PD_07,-3.611615340126661e-09,TK,lymphoid
PD_03_PD_08,-0.0013154590738689,TK,lymphoid
PD_03_PD_09,-5.209743068945727e-06,TK,lymphoid
PD_03_PD_10,-4.620490670070865e-07,TK,lymphoid
PD_03_PD_11,-4.620632562124527e-07,TK,lymphoid
PD_03_PD_12,-2.220446049250313e-16,TK,lymphoid
PD_03_PD_15,-6.798772655969286e-11,TK,lymphoid
PD_06_PD_08,5.944834491344864e-08,TK,lymphoid
PD_06_PD_10,-0.5116160680441351,TK,lymphoid
PD_06_PD_14,-0.0039957249811315,TK,lymphoid
PD_07_PD_08,-1.1553692378374336e-06,TK,lymphoid
PD_07_PD_10,-6.704187205386346e-10,TK,lymphoid
PD_08_PD_10,-0.0675935697951697,TK,lymphoid
PD_08_PD_12,-0.0001336535055094,TK,lymphoid
PD_08_PD_14,-0.0041293784866286,TK,lymphoid
PD_08_PD_15,-5.362108468354165e-08,TK,lymphoid
PD_10_PD_12,-2.4586604430165693e-07,TK,lymphoid
PD_10_PD_13,1.4190648656153826e-11,TK,lymphoid
PD_10_PD_15,-1.4712675522332574e-11,TK,lymphoid
PD_01_PD_08,-0.0498512922094895,TUR,lymphoid
PD_01_PD_10,-0.0022227022422433,TUR,lymphoid
PD_06_PD_08,1.4080706872698912e-06,TUR,lymphoid
PD_06_PD_10,-0.4402823079537144,TUR,lymphoid
PD_06_PD_14,-0.0392970820510766,TUR,lymphoid
PD_07_PD_08,-3.802570922517568e-05,TUR,lymphoid
PD_07_PD_10,-1.2856826714369164e-11,TUR,lymphoid
PD_08_PD_10,-0.0046115301380522,TUR,lymphoid
PD_08_PD_12,-0.1063676399285015,TUR,lymphoid
PD_08_PD_14,-0.1456235971501329,TUR,lymphoid
PD_08_PD_15,-3.0968489012073164e-06,TUR,lymphoid
PD_10_PD_12,-7.888134589961737e-12,TUR,lymphoid
PD_10_PD_13,7.438494264988549e-15,TUR,lymphoid
PD_10_PD_15,-6.772360450213455e-15,TUR,lymphoid
PD_01_PD_02,-0.0042045506553565,U266,lymphoid
PD_01_PD_03,-0.008272784482151,U266,lymphoid
PD_01_PD_08,-0.0314613891071978,U266,lymphoid
PD_01_PD_10,-0.0097234220605136,U266,lymphoid
PD_03_PD_05,-6.017372489175443e-09,U266,lymphoid
PD_03_PD_06,-0.0287145820135912,U266,lymphoid
PD_03_PD_07,-1.6955864490242332e-09,U266,lymphoid
PD_03_PD_08,-0.0287135228196681,U266,lymphoid
PD_03_PD_09,-6.017372267130838e-09,U266,lymphoid
PD_03_PD_10,-4.520871289548367e-07,U266,lymphoid
PD_03_PD_11,-4.5213957677869843e-07,U266,lymphoid
PD_03_PD_12,-1.971756091734278e-13,U266,lymphoid
PD_03_PD_15,-7.392086942559217e-12,U266,lymphoid
PD_06_PD_08,0.0036882127157611,U266,lymphoid
PD_06_PD_10,-0.5247452349306012,U266,lymphoid
PD_06_PD_14,-0.0158232630157717,U266,lymphoid
PD_07_PD_08,-0.0083301260258182,U266,lymphoid
PD_07_PD_10,-1.7556615050651203e-09,U266,lymphoid
PD_08_PD_10,-0.3940660866856431,U266,lymphoid
PD_08_PD_12,-2.1649348980190556e-14,U266,lymphoid
PD_08_PD_14,-0.0158232630157934,U266,lymphoid
PD_08_PD_15,-0.0004882621728637,U266,lymphoid
PD_10_PD_12,-1.0471635780717749e-07,U266,lymphoid
PD_10_PD_13,5.2452486798415514e-11,U266,lymphoid
PD_10_PD_15,-4.00297572866748e-11,U266,lymphoid
PD_01_PD_08,-0.0184062368999827,U698M,lymphoid
PD_01_PD_10,-0.0010289410837523,U698M,lymphoid
PD_06_PD_08,2.8272377883276082e-08,U698M,lymphoid
PD_06_PD_10,-0.5172269990775398,U698M,lymphoid
PD_06_PD_14,-0.0158872320798261,U698M,lymphoid
PD_07_PD_08,-2.2383143853943466e-06,U698M,lymphoid
PD_07_PD_10,-9.132028466751764e-12,U698M,lymphoid
PD_08_PD_10,-0.0019842256256817,U698M,lymphoid
PD_08_PD_12,-0.0011965707130989,U698M,lymphoid
PD_08_PD_14,-0.0170838027921064,U698M,lymphoid
PD_08_PD_15,-9.982626947291352e-08,U698M,lymphoid
PD_10_PD_12,1.1868284133242926e-13,U698M,lymphoid
PD_10_PD_13,1.1868284133242926e-13,U698M,lymphoid
PD_10_PD_15,-1.4888090760223352e-13,U698M,lymphoid
PD_01_PD_08,-0.1704219037512461,VAL,lymphoid
PD_01_PD_10,-0.0517972628542151,VAL,lymphoid
PD_06_PD_08,0.0056746417126621,VAL,lymphoid
PD_06_PD_10,-0.1079615609179812,VAL,lymphoid
PD_06_PD_14,-0.0335276268269574,VAL,lymphoid
PD_07_PD_08,-0.0121470562470562,VAL,lymphoid
PD_07_PD_10,-7.61869122909431e-05,VAL,lymphoid
PD_08_PD_10,-0.103548771978599,VAL,lymphoid
PD_08_PD_12,-0.413556982828647,VAL,lymphoid
PD_08_PD_14,-0.4460177749215597,VAL,lymphoid
PD_08_PD_15,-0.0038478805849542,VAL,lymphoid
PD_10_PD_12,-0.000570758417617,VAL,lymphoid
PD_10_PD_13,2.9446884498685044e-05,VAL,lymphoid
PD_10_PD_15,-9.247031482861878e-06,VAL,lymphoid
PD_01_PD_02,-0.0052945988315455,WIL2NS,lymphoid
PD_01_PD_03,-0.0105623004172347,WIL2NS,lymphoid
PD_01_PD_08,-0.0378815729547853,WIL2NS,lymphoid
PD_01_PD_10,-0.0121315306387445,WIL2NS,lymphoid
PD_03_PD_05,-3.302299322882618e-09,WIL2NS,lymphoid
PD_03_PD_06,-0.0193847471697223,WIL2NS,lymphoid
PD_03_PD_07,-6.807955310605961e-10,WIL2NS,lymphoid
PD_03_PD_08,-0.0193866675700793,WIL2NS,lymphoid
PD_03_PD_09,-1.4918011270736997e-08,WIL2NS,lymphoid
PD_03_PD_10,-1.3010797494938944e-07,WIL2NS,lymphoid
PD_03_PD_11,-1.3012443578208632e-07,WIL2NS,lymphoid
PD_03_PD_12,-5.206945985491984e-14,WIL2NS,lymphoid
PD_03_PD_15,-3.1864511029766618e-12,WIL2NS,lymphoid
PD_06_PD_08,0.0027948956394823,WIL2NS,lymphoid
PD_06_PD_10,-0.5088684335681448,WIL2NS,lymphoid
PD_06_PD_14,-0.0110509979556659,WIL2NS,lymphoid
PD_07_PD_08,-0.0061870409330124,WIL2NS,lymphoid
PD_07_PD_10,-6.010767439335041e-10,WIL2NS,lymphoid
PD_08_PD_10,-0.3507788865429975,WIL2NS,lymphoid
PD_08_PD_12,-2.5599238068219066e-06,WIL2NS,lymphoid
PD_08_PD_14,-0.0110535578794728,WIL2NS,lymphoid
PD_08_PD_15,-0.0003643379958461,WIL2NS,lymphoid
PD_10_PD_12,-4.9645116684260415e-08,WIL2NS,lymphoid
PD_10_PD_13,1.6462387009141818e-11,WIL2NS,lymphoid
PD_10_PD_15,-1.2853385022992823e-11,WIL2NS,lymphoid
PD_01_PD_02,-0.0042197626085886,WSUDLCL2,lymphoid
PD_01_PD_03,-0.0086878862227768,WSUDLCL2,lymphoid
PD_01_PD_08,-0.0374601940025105,WSUDLCL2,lymphoid
PD_01_PD_10,-0.0098364108917604,WSUDLCL2,lymphoid
PD_03_PD_05,-6.768175242477524e-09,WSUDLCL2,lymphoid
PD_03_PD_06,-0.022957521377409,WSUDLCL2,lymphoid
PD_03_PD_07,-1.9366147574473302e-09,WSUDLCL2,lymphoid
PD_03_PD_08,-0.0230799829848694,WSUDLCL2,lymphoid
PD_03_PD_09,-3.55580345390294e-07,WSUDLCL2,lymphoid
PD_03_PD_10,-2.250390258584645e-07,WSUDLCL2,lymphoid
PD_03_PD_11,-2.250850903440238e-07,WSUDLCL2,lymphoid
PD_03_PD_12,-2.3003821070233244e-13,WSUDLCL2,lymphoid
PD_03_PD_15,-8.475775636895833e-12,WSUDLCL2,lymphoid
PD_06_PD_08,0.003296686295042,WSUDLCL2,lymphoid
PD_06_PD_10,-0.5080823613010655,WSUDLCL2,lymphoid
PD_06_PD_14,-0.0136966256856706,WSUDLCL2,lymphoid
PD_07_PD_08,-0.0066378265274648,WSUDLCL2,lymphoid
PD_07_PD_10,-1.5203118763906787e-09,WSUDLCL2,lymphoid
PD_08_PD_10,-0.2989615155606342,WSUDLCL2,lymphoid
PD_08_PD_12,-0.0001237476126986,WSUDLCL2,lymphoid
PD_08_PD_14,-0.0138203732983692,WSUDLCL2,lymphoid
PD_08_PD_15,-0.0004057215935638,WSUDLCL2,lymphoid
PD_10_PD_12,-1.010296346581896e-07,WSUDLCL2,lymphoid
PD_10_PD_13,4.606870440682087e-11,WSUDLCL2,lymphoid
PD_10_PD_15,-3.3994140835602587e-11,WSUDLCL2,lymphoid
PD_01_PD_02,-0.0047742872282622,WSUNHL,lymphoid
PD_01_PD_03,-0.0094280435837277,WSUNHL,lymphoid
PD_01_PD_08,-0.0344020503382035,WSUNHL,lymphoid
PD_01_PD_10,-0.0101548231594438,WSUNHL,lymphoid
PD_03_PD_05,-3.7121689056007763e-09,WSUNHL,lymphoid
PD_03_PD_06,-0.022071764893557,WSUNHL,lymphoid
PD_03_PD_07,-7.658929046527874e-10,WSUNHL,lymphoid
PD_03_PD_08,-0.022158611615198,WSUNHL,lymphoid
PD_03_PD_09,-1.8593978545755618e-07,WSUNHL,lymphoid
PD_03_PD_10,-1.3005333221460802e-07,WSUNHL,lymphoid
PD_03_PD_11,-1.3006979304730493e-07,WSUNHL,lymphoid
PD_03_PD_12,-5.850875339774575e-14,WSUNHL,lymphoid
PD_03_PD_15,-3.584355035002318e-12,WSUNHL,lymphoid
PD_06_PD_08,0.0027946573874418,WSUNHL,lymphoid
PD_06_PD_10,-0.5003606278669349,WSUNHL,lymphoid
PD_06_PD_14,-0.0127096456048813,WSUNHL,lymphoid
PD_07_PD_08,-0.006187040998002,WSUNHL,lymphoid
PD_07_PD_10,-6.010786313126458e-10,WSUNHL,lymphoid
PD_08_PD_10,-0.2969752047454816,WSUNHL,lymphoid
PD_08_PD_12,-8.756618552219209e-05,WSUNHL,lymphoid
PD_08_PD_14,-0.0127972117904034,WSUNHL,lymphoid
PD_08_PD_15,-0.0003643379958457,WSUNHL,lymphoid
PD_10_PD_12,-4.9631524112747634e-08,WSUNHL,lymphoid
PD_10_PD_13,1.6462387009141818e-11,WSUNHL,lymphoid
PD_10_PD_15,-1.2853162978387898e-11,WSUNHL,lymphoid
PD_01_PD_02,-0.0043804772218585,YT,lymphoid
PD_01_PD_03,-0.0086211698836304,YT,lymphoid
PD_01_PD_08,-0.166977817255124,YT,lymphoid
PD_01_PD_10,-0.0100898667803156,YT,lymphoid
PD_03_PD_05,-2.4162150724649223e-08,YT,lymphoid
PD_03_PD_06,-0.1379518604150225,YT,lymphoid
PD_03_PD_07,-2.833953072212125e-09,YT,lymphoid
PD_03_PD_08,-0.1379518604150225,YT,lymphoid
PD_03_PD_09,-0.0976144754336758,YT,lymphoid
PD_03_PD_10,-5.199651611498268e-07,YT,lymphoid
PD_03_PD_11,-5.201602397697513e-07,YT,lymphoid
PD_03_PD_12,0.0,YT,lymphoid
PD_03_PD_15,-3.432854001061969e-11,YT,lymphoid
PD_06_PD_08,0.0799695421121334,YT,lymphoid
PD_06_PD_10,-0.4832001274653994,YT,lymphoid
PD_06_PD_14,-0.1092306750542907,YT,lymphoid
PD_07_PD_08,-0.0752708170926964,YT,lymphoid
PD_07_PD_10,-3.44630468607221e-09,YT,lymphoid
PD_08_PD_10,-0.3985026670671669,YT,lymphoid
PD_08_PD_12,0.0,YT,lymphoid
PD_08_PD_14,-0.1092306750542907,YT,lymphoid
PD_08_PD_15,-0.0098841814937482,YT,lymphoid
PD_10_PD_12,-2.4723189384623367e-08,YT,lymphoid
PD_10_PD_13,1.9508095139286752e-10,YT,lymphoid
PD_10_PD_15,-1.0535183836424268e-10,YT,lymphoid
PD_01_PD_02,-0.0065978946101249,A2780,ovary
PD_01_PD_03,-0.0135763098750326,A2780,ovary
PD_01_PD_08,-0.0417958957708156,A2780,ovary
PD_01_PD_10,-0.0094015004272932,A2780,ovary
PD_03_PD_05,-4.660071151185719e-08,A2780,ovary
PD_03_PD_06,-0.0808631982109658,A2780,ovary
PD_03_PD_07,-1.293683382641575e-09,A2780,ovary
PD_03_PD_08,-0.0601059171574817,A2780,ovary
PD_03_PD_09,-6.569007815482308e-08,A2780,ovary
PD_03_PD_10,-2.172951596435269e-07,A2780,ovary
PD_03_PD_11,-2.173095382529411e-07,A2780,ovary
PD_03_PD_12,-2.4797941478027496e-12,A2780,ovary
PD_03_PD_15,-9.268441569787456e-11,A2780,ovary
PD_06_PD_08,0.0521182660664509,A2780,ovary
PD_06_PD_10,-0.4429246028966401,A2780,ovary
PD_06_PD_14,-0.0488112251648865,A2780,ovary
PD_07_PD_08,-0.0405367342478951,A2780,ovary
PD_07_PD_10,-5.531043401063583e-10,A2780,ovary
PD_08_PD_10,-0.2201618167387626,A2780,ovary
PD_08_PD_12,-0.0204732737199465,A2780,ovary
PD_08_PD_14,-0.0689380709707845,A2780,ovary
PD_08_PD_15,-0.0019629556932043,A2780,ovary
PD_10_PD_12,-2.553578237751708e-09,A2780,ovary
PD_10_PD_13,1.4389600622166654e-11,A2780,ovary
PD_10_PD_15,-1.2322032283407223e-11,A2780,ovary
PD_01_PD_02,-0.0039378924889714,CAOV4,ovary
PD_01_PD_03,-0.0084148105660529,CAOV4,ovary
PD_01_PD_08,-0.0392030329852171,CAOV4,ovary
PD_01_PD_10,-0.0101155627716147,CAOV4,ovary
PD_03_PD_05,-6.113867412338436e-09,CAOV4,ovary
PD_03_PD_06,-0.0203411052157417,CAOV4,ovary
PD_03_PD_07,-1.7217838266248007e-09,CAOV4,ovary
PD_03_PD_08,-0.0203442235771951,CAOV4,ovary
PD_03_PD_09,-3.126405312414704e-08,CAOV4,ovary
PD_03_PD_10,-3.157879938653352e-07,CAOV4,ovary
PD_03_PD_11,-3.1583538140367295e-07,CAOV4,ovary
PD_03_PD_12,-2.0450308113595386e-13,CAOV4,ovary
PD_03_PD_15,-7.563949466771192e-12,CAOV4,ovary
PD_06_PD_08,0.0032970847389436,CAOV4,ovary
PD_06_PD_10,-0.5084986617068908,CAOV4,ovary
PD_06_PD_14,-0.011712332747083,CAOV4,ovary
PD_07_PD_08,-0.0066378695555228,CAOV4,ovary
PD_07_PD_10,-1.567766028109929e-09,CAOV4,ovary
PD_08_PD_10,-0.3501842764449232,CAOV4,ovary
PD_08_PD_12,-4.261477219880128e-06,CAOV4,ovary
PD_08_PD_14,-0.0117165942243029,CAOV4,ovary
PD_08_PD_15,-0.0004057243171461,CAOV4,ovary
PD_10_PD_12,-1.010296346581896e-07,CAOV4,ovary
PD_10_PD_13,4.739175718526667e-11,CAOV4,ovary
PD_10_PD_15,-3.5511482643357795e-11,CAOV4,ovary
PD_01_PD_02,-0.0082068116541859,DOV13,ovary
PD_01_PD_03,-0.0153556363923589,DOV13,ovary
PD_01_PD_08,-0.0811513348557551,DOV13,ovary
PD_01_PD_10,-0.0052200663457547,DOV13,ovary
PD_03_PD_05,-2.223248485311302e-08,DOV13,ovary
PD_03_PD_06,-0.0579348423145684,DOV13,ovary
PD_03_PD_07,-4.5405190718383887e-10,DOV13,ovary
PD_03_PD_08,-0.1080545866663065,DOV13,ovary
PD_03_PD_09,-6.006194741559057e-07,DOV13,ovary
PD_03_PD_10,-9.36432137943477e-07,DOV13,ovary
PD_03_PD_11,-9.369817876025976e-07,DOV13,ovary
PD_03_PD_12,0.0,DOV13,ovary
PD_03_PD_15,-3.233591172602246e-11,DOV13,ovary
PD_06_PD_08,0.0218969498944239,DOV13,ovary
PD_06_PD_10,-0.4654732618310502,DOV13,ovary
PD_06_PD_14,-0.0616985674132661,DOV13,ovary
PD_07_PD_08,-0.0408768968296184,DOV13,ovary
PD_07_PD_10,-8.227436287810974e-09,DOV13,ovary
PD_08_PD_10,-0.2529802442579462,DOV13,ovary
PD_08_PD_12,-0.0501197443536799,DOV13,ovary
PD_08_PD_14,-0.1118183117667083,DOV13,ovary
PD_08_PD_15,-0.0017611947460046,DOV13,ovary
PD_10_PD_12,-2.515222141674656e-08,DOV13,ovary
PD_10_PD_13,5.496511024105644e-10,DOV13,ovary
PD_10_PD_15,-2.7784152756282765e-10,DOV13,ovary
PD_01_PD_02,-0.0005376852860041,EFO21,ovary
PD_01_PD_03,-0.0017061543882568,EFO21,ovary
PD_01_PD_08,-0.0137236530830447,EFO21,ovary
PD_01_PD_10,-0.0011777627068916,EFO21,ovary
PD_03_PD_05,-3.375106316649834e-08,EFO21,ovary
PD_03_PD_06,-0.0011899624451741,EFO21,ovary
PD_03_PD_07,-3.611608789810816e-09,EFO21,ovary
PD_03_PD_08,-0.0013236159337361,EFO21,ovary
PD_03_PD_09,-5.209744948886375e-06,EFO21,ovary
PD_03_PD_10,-4.620481034445234e-07,EFO21,ovary
PD_03_PD_11,-4.6206229264988963e-07,EFO21,ovary
PD_03_PD_12,0.0,EFO21,ovary
PD_03_PD_15,-6.798828167120519e-11,EFO21,ovary
PD_06_PD_08,5.9449008493750455e-08,EFO21,ovary
PD_06_PD_10,-0.5272551101615156,EFO21,ovary
PD_06_PD_14,-0.0039954906458179,EFO21,ovary
PD_07_PD_08,-1.1553900989280663e-06,EFO21,ovary
PD_07_PD_10,-6.704133914681164e-10,EFO21,ovary
PD_08_PD_10,-0.0784149934500267,EFO21,ovary
PD_08_PD_12,-0.0001336534885678,EFO21,ovary
PD_08_PD_14,-0.0041291441343734,EFO21,ovary
PD_08_PD_15,-5.3622071893855157e-08,EFO21,ovary
PD_10_PD_12,-2.458669237093148e-07,EFO21,ovary
PD_10_PD_13,1.4190648656153826e-11,EFO21,ovary
PD_10_PD_15,-1.4712675522332574e-11,EFO21,ovary
PD_01_PD_02,-0.0068629577881561,ES2,ovary
PD_01_PD_03,-0.0129282856530942,ES2,ovary
PD_01_PD_08,-0.0833140632666238,ES2,ovary
PD_01_PD_10,-0.0132880519705537,ES2,ovary
PD_03_PD_05,-9.597278866069203e-07,ES2,ovary
PD_03_PD_06,-0.0348339469188729,ES2,ovary
PD_03_PD_07,-1.0538456007846977e-07,ES2,ovary
PD_03_PD_08,-0.0348391598610879,ES2,ovary
PD_03_PD_09,-9.597270000938352e-07,ES2,ovary
PD_03_PD_10,-1.1665676194705377e-05,ES2,ovary
PD_03_PD_11,-1.1670436406152618e-05,ES2,ovary
PD_03_PD_12,0.0,ES2,ovary
PD_03_PD_15,-6.740098590363175e-09,ES2,ovary
PD_06_PD_08,0.0044748643447728,ES2,ovary
PD_06_PD_10,-0.5399081169282651,ES2,ovary
PD_06_PD_14,-0.0197292622678871,ES2,ovary
PD_07_PD_08,-0.0026296805908467,ES2,ovary
PD_07_PD_10,-8.283563557309749e-08,ES2,ovary
PD_08_PD_10,-0.4683490627618007,ES2,ovary
PD_08_PD_12,-3.43954095649579e-07,ES2,ovary
PD_08_PD_14,-0.0197249660301018,ES2,ovary
PD_08_PD_15,-0.0006043457557035,ES2,ovary
PD_10_PD_12,-6.429112797690094e-10,ES2,ovary
PD_10_PD_13,4.765015271246398e-09,ES2,ovary
PD_10_PD_15,-3.365000167399046e-09,ES2,ovary
PD_01_PD_02,-0.0052945988315455,FUOV1,ovary
PD_01_PD_03,-0.0105623004172347,FUOV1,ovary
PD_01_PD_08,-0.0378815729547853,FUOV1,ovary
PD_01_PD_10,-0.0121315306387445,FUOV1,ovary
PD_03_PD_05,-3.302299322882618e-09,FUOV1,ovary
PD_03_PD_06,-0.0193847471697223,FUOV1,ovary
PD_03_PD_07,-6.807955310605961e-10,FUOV1,ovary
PD_03_PD_08,-0.0193866675700793,FUOV1,ovary
PD_03_PD_09,-1.4918011270736997e-08,FUOV1,ovary
PD_03_PD_10,-1.3010797494938944e-07,FUOV1,ovary
PD_03_PD_11,-1.3012443578208632e-07,FUOV1,ovary
PD_03_PD_12,-5.206945985491984e-14,FUOV1,ovary
PD_03_PD_15,-3.1864511029766618e-12,FUOV1,ovary
PD_06_PD_08,0.0027948956394823,FUOV1,ovary
PD_06_PD_10,-0.5088684335681448,FUOV1,ovary
PD_06_PD_14,-0.0110509979556659,FUOV1,ovary
PD_07_PD_08,-0.0061870409330124,FUOV1,ovary
PD_07_PD_10,-6.010767439335041e-10,FUOV1,ovary
PD_08_PD_10,-0.3507788865429975,FUOV1,ovary
PD_08_PD_12,-2.5599238068219066e-06,FUOV1,ovary
PD_08_PD_14,-0.0110535578794728,FUOV1,ovary
PD_08_PD_15,-0.0003643379958461,FUOV1,ovary
PD_10_PD_12,-4.9645116684260415e-08,FUOV1,ovary
PD_10_PD_13,1.6462387009141818e-11,FUOV1,ovary
PD_10_PD_15,-1.2853385022992823e-11,FUOV1,ovary
PD_01_PD_02,-0.0766609879031333,HEY,ovary
PD_01_PD_03,-0.1000150826794807,HEY,ovary
PD_01_PD_08,-0.1092858227682513,HEY,ovary
PD_01_PD_10,-0.1968705211053828,HEY,ovary
PD_03_PD_05,-0.0081013415113395,HEY,ovary
PD_03_PD_06,-0.074673080379755,HEY,ovary
PD_03_PD_07,-0.009205993364979,HEY,ovary
PD_03_PD_08,-0.0648194985991121,HEY,ovary
PD_03_PD_09,-0.007660365432073,HEY,ovary
PD_03_PD_10,-0.0247555637570774,HEY,ovary
PD_03_PD_11,-0.0362871082289039,HEY,ovary
PD_03_PD_12,-0.034180264235301,HEY,ovary
PD_03_PD_15,-0.0007292643808739,HEY,ovary
PD_06_PD_08,0.0034371011798971,HEY,ovary
PD_06_PD_10,-0.1318812862821013,HEY,ovary
PD_06_PD_14,-0.0412064046705999,HEY,ovary
PD_07_PD_08,-0.0108065707456117,HEY,ovary
PD_07_PD_10,-0.0118615021300714,HEY,ovary
PD_08_PD_10,-0.2868822575686099,HEY,ovary
PD_08_PD_12,-0.3627778647583372,HEY,ovary
PD_08_PD_14,-0.3957847830348395,HEY,ovary
PD_08_PD_15,-0.0009672373526318,HEY,ovary
PD_10_PD_12,-0.0156682130680019,HEY,ovary
PD_10_PD_13,0.012875357835652,HEY,ovary
PD_10_PD_15,-0.0016645149042615,HEY,ovary
PD_01_PD_02,-0.002226858980284,IGROV1,ovary
PD_01_PD_03,-0.0048412495361224,IGROV1,ovary
PD_01_PD_08,-0.0216419888345922,IGROV1,ovary
PD_01_PD_10,-0.0042253451682372,IGROV1,ovary
PD_03_PD_05,-1.114855090689204e-06,IGROV1,ovary
PD_03_PD_06,-0.0632270970302496,IGROV1,ovary
PD_03_PD_07,-1.0364086699965469e-07,IGROV1,ovary
PD_03_PD_08,-0.0182886880330395,IGROV1,ovary
PD_03_PD_09,-1.1148229160928835e-06,IGROV1,ovary
PD_03_PD_10,-3.1127730273361465e-06,IGROV1,ovary
PD_03_PD_11,-3.1159652876810995e-06,IGROV1,ovary
PD_03_PD_12,-2.431800316671229e-10,IGROV1,ovary
PD_03_PD_15,-1.0686650897540062e-08,IGROV1,ovary
PD_06_PD_08,0.0177930966293908,IGROV1,ovary
PD_06_PD_10,-0.4499643471561856,IGROV1,ovary
PD_06_PD_14,-0.0451200347849019,IGROV1,ovary
PD_07_PD_08,-0.0113849824908496,IGROV1,ovary
PD_07_PD_10,-3.300762563274162e-08,IGROV1,ovary
PD_08_PD_10,-0.2582441212312686,IGROV1,ovary
PD_08_PD_12,-0.0744713567928272,IGROV1,ovary
PD_08_PD_14,-0.1192525640708906,IGROV1,ovary
PD_08_PD_15,-0.0008031038543094,IGROV1,ovary
PD_10_PD_12,-1.993415210677085e-09,IGROV1,ovary
PD_10_PD_13,3.3150244771462667e-09,IGROV1,ovary
PD_10_PD_15,-2.0691651725357474e-09,IGROV1,ovary
PD_01_PD_02,-0.00814621722006,KGN,ovary
PD_01_PD_03,-0.0152950419582352,KGN,ovary
PD_01_PD_08,-0.1058963047138703,KGN,ovary
PD_01_PD_10,-0.0052712214491967,KGN,ovary
PD_03_PD_05,-2.223248485311302e-08,KGN,ovary
PD_03_PD_06,-0.0497993019700468,KGN,ovary
PD_03_PD_07,-4.5405190718383887e-10,KGN,ovary
PD_03_PD_08,-0.0999110370997843,KGN,ovary
PD_03_PD_09,-0.0481891511311565,KGN,ovary
PD_03_PD_10,-9.364319888405248e-07,KGN,ovary
PD_03_PD_11,-9.369816384996454e-07,KGN,ovary
PD_03_PD_12,0.0,KGN,ovary
PD_03_PD_15,-3.233591172602246e-11,KGN,ovary
PD_06_PD_08,0.0291812456102076,KGN,ovary
PD_06_PD_10,-0.4607786490342233,KGN,ovary
PD_06_PD_14,-0.0751072969915798,KGN,ovary
PD_07_PD_08,-0.043884978871358,KGN,ovary
PD_07_PD_10,-8.227435732699462e-09,KGN,ovary
PD_08_PD_10,-0.3134119104234245,KGN,ovary
PD_08_PD_12,-0.0501117351316791,KGN,ovary
PD_08_PD_14,-0.1252190321230236,KGN,ovary
PD_08_PD_15,-0.0042787270564481,KGN,ovary
PD_10_PD_12,-2.515222141674656e-08,KGN,ovary
PD_10_PD_13,5.496511024105644e-10,KGN,ovary
PD_10_PD_15,-2.7784152756282765e-10,KGN,ovary
PD_01_PD_02,-0.0772443396578196,KURAMOCHI,ovary
PD_01_PD_03,-0.1018867416856214,KURAMOCHI,ovary
PD_01_PD_08,-0.1205351182319761,KURAMOCHI,ovary
PD_01_PD_10,-0.1359398963265484,KURAMOCHI,ovary
PD_03_PD_05,-0.0021474362305358,KURAMOCHI,ovary
PD_03_PD_06,-0.1467505609030228,KURAMOCHI,ovary
PD_03_PD_07,-0.0016481366714855,KURAMOCHI,ovary
PD_03_PD_08,-0.0353690864851501,KURAMOCHI,ovary
PD_03_PD_09,-0.0021103396522461,KURAMOCHI,ovary
PD_03_PD_10,-0.0142746964978554,KURAMOCHI,ovary
PD_03_PD_11,-0.0191464762314282,KURAMOCHI,ovary
PD_03_PD_12,-0.0054764544714266,KURAMOCHI,ovary
PD_03_PD_15,-0.0001480695524321,KURAMOCHI,ovary
PD_06_PD_08,0.0011358506527067,KURAMOCHI,ovary
PD_06_PD_10,-0.4427703052395265,KURAMOCHI,ovary
PD_06_PD_14,-0.0725374348706082,KURAMOCHI,ovary
PD_07_PD_08,-0.0024620587188166,KURAMOCHI,ovary
PD_07_PD_10,-0.0079316714434074,KURAMOCHI,ovary
PD_08_PD_10,-0.2559890050171053,KURAMOCHI,ovary
PD_08_PD_12,-0.0548688389410442,KURAMOCHI,ovary
PD_08_PD_14,-0.1272558313472434,KURAMOCHI,ovary
PD_08_PD_15,-0.0002995428678518,KURAMOCHI,ovary
PD_10_PD_12,-0.0041168714839682,KURAMOCHI,ovary
PD_10_PD_13,0.0049720432255107,KURAMOCHI,ovary
PD_10_PD_15,-0.00067768308176,KURAMOCHI,ovary
PD_01_PD_02,-0.0029359786356686,OAW28,ovary
PD_01_PD_03,-0.0067263086271867,OAW28,ovary
PD_01_PD_08,-0.0218410982672784,OAW28,ovary
PD_01_PD_10,-0.0053467625588592,OAW28,ovary
PD_03_PD_05,-2.5796533215105555e-06,OAW28,ovary
PD_03_PD_06,-0.0645914831504745,OAW28,ovary
PD_03_PD_07,-1.807633350781046e-07,OAW28,ovary
PD_03_PD_08,-0.0184116785983472,OAW28,ovary
PD_03_PD_09,-2.579606412700386e-06,OAW28,ovary
PD_03_PD_10,-7.603823043211832e-06,OAW28,ovary
PD_03_PD_11,-7.609557735821504e-06,OAW28,ovary
PD_03_PD_12,-5.585322204737507e-10,OAW28,ovary
PD_03_PD_15,-2.1646766268368367e-08,OAW28,ovary
PD_06_PD_08,0.016989198915045,OAW28,ovary
PD_06_PD_10,-0.4474831418421215,OAW28,ovary
PD_06_PD_14,-0.0462276113553755,OAW28,ovary
PD_07_PD_08,-0.0115965745441904,OAW28,ovary
PD_07_PD_10,-5.460538654578073e-08,OAW28,ovary
PD_08_PD_10,-0.3048726068166593,OAW28,ovary
PD_08_PD_12,-0.0717881469116513,OAW28,ovary
PD_08_PD_14,-0.117673015849922,OAW28,ovary
PD_08_PD_15,-0.0008078312217928,OAW28,ovary
PD_10_PD_12,-3.6063403374697604e-09,OAW28,ovary
PD_10_PD_13,5.923940227248181e-09,OAW28,ovary
PD_10_PD_15,-3.9111273109071484e-09,OAW28,ovary
PD_01_PD_02,-0.0065978946101249,OAW42,ovary
PD_01_PD_03,-0.0135763098750326,OAW42,ovary
PD_01_PD_08,-0.0417958957708156,OAW42,ovary
PD_01_PD_10,-0.0094015004272932,OAW42,ovary
PD_03_PD_05,-4.660071151185719e-08,OAW42,ovary
PD_03_PD_06,-0.0808631982109658,OAW42,ovary
PD_03_PD_07,-1.293683382641575e-09,OAW42,ovary
PD_03_PD_08,-0.0601059171574817,OAW42,ovary
PD_03_PD_09,-6.569007815482308e-08,OAW42,ovary
PD_03_PD_10,-2.172951596435269e-07,OAW42,ovary
PD_03_PD_11,-2.173095382529411e-07,OAW42,ovary
PD_03_PD_12,-2.4797941478027496e-12,OAW42,ovary
PD_03_PD_15,-9.268441569787456e-11,OAW42,ovary
PD_06_PD_08,0.0521182660664509,OAW42,ovary
PD_06_PD_10,-0.4429246028966401,OAW42,ovary
PD_06_PD_14,-0.0488112251648865,OAW42,ovary
PD_07_PD_08,-0.0405367342478951,OAW42,ovary
PD_07_PD_10,-5.531043401063583e-10,OAW42,ovary
PD_08_PD_10,-0.2201618167387626,OAW42,ovary
PD_08_PD_12,-0.0204732737199465,OAW42,ovary
PD_08_PD_14,-0.0689380709707845,OAW42,ovary
PD_08_PD_15,-0.0019629556932043,OAW42,ovary
PD_10_PD_12,-2.553578237751708e-09,OAW42,ovary
PD_10_PD_13,1.4389600622166654e-11,OAW42,ovary
PD_10_PD_15,-1.2322032283407223e-11,OAW42,ovary
PD_01_PD_02,-0.0014906456375384,OC314,ovary
PD_01_PD_03,-0.0039987479680352,OC314,ovary
PD_01_PD_08,-0.0234407323383979,OC314,ovary
PD_01_PD_10,-0.0038249775916937,OC314,ovary
PD_03_PD_05,-1.0684541029704062e-09,OC314,ovary
PD_03_PD_06,-0.0211561899445626,OC314,ovary
PD_03_PD_07,-9.967904279761795e-11,OC314,ovary
PD_03_PD_08,-0.0212927401936399,OC314,ovary
PD_03_PD_09,-6.542764063866002e-08,OC314,ovary
PD_03_PD_10,-5.945817369568118e-07,OC314,ovary
PD_03_PD_11,-5.946372332310546e-07,OC314,ovary
PD_03_PD_12,-2.153832667772804e-14,OC314,ovary
PD_03_PD_15,-5.332401187274627e-13,OC314,ovary
PD_06_PD_08,0.0041374453799892,OC314,ovary
PD_06_PD_10,-0.5242523918736672,OC314,ovary
PD_06_PD_14,-0.0146900830616089,OC314,ovary
PD_07_PD_08,-0.0072638600427559,OC314,ovary
PD_07_PD_10,-1.3130362352953282e-09,OC314,ovary
PD_08_PD_10,-0.2908442814300354,OC314,ovary
PD_08_PD_12,-0.0001830841071117,OC314,ovary
PD_08_PD_14,-0.0148731671687206,OC314,ovary
PD_08_PD_15,-0.0004674553595117,OC314,ovary
PD_10_PD_12,-8.881784197001252e-16,OC314,ovary
PD_10_PD_13,5.549627424272785e-11,OC314,ovary
PD_10_PD_15,-5.1030291103870695e-11,OC314,ovary
PD_01_PD_02,-0.0030132646601651,OV56,ovary
PD_01_PD_03,-0.0068382596217873,OV56,ovary
PD_01_PD_08,-0.0567506561874946,OV56,ovary
PD_01_PD_10,-0.0066817049268936,OV56,ovary
PD_03_PD_05,-1.3316739700952596e-06,OV56,ovary
PD_03_PD_06,-0.0438969734814236,OV56,ovary
PD_03_PD_07,-2.4308793644678417e-07,OV56,ovary
PD_03_PD_08,-0.0429150064790843,OV56,ovary
PD_03_PD_09,-1.3316663743934145e-06,OV56,ovary
PD_03_PD_10,-1.3994260743110942e-05,OV56,ovary
PD_03_PD_11,-1.4009629628941587e-05,OV56,ovary
PD_03_PD_12,-1.4432899320127035e-14,OV56,ovary
PD_03_PD_15,-1.5221465088366415e-08,OV56,ovary
PD_06_PD_08,0.0124415730446315,OV56,ovary
PD_06_PD_10,-0.5285110823169603,OV56,ovary
PD_06_PD_14,-0.0249410134308699,OV56,ovary
PD_07_PD_08,-0.0157310766956385,OV56,ovary
PD_07_PD_10,-2.1765796187622757e-07,OV56,ovary
PD_08_PD_10,-0.3866552720397016,OV56,ovary
PD_08_PD_12,-7.978629391613978e-07,OV56,ovary
PD_08_PD_14,-0.0249418112938016,OV56,ovary
PD_08_PD_15,-0.0010796109405503,OV56,ovary
PD_10_PD_12,-2.4424906541753444e-13,OV56,ovary
PD_10_PD_13,1.5401787734070638e-08,OV56,ovary
PD_10_PD_15,-9.035451165040342e-09,OV56,ovary
PD_01_PD_02,-0.0025045131266261,OV90,ovary
PD_01_PD_03,-0.0060881255941221,OV90,ovary
PD_01_PD_08,-0.0328984637851043,OV90,ovary
PD_01_PD_10,-0.0040548951363144,OV90,ovary
PD_03_PD_05,-1.0404133085062384e-06,OV90,ovary
PD_03_PD_06,-0.01763238711593,OV90,ovary
PD_03_PD_07,-1.1577142899898973e-07,OV90,ovary
PD_03_PD_08,-0.01763238711593,OV90,ovary
PD_03_PD_09,-1.0404122547935657e-06,OV90,ovary
PD_03_PD_10,-1.2439996805002629e-05,OV90,ovary
PD_03_PD_11,-1.244534252309304e-05,OV90,ovary
PD_03_PD_12,0.0,OV90,ovary
PD_03_PD_15,-7.484296182802552e-09,OV90,ovary
PD_06_PD_08,0.001507046027883,OV90,ovary
PD_06_PD_10,-0.5472219985115245,OV90,ovary
PD_06_PD_14,-0.0088463203506928,OV90,ovary
PD_07_PD_08,-0.0026721656174861,OV90,ovary
PD_07_PD_10,-9.11528237335091e-08,OV90,ovary
PD_08_PD_10,-0.4616864676742197,OV90,ovary
PD_08_PD_12,0.0,OV90,ovary
PD_08_PD_14,-0.0088463203506928,OV90,ovary
PD_08_PD_15,-0.00023611071354,OV90,ovary
PD_10_PD_12,-9.95786009205801e-10,OV90,ovary
PD_10_PD_13,5.351364906758249e-09,OV90,ovary
PD_10_PD_15,-3.746876364729701e-09,OV90,ovary
PD_01_PD_02,-0.0017773192942426,OVCA420,ovary
PD_01_PD_03,-0.0090279720668816,OVCA420,ovary
PD_01_PD_08,-0.0312812707291467,OVCA420,ovary
PD_01_PD_10,-0.0044088674444612,OVCA420,ovary
PD_03_PD_05,-2.9110575616719814e-06,OVCA420,ovary
PD_03_PD_06,-0.0211335156219955,OVCA420,ovary
PD_03_PD_07,-3.827861245753184e-07,OVCA420,ovary
PD_03_PD_08,-0.0211335156219955,OVCA420,ovary
PD_03_PD_09,-2.911057221943736e-06,OVCA420,ovary
PD_03_PD_10,-2.829322455388805e-05,OVCA420,ovary
PD_03_PD_11,-2.82997629441617e-05,OVCA420,ovary
PD_03_PD_12,0.0,OVCA420,ovary
PD_03_PD_15,-2.8315751299246017e-08,OVCA420,ovary
PD_06_PD_08,0.001363817207334,OVCA420,ovary
PD_06_PD_10,-0.5432966276848364,OVCA420,ovary
PD_06_PD_14,-0.0084962321121241,OVCA420,ovary
PD_07_PD_08,-0.0025185692454067,OVCA420,ovary
PD_07_PD_10,-1.0764566304999337e-07,OVCA420,ovary
PD_08_PD_10,-0.4649328704578763,OVCA420,ovary
PD_08_PD_12,0.0,OVCA420,ovary
PD_08_PD_14,-0.0084962321121241,OVCA420,ovary
PD_08_PD_15,-0.0001945425045415,OVCA420,ovary
PD_10_PD_12,-1.939905791559226e-09,OVCA420,ovary
PD_10_PD_13,6.548540376627443e-09,OVCA420,ovary
PD_10_PD_15,-4.095125127889787e-09,OVCA420,ovary
PD_01_PD_08,-0.0186402250239675,OVCAR3,ovary
PD_01_PD_10,-0.0010303350733829,OVCAR3,ovary
PD_06_PD_08,2.8528403750449627e-08,OVCAR3,ovary
PD_06_PD_10,-0.5211036421995912,OVCAR3,ovary
PD_06_PD_14,-0.0151277012184019,OVCAR3,ovary
PD_07_PD_08,-2.0415369306192588e-06,OVCAR3,ovary
PD_07_PD_10,-1.2976064667213905e-11,OVCAR3,ovary
PD_08_PD_10,-0.002125061932262,OVCAR3,ovary
PD_08_PD_12,-0.0011322718259864,OVCAR3,ovary
PD_08_PD_14,-0.0162599730436092,OVCAR3,ovary
PD_08_PD_15,-1.010493914099797e-07,OVCAR3,ovary
PD_10_PD_12,1.213473765915296e-13,OVCAR3,ovary
PD_10_PD_13,1.213473765915296e-13,OVCAR3,ovary
PD_10_PD_15,-1.525446435834965e-13,OVCAR3,ovary
PD_01_PD_02,-0.0024041279260477,OVCAR4,ovary
PD_01_PD_03,-0.0058671120488592,OVCAR4,ovary
PD_01_PD_08,-0.0792538687650395,OVCAR4,ovary
PD_01_PD_10,-0.0039764989364136,OVCAR4,ovary
PD_03_PD_05,-9.597269705619027e-07,OVCAR4,ovary
PD_03_PD_06,-0.0348320990511568,OVCAR4,ovary
PD_03_PD_07,-1.0538456129971509e-07,OVCAR4,ovary
PD_03_PD_08,-0.0348373119933718,OVCAR4,ovary
PD_03_PD_09,-9.597260840488175e-07,OVCAR4,ovary
PD_03_PD_10,-1.1664576190839604e-05,OVCAR4,ovary
PD_03_PD_11,-1.1669336399400264e-05,OVCAR4,ovary
PD_03_PD_12,0.0,OVCAR4,ovary
PD_03_PD_15,-6.740098590363175e-09,OVCAR4,ovary
PD_06_PD_08,0.0044748643447546,OVCAR4,ovary
PD_06_PD_10,-0.5416660605568553,OVCAR4,ovary
PD_06_PD_14,-0.0197292580569234,OVCAR4,ovary
PD_07_PD_08,-0.0026296805910783,OVCAR4,ovary
PD_07_PD_10,-8.283561125921325e-08,OVCAR4,ovary
PD_08_PD_10,-0.4657730409079906,OVCAR4,ovary
PD_08_PD_12,-3.439540955385567e-07,OVCAR4,ovary
PD_08_PD_14,-0.0197249618191381,OVCAR4,ovary
PD_08_PD_15,-0.0006043457556703,OVCAR4,ovary
PD_10_PD_12,-8.71714256334144e-10,OVCAR4,ovary
PD_10_PD_13,4.765012384666534e-09,OVCAR4,ovary
PD_10_PD_15,-3.3649975028637873e-09,OVCAR4,ovary
PD_01_PD_02,-0.091352541001777,OVCAR5,ovary
PD_01_PD_03,-0.1185313823009407,OVCAR5,ovary
PD_01_PD_08,-0.1479544122288369,OVCAR5,ovary
PD_01_PD_10,-0.1497107790259318,OVCAR5,ovary
PD_03_PD_05,-0.0045875951686678,OVCAR5,ovary
PD_03_PD_06,-0.1275998908046222,OVCAR5,ovary
PD_03_PD_07,-0.001890974418524,OVCAR5,ovary
PD_03_PD_08,-0.0575484032711444,OVCAR5,ovary
PD_03_PD_09,-0.0044101575400451,OVCAR5,ovary
PD_03_PD_10,-0.0160139004331272,OVCAR5,ovary
PD_03_PD_11,-0.0200396339576341,OVCAR5,ovary
PD_03_PD_12,-0.0067818244015749,OVCAR5,ovary
PD_03_PD_15,-0.0002906533045076,OVCAR5,ovary
PD_06_PD_08,0.0036564980109551,OVCAR5,ovary
PD_06_PD_10,-0.2994858106436433,OVCAR5,ovary
PD_06_PD_14,-0.076521492575679,OVCAR5,ovary
PD_07_PD_08,-0.0038588914649494,OVCAR5,ovary
PD_07_PD_10,-0.0030161364964349,OVCAR5,ovary
PD_08_PD_10,-0.2790796992500314,OVCAR5,ovary
PD_08_PD_12,-0.1967852467560268,OVCAR5,ovary
PD_08_PD_14,-0.2725246851038754,OVCAR5,ovary
PD_08_PD_15,-0.0007804375613292,OVCAR5,ovary
PD_10_PD_12,-0.0101117444944893,OVCAR5,ovary
PD_10_PD_13,0.0043642248684283,OVCAR5,ovary
PD_10_PD_15,-0.0005139932401191,OVCAR5,ovary
PD_01_PD_02,-0.0701206298181289,OVCAR8,ovary
PD_01_PD_03,-0.1164850210135065,OVCAR8,ovary
PD_01_PD_08,-0.116966910673013,OVCAR8,ovary
PD_01_PD_10,-0.1414433104094841,OVCAR8,ovary
PD_03_PD_05,-0.0031944782403735,OVCAR8,ovary
PD_03_PD_06,-0.1644275281745504,OVCAR8,ovary
PD_03_PD_07,-0.002425670190381,OVCAR8,ovary
PD_03_PD_08,-0.0446403037332623,OVCAR8,ovary
PD_03_PD_09,-0.0031652504276779,OVCAR8,ovary
PD_03_PD_10,-0.0187127961664016,OVCAR8,ovary
PD_03_PD_11,-0.0244411861823933,OVCAR8,ovary
PD_03_PD_12,-0.0077501909922921,OVCAR8,ovary
PD_03_PD_15,-0.0002339842839355,OVCAR8,ovary
PD_06_PD_08,0.0010081677565261,OVCAR8,ovary
PD_06_PD_10,-0.4444417835332991,OVCAR8,ovary
PD_06_PD_14,-0.0695055738915098,OVCAR8,ovary
PD_07_PD_08,-0.0022499576630273,OVCAR8,ovary
PD_07_PD_10,-0.0087831851276606,OVCAR8,ovary
PD_08_PD_10,-0.2700754063726189,OVCAR8,ovary
PD_08_PD_12,-0.0521927065001518,OVCAR8,ovary
PD_08_PD_14,-0.1215540918310742,OVCAR8,ovary
PD_08_PD_15,-0.0002432440559408,OVCAR8,ovary
PD_10_PD_12,-0.0038072290066841,OVCAR8,ovary
PD_10_PD_13,0.0058753702931104,OVCAR8,ovary
PD_10_PD_15,-0.0007392312051039,OVCAR8,ovary
PD_01_PD_02,-0.0022739058059277,OVISE,ovary
PD_01_PD_03,-0.0054141315740543,OVISE,ovary
PD_01_PD_08,-0.0318639168103396,OVISE,ovary
PD_01_PD_10,-0.0068340821683504,OVISE,ovary
PD_03_PD_05,-1.7021693055063736e-08,OVISE,ovary
PD_03_PD_06,-0.0638764194879166,OVISE,ovary
PD_03_PD_07,-9.064636818933991e-10,OVISE,ovary
PD_03_PD_08,-0.0239138817401923,OVISE,ovary
PD_03_PD_09,-4.26791678664884e-08,OVISE,ovary
PD_03_PD_10,-2.257477303979627e-06,OVISE,ovary
PD_03_PD_11,-2.2578386794647187e-06,OVISE,ovary
PD_03_PD_12,-2.876254789896393e-12,OVISE,ovary
PD_03_PD_15,-2.236100193897528e-11,OVISE,ovary
PD_06_PD_08,0.0067514832403748,OVISE,ovary
PD_06_PD_10,-0.4783340097183196,OVISE,ovary
PD_06_PD_14,-0.0390000407018191,OVISE,ovary
PD_07_PD_08,-0.0170957155003097,OVISE,ovary
PD_07_PD_10,-1.3657385222742846e-08,OVISE,ovary
PD_08_PD_10,-0.3069742115895733,OVISE,ovary
PD_08_PD_12,-0.0229276456226606,OVISE,ovary
PD_08_PD_14,-0.061631517876027,OVISE,ovary
PD_08_PD_15,-0.0006276548068534,OVISE,ovary
PD_10_PD_12,-2.94330360084416e-09,OVISE,ovary
PD_10_PD_13,3.613802590507476e-10,OVISE,ovary
PD_10_PD_15,-2.946745070175893e-10,OVISE,ovary
PD_01_PD_02,-0.0046603812581789,OVKATE,ovary
PD_01_PD_03,-0.0099941645818626,OVKATE,ovary
PD_01_PD_08,-0.0525851815860825,OVKATE,ovary
PD_01_PD_10,-0.0073148228806402,OVKATE,ovary
PD_03_PD_05,-1.05402619965389e-09,OVKATE,ovary
PD_03_PD_06,-0.0313204913813912,OVKATE,ovary
PD_03_PD_07,-8.415890206947552e-11,OVKATE,ovary
PD_03_PD_08,-0.0314508312053287,OVKATE,ovary
PD_03_PD_09,-5.8431356086963155e-08,OVKATE,ovary
PD_03_PD_10,-5.342111798478655e-07,OVKATE,ovary
PD_03_PD_11,-5.34257762696555e-07,OVKATE,ovary
PD_03_PD_12,-1.6986412276764895e-14,OVKATE,ovary
PD_03_PD_15,-4.725109192804666e-13,OVKATE,ovary
PD_06_PD_08,0.0043542424325579,OVKATE,ovary
PD_06_PD_10,-0.525619118436708,OVKATE,ovary
PD_06_PD_14,-0.018939573715365,OVKATE,ovary
PD_07_PD_08,-0.0075304176236277,OVKATE,ovary
PD_07_PD_10,-1.131557958444773e-09,OVKATE,ovary
PD_08_PD_10,-0.3220680470330338,OVKATE,ovary
PD_08_PD_12,-0.000174053642719,OVKATE,ovary
PD_08_PD_14,-0.019113627358084,OVKATE,ovary
PD_08_PD_15,-0.0005311300285528,OVKATE,ovary
PD_10_PD_12,-6.661338147750939e-16,OVKATE,ovary
PD_10_PD_13,4.658284868952478e-11,OVKATE,ovary
PD_10_PD_15,-4.3285042217178216e-11,OVKATE,ovary
PD_01_PD_02,-0.0064466213996687,OVMIU,ovary
PD_01_PD_03,-0.0134769115951757,OVMIU,ovary
PD_01_PD_08,-0.0421986314783162,OVMIU,ovary
PD_01_PD_10,-0.0112665241444988,OVMIU,ovary
PD_03_PD_05,-4.031952194338828e-08,OVMIU,ovary
PD_03_PD_06,-0.1000731665438378,OVMIU,ovary
PD_03_PD_07,-1.0514240589287738e-09,OVMIU,ovary
PD_03_PD_08,-0.0602219423670191,OVMIU,ovary
PD_03_PD_09,-5.677148440241808e-08,OVMIU,ovary
PD_03_PD_10,-1.911725830971989e-07,OVMIU,ovary
PD_03_PD_11,-1.911839965229589e-07,OVMIU,ovary
PD_03_PD_12,-1.7806867091962886e-12,OVMIU,ovary
PD_03_PD_15,-7.638822907551912e-11,OVMIU,ovary
PD_06_PD_08,0.051569028530865,OVMIU,ovary
PD_06_PD_10,-0.4438365847977046,OVMIU,ovary
PD_06_PD_14,-0.0581088610045584,OVMIU,ovary
PD_07_PD_08,-0.0407382296974192,OVMIU,ovary
PD_07_PD_10,-4.0910663745563625e-10,OVMIU,ovary
PD_08_PD_10,-0.2618693794462844,OVMIU,ovary
PD_08_PD_12,-0.0223279724796412,OVMIU,ovary
PD_08_PD_14,-0.080089675916788,OVMIU,ovary
PD_08_PD_15,-0.0019621727956438,OVMIU,ovary
PD_10_PD_12,-2.113063612974031e-09,OVMIU,ovary
PD_10_PD_13,1.1421641410436225e-11,OVMIU,ovary
PD_10_PD_15,-9.892531238619996e-12,OVMIU,ovary
PD_01_PD_02,-0.0003476644260522,OVTOKO,ovary
PD_01_PD_03,-0.0022653911666342,OVTOKO,ovary
PD_01_PD_08,-0.033607830027563,OVTOKO,ovary
PD_01_PD_10,-0.0051562072076957,OVTOKO,ovary
PD_03_PD_05,-5.72737313131455e-09,OVTOKO,ovary
PD_03_PD_06,-0.020341348830182,OVTOKO,ovary
PD_03_PD_07,-1.7210700642422692e-09,OVTOKO,ovary
PD_03_PD_08,-0.0203444671916352,OVTOKO,ovary
PD_03_PD_09,-3.091622824413776e-08,OVTOKO,ovary
PD_03_PD_10,-3.111292523616527e-07,OVTOKO,ovary
PD_03_PD_11,-3.111764080854229e-07,OVTOKO,ovary
PD_03_PD_12,-2.0450308113595386e-13,OVTOKO,ovary
PD_03_PD_15,-7.219891351439855e-12,OVTOKO,ovary
PD_06_PD_08,0.0032970847391315,OVTOKO,ovary
PD_06_PD_10,-0.515213898310545,OVTOKO,ovary
PD_06_PD_14,-0.0117123400679114,OVTOKO,ovary
PD_07_PD_08,-0.0066378695668776,OVTOKO,ovary
PD_07_PD_10,-1.567119767287295e-09,OVTOKO,ovary
PD_08_PD_10,-0.3512577664125834,OVTOKO,ovary
PD_08_PD_12,-4.261477219880128e-06,OVTOKO,ovary
PD_08_PD_14,-0.0117166015451313,OVTOKO,ovary
PD_08_PD_15,-0.0004057243174095,OVTOKO,ovary
PD_10_PD_12,-1.0230748337392016e-07,OVTOKO,ovary
PD_10_PD_13,4.715983159542248e-11,OVTOKO,ovary
PD_10_PD_15,-3.533950909684336e-11,OVTOKO,ovary
PD_01_PD_02,-0.0051444044209868,PA1,ovary
PD_01_PD_03,-0.0097431592943061,PA1,ovary
PD_01_PD_08,-0.1809204934122689,PA1,ovary
PD_01_PD_10,-0.0116101054531099,PA1,ovary
PD_03_PD_05,-4.098541217523177e-08,PA1,ovary
PD_03_PD_06,-0.1067426233605836,PA1,ovary
PD_03_PD_07,-5.130358915472755e-09,PA1,ovary
PD_03_PD_08,-0.1385207242277689,PA1,ovary
PD_03_PD_09,-3.9796534068159424e-08,PA1,ovary
PD_03_PD_10,-9.24224209719604e-07,PA1,ovary
PD_03_PD_11,-9.2465695378241e-07,PA1,ovary
PD_03_PD_12,0.0,PA1,ovary
PD_03_PD_15,-7.042799676781897e-11,PA1,ovary
PD_06_PD_08,0.0368746963746624,PA1,ovary
PD_06_PD_10,-0.4822951629894254,PA1,ovary
PD_06_PD_14,-0.0808400697412066,PA1,ovary
PD_07_PD_08,-0.0288569271174009,PA1,ovary
PD_07_PD_10,-6.749130587735408e-09,PA1,ovary
PD_08_PD_10,-0.3504625048251507,PA1,ovary
PD_08_PD_12,-0.0317781008700005,PA1,ovary
PD_08_PD_14,-0.1126181706110865,PA1,ovary
PD_08_PD_15,-0.0031289158821774,PA1,ovary
PD_10_PD_12,-4.6698590105975775e-08,PA1,ovary
PD_10_PD_13,4.3274883676502895e-10,PA1,ovary
PD_10_PD_15,-2.2305313152060077e-10,PA1,ovary
PD_01_PD_08,-0.0195304039358866,PEO1,ovary
PD_01_PD_10,-0.0010309320523939,PEO1,ovary
PD_06_PD_08,2.8359426695878653e-08,PEO1,ovary
PD_06_PD_10,-0.5257719213107214,PEO1,ovary
PD_06_PD_14,-0.0202817226317109,PEO1,ovary
PD_07_PD_08,-2.024196854577553e-06,PEO1,ovary
PD_07_PD_10,-8.795075778778028e-12,PEO1,ovary
PD_08_PD_10,-0.0018931061436194,PEO1,ovary
PD_08_PD_12,-0.0021775157749381,PEO1,ovary
PD_08_PD_14,-0.0224592384051532,PEO1,ovary
PD_08_PD_15,-1.0040591169602209e-07,PEO1,ovary
PD_10_PD_12,1.1868284133242926e-13,PEO1,ovary
PD_10_PD_13,1.1868284133242926e-13,PEO1,ovary
PD_10_PD_15,-1.4865886299730846e-13,PEO1,ovary
PD_01_PD_02,-0.0077892050587587,RMGI,ovary
PD_01_PD_03,-0.0232935830794982,RMGI,ovary
PD_01_PD_08,-0.1390654159457732,RMGI,ovary
PD_01_PD_10,-0.0075148718645353,RMGI,ovary
PD_03_PD_05,-8.002447660082623e-08,RMGI,ovary
PD_03_PD_06,-0.1106357336505833,RMGI,ovary
PD_03_PD_07,-3.390895009225403e-09,RMGI,ovary
PD_03_PD_08,-0.1106357336505833,RMGI,ovary
PD_03_PD_09,-8.002447093868882e-08,RMGI,ovary
PD_03_PD_10,-3.2606823502367988e-06,RMGI,ovary
PD_03_PD_11,-3.261586504987868e-06,RMGI,ovary
PD_03_PD_12,0.0,RMGI,ovary
PD_03_PD_15,-1.8622803299450647e-10,RMGI,ovary
PD_06_PD_08,0.0207889303738728,RMGI,ovary
PD_06_PD_10,-0.5354076074552389,RMGI,ovary
PD_06_PD_14,-0.0513543386612457,RMGI,ovary
PD_07_PD_08,-0.0400886242724338,RMGI,ovary
PD_07_PD_10,-1.1989267911793888e-08,RMGI,ovary
PD_08_PD_10,-0.4660938635410575,RMGI,ovary
PD_08_PD_12,0.0,RMGI,ovary
PD_08_PD_14,-0.0513543386612457,RMGI,ovary
PD_08_PD_15,-0.0016740353858072,RMGI,ovary
PD_10_PD_12,-1.0785049142647553e-07,RMGI,ovary
PD_10_PD_13,9.033104264588587e-10,RMGI,ovary
PD_10_PD_15,-4.276418108517532e-10,RMGI,ovary
PD_01_PD_02,-0.0022969055082254,SKOV3,ovary
PD_01_PD_03,-0.0102065147015442,SKOV3,ovary
PD_01_PD_08,-0.045128668567954,SKOV3,ovary
PD_01_PD_10,-0.0065456287963741,SKOV3,ovary
PD_03_PD_05,-6.71888629621975e-06,SKOV3,ovary
PD_03_PD_06,-0.0920405200873122,SKOV3,ovary
PD_03_PD_07,-5.746003218787266e-07,SKOV3,ovary
PD_03_PD_08,-0.0417504386557274,SKOV3,ovary
PD_03_PD_09,-6.718865151911224e-06,SKOV3,ovary
PD_03_PD_10,-1.929448063908712e-05,SKOV3,ovary
PD_03_PD_11,-1.9302225454653765e-05,SKOV3,ovary
PD_03_PD_12,-3.1623826890481155e-09,SKOV3,ovary
PD_03_PD_15,-7.470657104047262e-08,SKOV3,ovary
PD_06_PD_08,0.0200755473474424,SKOV3,ovary
PD_06_PD_10,-0.4648931596031082,SKOV3,ovary
PD_06_PD_14,-0.0584506939656539,SKOV3,ovary
PD_07_PD_08,-0.0144433778800088,SKOV3,ovary
PD_07_PD_10,-7.190429240910845e-08,SKOV3,ovary
PD_08_PD_10,-0.2404222892998132,SKOV3,ovary
PD_08_PD_12,-0.0707073313228004,SKOV3,ovary
PD_08_PD_14,-0.1288164369938569,SKOV3,ovary
PD_08_PD_15,-0.0011118493640883,SKOV3,ovary
PD_10_PD_12,-4.9402627544381525e-09,SKOV3,ovary
PD_10_PD_13,8.094371506395248e-09,SKOV3,ovary
PD_10_PD_15,-4.741279147069122e-09,SKOV3,ovary
PD_01_PD_02,-0.0039378924889714,TOV112D,ovary
PD_01_PD_03,-0.0084148105660529,TOV112D,ovary
PD_01_PD_08,-0.0392030329852171,TOV112D,ovary
PD_01_PD_10,-0.0101155627716147,TOV112D,ovary
PD_03_PD_05,-6.113867412338436e-09,TOV112D,ovary
PD_03_PD_06,-0.0203411052157417,TOV112D,ovary
PD_03_PD_07,-1.7217838266248007e-09,TOV112D,ovary
PD_03_PD_08,-0.0203442235771951,TOV112D,ovary
PD_03_PD_09,-3.126405312414704e-08,TOV112D,ovary
PD_03_PD_10,-3.157879938653352e-07,TOV112D,ovary
PD_03_PD_11,-3.1583538140367295e-07,TOV112D,ovary
PD_03_PD_12,-2.0450308113595386e-13,TOV112D,ovary
PD_03_PD_15,-7.563949466771192e-12,TOV112D,ovary
PD_06_PD_08,0.0032970847389436,TOV112D,ovary
PD_06_PD_10,-0.5084986617068908,TOV112D,ovary
PD_06_PD_14,-0.011712332747083,TOV112D,ovary
PD_07_PD_08,-0.0066378695555228,TOV112D,ovary
PD_07_PD_10,-1.567766028109929e-09,TOV112D,ovary
PD_08_PD_10,-0.3501842764449232,TOV112D,ovary
PD_08_PD_12,-4.261477219880128e-06,TOV112D,ovary
PD_08_PD_14,-0.0117165942243029,TOV112D,ovary
PD_08_PD_15,-0.0004057243171461,TOV112D,ovary
PD_10_PD_12,-1.010296346581896e-07,TOV112D,ovary
PD_10_PD_13,4.739175718526667e-11,TOV112D,ovary
PD_10_PD_15,-3.5511482643357795e-11,TOV112D,ovary
PD_01_PD_02,-0.0043676262674271,TOV21G,ovary
PD_01_PD_03,-0.0086847077023671,TOV21G,ovary
PD_01_PD_08,-0.0710805584040304,TOV21G,ovary
PD_01_PD_10,-0.0072311087973248,TOV21G,ovary
PD_03_PD_05,-1.3153399480714254e-09,TOV21G,ovary
PD_03_PD_06,-0.0782709144278899,TOV21G,ovary
PD_03_PD_07,-3.0125546501835743e-10,TOV21G,ovary
PD_03_PD_08,-0.0517039549443272,TOV21G,ovary
PD_03_PD_09,-1.3153399480714254e-09,TOV21G,ovary
PD_03_PD_10,-3.092179827746122e-07,TOV21G,ovary
PD_03_PD_11,-3.093428821987487e-07,TOV21G,ovary
PD_03_PD_12,-1.6932233393163187e-11,TOV21G,ovary
PD_03_PD_15,-1.9927393068996935e-12,TOV21G,ovary
PD_06_PD_08,0.0337411916530779,TOV21G,ovary
PD_06_PD_10,-0.4430129743135256,TOV21G,ovary
PD_06_PD_14,-0.055309285698485,TOV21G,ovary
PD_07_PD_08,-0.0225276638396403,TOV21G,ovary
PD_07_PD_10,-3.6652266777181804e-09,TOV21G,ovary
PD_08_PD_10,-0.2177780953397921,TOV21G,ovary
PD_08_PD_12,-0.0560195774104457,TOV21G,ovary
PD_08_PD_14,-0.1110456186438373,TOV21G,ovary
PD_08_PD_15,-0.0017119777061216,TOV21G,ovary
PD_10_PD_12,-1.2228007384429418e-08,TOV21G,ovary
PD_10_PD_13,1.2490009027033008e-10,TOV21G,ovary
PD_10_PD_15,-7.830003312392364e-11,TOV21G,ovary
PD_01_PD_02,-0.0052945988315455,TYKNU,ovary
PD_01_PD_03,-0.0105623004172347,TYKNU,ovary
PD_01_PD_08,-0.0378815729547853,TYKNU,ovary
PD_01_PD_10,-0.0121315306387445,TYKNU,ovary
PD_03_PD_05,-3.302299322882618e-09,TYKNU,ovary
PD_03_PD_06,-0.0193847471697223,TYKNU,ovary
PD_03_PD_07,-6.807955310605961e-10,TYKNU,ovary
PD_03_PD_08,-0.0193866675700793,TYKNU,ovary
PD_03_PD_09,-1.4918011270736997e-08,TYKNU,ovary
PD_03_PD_10,-1.3010797494938944e-07,TYKNU,ovary
PD_03_PD_11,-1.3012443578208632e-07,TYKNU,ovary
PD_03_PD_12,-5.206945985491984e-14,TYKNU,ovary
PD_03_PD_15,-3.1864511029766618e-12,TYKNU,ovary
PD_06_PD_08,0.0027948956394823,TYKNU,ovary
PD_06_PD_10,-0.5088684335681448,TYKNU,ovary
PD_06_PD_14,-0.0110509979556659,TYKNU,ovary
PD_07_PD_08,-0.0061870409330124,TYKNU,ovary
PD_07_PD_10,-6.010767439335041e-10,TYKNU,ovary
PD_08_PD_10,-0.3507788865429975,TYKNU,ovary
PD_08_PD_12,-2.5599238068219066e-06,TYKNU,ovary
PD_08_PD_14,-0.0110535578794728,TYKNU,ovary
PD_08_PD_15,-0.0003643379958461,TYKNU,ovary
PD_10_PD_12,-4.9645116684260415e-08,TYKNU,ovary
PD_10_PD_13,1.6462387009141818e-11,TYKNU,ovary
PD_10_PD_15,-1.2853385022992823e-11,TYKNU,ovary
PD_01_PD_02,-0.0023856833648613,ASPC1,pancreas
PD_01_PD_03,-0.0057677380939731,ASPC1,pancreas
PD_01_PD_08,-0.0348228687259601,ASPC1,pancreas
PD_01_PD_10,-0.0042533550989648,ASPC1,pancreas
PD_03_PD_05,-1.040416189090898e-06,ASPC1,pancreas
PD_03_PD_06,-0.0177345159048986,ASPC1,pancreas
PD_03_PD_07,-1.1577143776975165e-07,ASPC1,pancreas
PD_03_PD_08,-0.0177345159048986,ASPC1,pancreas
PD_03_PD_09,-1.0404151353782254e-06,ASPC1,pancreas
PD_03_PD_10,-1.2442325994621584e-05,ASPC1,pancreas
PD_03_PD_11,-1.244767172547956e-05,ASPC1,pancreas
PD_03_PD_12,0.0,ASPC1,pancreas
PD_03_PD_15,-7.484296626891762e-09,ASPC1,pancreas
PD_06_PD_08,0.00150704848052,ASPC1,pancreas
PD_06_PD_10,-0.5467360155282758,ASPC1,pancreas
PD_06_PD_14,-0.0088525119661178,ASPC1,pancreas
PD_07_PD_08,-0.0026721907614345,ASPC1,pancreas
PD_07_PD_10,-9.115326371489375e-08,ASPC1,pancreas
PD_08_PD_10,-0.4663629382032963,ASPC1,pancreas
PD_08_PD_12,0.0,ASPC1,pancreas
PD_08_PD_14,-0.0088525119661178,ASPC1,pancreas
PD_08_PD_15,-0.0002361128279857,ASPC1,pancreas
PD_10_PD_12,-6.102119920470273e-10,ASPC1,pancreas
PD_10_PD_13,5.351377674323032e-09,ASPC1,pancreas
PD_10_PD_15,-3.746896459766447e-09,ASPC1,pancreas
PD_01_PD_02,-0.0050739245823251,BXPC3,pancreas
PD_01_PD_03,-0.0100300215118812,BXPC3,pancreas
PD_01_PD_08,-0.0254779765331728,BXPC3,pancreas
PD_01_PD_10,-0.0109938573591416,BXPC3,pancreas
PD_03_PD_05,-1.0540286754512353e-08,BXPC3,pancreas
PD_03_PD_06,-0.0184771253356581,BXPC3,pancreas
PD_03_PD_07,-3.037943008266097e-09,BXPC3,pancreas
PD_03_PD_08,-0.0184755623698106,BXPC3,pancreas
PD_03_PD_09,-1.0540286088378537e-08,BXPC3,pancreas
PD_03_PD_10,-5.24835651050104e-07,BXPC3,pancreas
PD_03_PD_11,-5.249408902008312e-07,BXPC3,pancreas
PD_03_PD_12,-4.932720898409572e-13,BXPC3,pancreas
PD_03_PD_15,-1.573108310282123e-11,BXPC3,pancreas
PD_06_PD_08,0.0037115367876737,BXPC3,pancreas
PD_06_PD_10,-0.528618167218398,BXPC3,pancreas
PD_06_PD_14,-0.0118239368638179,BXPC3,pancreas
PD_07_PD_08,-0.0069643414301706,BXPC3,pancreas
PD_07_PD_10,-3.0986224697215903e-09,BXPC3,pancreas
PD_08_PD_10,-0.4060959890107167,BXPC3,pancreas
PD_08_PD_12,-5.828670879282073e-14,BXPC3,pancreas
PD_08_PD_14,-0.0118239368638762,BXPC3,pancreas
PD_08_PD_15,-0.0004372152823706,BXPC3,pancreas
PD_10_PD_12,-1.6913639377946765e-07,BXPC3,pancreas
PD_10_PD_13,1.0525269544814364e-10,BXPC3,pancreas
PD_10_PD_15,-7.541822721890412e-11,BXPC3,pancreas
PD_01_PD_02,-0.0031818378467138,CAPAN1,pancreas
PD_01_PD_03,-0.01193815407795,CAPAN1,pancreas
PD_01_PD_08,-0.0418330786561508,CAPAN1,pancreas
PD_01_PD_10,-0.0061281601941917,CAPAN1,pancreas
PD_03_PD_05,-5.738712580249938e-06,CAPAN1,pancreas
PD_03_PD_06,-0.0941341967078793,CAPAN1,pancreas
PD_03_PD_07,-4.684989243219917e-07,CAPAN1,pancreas
PD_03_PD_08,-0.0432508349830355,CAPAN1,pancreas
PD_03_PD_09,-5.738698355850502e-06,CAPAN1,pancreas
PD_03_PD_10,-1.6506270219096564e-05,CAPAN1,pancreas
PD_03_PD_11,-1.651203837593762e-05,CAPAN1,pancreas
PD_03_PD_12,-2.321185799125658e-09,CAPAN1,pancreas
PD_03_PD_15,-6.014987996572074e-08,CAPAN1,pancreas
PD_06_PD_08,0.0217266999210541,CAPAN1,pancreas
PD_06_PD_10,-0.4436812486245005,CAPAN1,pancreas
PD_06_PD_14,-0.0602495225902105,CAPAN1,pancreas
PD_07_PD_08,-0.0160615428488639,CAPAN1,pancreas
PD_07_PD_10,-5.5506852780773386e-08,CAPAN1,pancreas
PD_08_PD_10,-0.2593530239106446,CAPAN1,pancreas
PD_08_PD_12,-0.0695857202172594,CAPAN1,pancreas
PD_08_PD_14,-0.1294924243793376,CAPAN1,pancreas
PD_08_PD_15,-0.0012336115442099,CAPAN1,pancreas
PD_10_PD_12,-3.6530308777926734e-09,CAPAN1,pancreas
PD_10_PD_13,6.014995279635116e-09,CAPAN1,pancreas
PD_10_PD_15,-3.599855857849832e-09,CAPAN1,pancreas
PD_01_PD_02,-0.0103826467004244,CAPAN2,pancreas
PD_01_PD_03,-0.0182026239452193,CAPAN2,pancreas
PD_01_PD_08,-0.1701391970914609,CAPAN2,pancreas
PD_01_PD_10,-0.0064689254614581,CAPAN2,pancreas
PD_03_PD_05,-1.2036482921473636e-08,CAPAN2,pancreas
PD_03_PD_06,-0.1161326766404564,CAPAN2,pancreas
PD_03_PD_07,-2.6079749471108466e-10,CAPAN2,pancreas
PD_03_PD_08,-0.1161326766404564,CAPAN2,pancreas
PD_03_PD_09,-1.2036474039689438e-08,CAPAN2,pancreas
PD_03_PD_10,-7.714039399475681e-07,CAPAN2,pancreas
PD_03_PD_11,-7.718081476149052e-07,CAPAN2,pancreas
PD_03_PD_12,0.0,CAPAN2,pancreas
PD_03_PD_15,-1.608868593905299e-11,CAPAN2,pancreas
PD_06_PD_08,0.0364368786352017,CAPAN2,pancreas
PD_06_PD_10,-0.5179465704208286,CAPAN2,pancreas
PD_06_PD_14,-0.0711976838551428,CAPAN2,pancreas
PD_07_PD_08,-0.0403595338723781,CAPAN2,pancreas
PD_07_PD_10,-6.346398850887169e-09,CAPAN2,pancreas
PD_08_PD_10,-0.4474719428385619,CAPAN2,pancreas
PD_08_PD_12,0.0,CAPAN2,pancreas
PD_08_PD_14,-0.0711976838551428,CAPAN2,pancreas
PD_08_PD_15,-0.0030274072360308,CAPAN2,pancreas
PD_10_PD_12,-2.0401672573555633e-08,CAPAN2,pancreas
PD_10_PD_13,4.0420822244868754e-10,CAPAN2,pancreas
PD_10_PD_15,-2.0830770441904176e-10,CAPAN2,pancreas
PD_01_PD_02,-0.0017773192942426,CFPAC1,pancreas
PD_01_PD_03,-0.0090279720668816,CFPAC1,pancreas
PD_01_PD_08,-0.0312812707291467,CFPAC1,pancreas
PD_01_PD_10,-0.0044088674444612,CFPAC1,pancreas
PD_03_PD_05,-2.9110575616719814e-06,CFPAC1,pancreas
PD_03_PD_06,-0.0211335156219955,CFPAC1,pancreas
PD_03_PD_07,-3.827861245753184e-07,CFPAC1,pancreas
PD_03_PD_08,-0.0211335156219955,CFPAC1,pancreas
PD_03_PD_09,-2.911057221943736e-06,CFPAC1,pancreas
PD_03_PD_10,-2.829322455388805e-05,CFPAC1,pancreas
PD_03_PD_11,-2.82997629441617e-05,CFPAC1,pancreas
PD_03_PD_12,0.0,CFPAC1,pancreas
PD_03_PD_15,-2.8315751299246017e-08,CFPAC1,pancreas
PD_06_PD_08,0.001363817207334,CFPAC1,pancreas
PD_06_PD_10,-0.5432966276848364,CFPAC1,pancreas
PD_06_PD_14,-0.0084962321121241,CFPAC1,pancreas
PD_07_PD_08,-0.0025185692454067,CFPAC1,pancreas
PD_07_PD_10,-1.0764566304999337e-07,CFPAC1,pancreas
PD_08_PD_10,-0.4649328704578763,CFPAC1,pancreas
PD_08_PD_12,0.0,CFPAC1,pancreas
PD_08_PD_14,-0.0084962321121241,CFPAC1,pancreas
PD_08_PD_15,-0.0001945425045415,CFPAC1,pancreas
PD_10_PD_12,-1.939905791559226e-09,CFPAC1,pancreas
PD_10_PD_13,6.548540376627443e-09,CFPAC1,pancreas
PD_10_PD_15,-4.095125127889787e-09,CFPAC1,pancreas
PD_01_PD_02,-0.0063891853843252,DANG,pancreas
PD_01_PD_03,-0.0124939780349955,DANG,pancreas
PD_01_PD_08,-0.0593762930275575,DANG,pancreas
PD_01_PD_10,-0.0093398166588136,DANG,pancreas
PD_03_PD_05,-7.173975413721223e-09,DANG,pancreas
PD_03_PD_06,-0.1277160417126924,DANG,pancreas
PD_03_PD_07,-1.2290579665119594e-10,DANG,pancreas
PD_03_PD_08,-0.1277160417126924,DANG,pancreas
PD_03_PD_09,-7.173972083052149e-09,DANG,pancreas
PD_03_PD_10,-8.867040854898534e-07,DANG,pancreas
PD_03_PD_11,-8.869602264871546e-07,DANG,pancreas
PD_03_PD_12,0.0,DANG,pancreas
PD_03_PD_15,-8.053446798328423e-12,DANG,pancreas
PD_06_PD_08,0.0436013344356618,DANG,pancreas
PD_06_PD_10,-0.5228803423443282,DANG,pancreas
PD_06_PD_14,-0.0804727259040524,DANG,pancreas
PD_07_PD_08,-0.1026989424774992,DANG,pancreas
PD_07_PD_10,-3.914271129445979e-09,DANG,pancreas
PD_08_PD_10,-0.4466639109440201,DANG,pancreas
PD_08_PD_12,0.0,DANG,pancreas
PD_08_PD_14,-0.0804727259040524,DANG,pancreas
PD_08_PD_15,-0.0037226093757926,DANG,pancreas
PD_10_PD_12,-2.4335284565246692e-08,DANG,pancreas
PD_10_PD_13,2.5568858141866713e-10,DANG,pancreas
PD_10_PD_15,-1.38723255105333e-10,DANG,pancreas
PD_01_PD_02,-0.0662832971315176,HPAC,pancreas
PD_01_PD_03,-0.0899895630256586,HPAC,pancreas
PD_01_PD_08,-0.1104742083006788,HPAC,pancreas
PD_01_PD_10,-0.1394479288021851,HPAC,pancreas
PD_03_PD_05,-0.0021341073026764,HPAC,pancreas
PD_03_PD_06,-0.1463407713043489,HPAC,pancreas
PD_03_PD_07,-0.0020498309074329,HPAC,pancreas
PD_03_PD_08,-0.0359839970039784,HPAC,pancreas
PD_03_PD_09,-0.0020976214428034,HPAC,pancreas
PD_03_PD_10,-0.0157727367842663,HPAC,pancreas
PD_03_PD_11,-0.0209776908956168,HPAC,pancreas
PD_03_PD_12,-0.0052922271784111,HPAC,pancreas
PD_03_PD_15,-0.0001457374789506,HPAC,pancreas
PD_06_PD_08,0.00114434059483,HPAC,pancreas
PD_06_PD_10,-0.4427822480869404,HPAC,pancreas
PD_06_PD_14,-0.0722115293425463,HPAC,pancreas
PD_07_PD_08,-0.0032381932272417,HPAC,pancreas
PD_07_PD_10,-0.0091619758364501,HPAC,pancreas
PD_08_PD_10,-0.2613163755745793,HPAC,pancreas
PD_08_PD_12,-0.05475462395205,HPAC,pancreas
PD_08_PD_14,-0.1268190147624527,HPAC,pancreas
PD_08_PD_15,-0.000302441558084,HPAC,pancreas
PD_10_PD_12,-0.0044437427473552,HPAC,pancreas
PD_10_PD_13,0.0052989336742043,HPAC,pancreas
PD_10_PD_15,-0.0007115562854997,HPAC,pancreas
PD_01_PD_02,-0.0052945988315455,HPAFII,pancreas
PD_01_PD_03,-0.0105623004172347,HPAFII,pancreas
PD_01_PD_08,-0.0378815729547853,HPAFII,pancreas
PD_01_PD_10,-0.0121315306387445,HPAFII,pancreas
PD_03_PD_05,-3.302299322882618e-09,HPAFII,pancreas
PD_03_PD_06,-0.0193847471697223,HPAFII,pancreas
PD_03_PD_07,-6.807955310605961e-10,HPAFII,pancreas
PD_03_PD_08,-0.0193866675700793,HPAFII,pancreas
PD_03_PD_09,-1.4918011270736997e-08,HPAFII,pancreas
PD_03_PD_10,-1.3010797494938944e-07,HPAFII,pancreas
PD_03_PD_11,-1.3012443578208632e-07,HPAFII,pancreas
PD_03_PD_12,-5.206945985491984e-14,HPAFII,pancreas
PD_03_PD_15,-3.1864511029766618e-12,HPAFII,pancreas
PD_06_PD_08,0.0027948956394823,HPAFII,pancreas
PD_06_PD_10,-0.5088684335681448,HPAFII,pancreas
PD_06_PD_14,-0.0110509979556659,HPAFII,pancreas
PD_07_PD_08,-0.0061870409330124,HPAFII,pancreas
PD_07_PD_10,-6.010767439335041e-10,HPAFII,pancreas
PD_08_PD_10,-0.3507788865429975,HPAFII,pancreas
PD_08_PD_12,-2.5599238068219066e-06,HPAFII,pancreas
PD_08_PD_14,-0.0110535578794728,HPAFII,pancreas
PD_08_PD_15,-0.0003643379958461,HPAFII,pancreas
PD_10_PD_12,-4.9645116684260415e-08,HPAFII,pancreas
PD_10_PD_13,1.6462387009141818e-11,HPAFII,pancreas
PD_10_PD_15,-1.2853385022992823e-11,HPAFII,pancreas
PD_01_PD_02,-0.0046818238319839,HS766T,pancreas
PD_01_PD_03,-0.009618805716113,HS766T,pancreas
PD_01_PD_08,-0.0834174187744555,HS766T,pancreas
PD_01_PD_10,-0.0060050520521208,HS766T,pancreas
PD_03_PD_05,-1.1855232240343128e-08,HS766T,pancreas
PD_03_PD_06,-0.1192156409149088,HS766T,pancreas
PD_03_PD_07,-8.430429687678043e-10,HS766T,pancreas
PD_03_PD_08,-0.1192156409149088,HS766T,pancreas
PD_03_PD_09,-1.1855225467982676e-08,HS766T,pancreas
PD_03_PD_10,-1.290140562160147e-07,HS766T,pancreas
PD_03_PD_11,-1.2903481672044137e-07,HS766T,pancreas
PD_03_PD_12,0.0,HS766T,pancreas
PD_03_PD_15,-1.760536161299342e-11,HS766T,pancreas
PD_06_PD_08,0.0533869210371431,HS766T,pancreas
PD_06_PD_10,-0.5161685779122271,HS766T,pancreas
PD_06_PD_14,-0.0738741441317033,HS766T,pancreas
PD_07_PD_08,-0.0784692704866378,HS766T,pancreas
PD_07_PD_10,-5.423164139983783e-10,HS766T,pancreas
PD_08_PD_10,-0.4261656763523581,HS766T,pancreas
PD_08_PD_12,0.0,HS766T,pancreas
PD_08_PD_14,-0.0738741441317033,HS766T,pancreas
PD_08_PD_15,-0.0030395265698827,HS766T,pancreas
PD_10_PD_12,-1.940825611335128e-09,HS766T,pancreas
PD_10_PD_13,2.0767942920940638e-11,HS766T,pancreas
PD_10_PD_15,-1.2849832309314024e-11,HS766T,pancreas
PD_01_PD_02,-0.0662832971315176,HUPT3,pancreas
PD_01_PD_03,-0.0899895630256586,HUPT3,pancreas
PD_01_PD_08,-0.1104742083006788,HUPT3,pancreas
PD_01_PD_10,-0.1394479288021851,HUPT3,pancreas
PD_03_PD_05,-0.0021341073026764,HUPT3,pancreas
PD_03_PD_06,-0.1463407713043489,HUPT3,pancreas
PD_03_PD_07,-0.0020498309074329,HUPT3,pancreas
PD_03_PD_08,-0.0359839970039784,HUPT3,pancreas
PD_03_PD_09,-0.0020976214428034,HUPT3,pancreas
PD_03_PD_10,-0.0157727367842663,HUPT3,pancreas
PD_03_PD_11,-0.0209776908956168,HUPT3,pancreas
PD_03_PD_12,-0.0052922271784111,HUPT3,pancreas
PD_03_PD_15,-0.0001457374789506,HUPT3,pancreas
PD_06_PD_08,0.00114434059483,HUPT3,pancreas
PD_06_PD_10,-0.4427822480869404,HUPT3,pancreas
PD_06_PD_14,-0.0722115293425463,HUPT3,pancreas
PD_07_PD_08,-0.0032381932272417,HUPT3,pancreas
PD_07_PD_10,-0.0091619758364501,HUPT3,pancreas
PD_08_PD_10,-0.2613163755745793,HUPT3,pancreas
PD_08_PD_12,-0.05475462395205,HUPT3,pancreas
PD_08_PD_14,-0.1268190147624527,HUPT3,pancreas
PD_08_PD_15,-0.000302441558084,HUPT3,pancreas
PD_10_PD_12,-0.0044437427473552,HUPT3,pancreas
PD_10_PD_13,0.0052989336742043,HUPT3,pancreas
PD_10_PD_15,-0.0007115562854997,HUPT3,pancreas
PD_01_PD_02,-0.0057679869382215,HUPT4,pancreas
PD_01_PD_03,-0.0111066009653463,HUPT4,pancreas
PD_01_PD_08,-0.0243064714988354,HUPT4,pancreas
PD_01_PD_10,-0.0122799151983777,HUPT4,pancreas
PD_03_PD_05,-3.996943109818574e-09,HUPT4,pancreas
PD_03_PD_06,-0.0175154884309337,HUPT4,pancreas
PD_03_PD_07,-8.251274108417305e-10,HUPT4,pancreas
PD_03_PD_08,-0.0175147957346991,HUPT4,pancreas
PD_03_PD_09,-3.996943109818574e-09,HUPT4,pancreas
PD_03_PD_10,-2.1920376125361685e-07,HUPT4,pancreas
PD_03_PD_11,-2.1922775950145026e-07,HUPT4,pancreas
PD_03_PD_12,-7.227551890309769e-14,HUPT4,pancreas
PD_03_PD_15,-4.170885858911788e-12,HUPT4,pancreas
PD_06_PD_08,0.0029464267117995,HUPT4,pancreas
PD_06_PD_10,-0.5245425848467651,HUPT4,pancreas
PD_06_PD_14,-0.0110169480781967,HUPT4,pancreas
PD_07_PD_08,-0.006330171496762,HUPT4,pancreas
PD_07_PD_10,-8.345720781122167e-10,HUPT4,pancreas
PD_08_PD_10,-0.4023225422132521,HUPT4,pancreas
PD_08_PD_12,-7.327471962526033e-15,HUPT4,pancreas
PD_08_PD_14,-0.011016948078204,HUPT4,pancreas
PD_08_PD_15,-0.0003772250524362,HUPT4,pancreas
PD_10_PD_12,-6.235465122017558e-08,HUPT4,pancreas
PD_10_PD_13,2.4000912368649097e-11,HUPT4,pancreas
PD_10_PD_15,-1.8614443320075225e-11,HUPT4,pancreas
PD_01_PD_02,-0.0023856833648613,KP1N,pancreas
PD_01_PD_03,-0.0057677380939731,KP1N,pancreas
PD_01_PD_08,-0.0348228687259601,KP1N,pancreas
PD_01_PD_10,-0.0042533550989648,KP1N,pancreas
PD_03_PD_05,-1.040416189090898e-06,KP1N,pancreas
PD_03_PD_06,-0.0177345159048986,KP1N,pancreas
PD_03_PD_07,-1.1577143776975165e-07,KP1N,pancreas
PD_03_PD_08,-0.0177345159048986,KP1N,pancreas
PD_03_PD_09,-1.0404151353782254e-06,KP1N,pancreas
PD_03_PD_10,-1.2442325994621584e-05,KP1N,pancreas
PD_03_PD_11,-1.244767172547956e-05,KP1N,pancreas
PD_03_PD_12,0.0,KP1N,pancreas
PD_03_PD_15,-7.484296626891762e-09,KP1N,pancreas
PD_06_PD_08,0.00150704848052,KP1N,pancreas
PD_06_PD_10,-0.5467360155282758,KP1N,pancreas
PD_06_PD_14,-0.0088525119661178,KP1N,pancreas
PD_07_PD_08,-0.0026721907614345,KP1N,pancreas
PD_07_PD_10,-9.115326371489375e-08,KP1N,pancreas
PD_08_PD_10,-0.4663629382032963,KP1N,pancreas
PD_08_PD_12,0.0,KP1N,pancreas
PD_08_PD_14,-0.0088525119661178,KP1N,pancreas
PD_08_PD_15,-0.0002361128279857,KP1N,pancreas
PD_10_PD_12,-6.102119920470273e-10,KP1N,pancreas
PD_10_PD_13,5.351377674323032e-09,KP1N,pancreas
PD_10_PD_15,-3.746896459766447e-09,KP1N,pancreas
PD_01_PD_02,-0.0121290801502671,KP2,pancreas
PD_01_PD_03,-0.020485026652346,KP2,pancreas
PD_01_PD_08,-0.0401995846809161,KP2,pancreas
PD_01_PD_10,-0.0261621386870219,KP2,pancreas
PD_03_PD_05,-5.7742568986163256e-05,KP2,pancreas
PD_03_PD_06,-0.0269305264779438,KP2,pancreas
PD_03_PD_07,-6.757729838047233e-06,KP2,pancreas
PD_03_PD_08,-0.0269305264779438,KP2,pancreas
PD_03_PD_09,-5.772643623080942e-05,KP2,pancreas
PD_03_PD_10,-0.0001572957020888,KP2,pancreas
PD_03_PD_11,-0.0001586328515437,KP2,pancreas
PD_03_PD_12,0.0,KP2,pancreas
PD_03_PD_15,-1.1018630131642837e-06,KP2,pancreas
PD_06_PD_08,0.0044653565824853,KP2,pancreas
PD_06_PD_10,-0.504346717625941,KP2,pancreas
PD_06_PD_14,-0.0138426811545974,KP2,pancreas
PD_07_PD_08,-0.0110965628609251,KP2,pancreas
PD_07_PD_10,-5.58988237753244e-06,KP2,pancreas
PD_08_PD_10,-0.4350700839540663,KP2,pancreas
PD_08_PD_12,0.0,KP2,pancreas
PD_08_PD_14,-0.0138426811545974,KP2,pancreas
PD_08_PD_15,-0.0004986530070415,KP2,pancreas
PD_10_PD_12,-0.0006434873813372,KP2,pancreas
PD_10_PD_13,1.4182618278679726e-06,KP2,pancreas
PD_10_PD_15,-5.743499702504096e-07,KP2,pancreas
PD_01_PD_02,-0.0052945988315455,KP3,pancreas
PD_01_PD_03,-0.0105623004172347,KP3,pancreas
PD_01_PD_08,-0.0378815729547853,KP3,pancreas
PD_01_PD_10,-0.0121315306387445,KP3,pancreas
PD_03_PD_05,-3.302299322882618e-09,KP3,pancreas
PD_03_PD_06,-0.0193847471697223,KP3,pancreas
PD_03_PD_07,-6.807955310605961e-10,KP3,pancreas
PD_03_PD_08,-0.0193866675700793,KP3,pancreas
PD_03_PD_09,-1.4918011270736997e-08,KP3,pancreas
PD_03_PD_10,-1.3010797494938944e-07,KP3,pancreas
PD_03_PD_11,-1.3012443578208632e-07,KP3,pancreas
PD_03_PD_12,-5.206945985491984e-14,KP3,pancreas
PD_03_PD_15,-3.1864511029766618e-12,KP3,pancreas
PD_06_PD_08,0.0027948956394823,KP3,pancreas
PD_06_PD_10,-0.5088684335681448,KP3,pancreas
PD_06_PD_14,-0.0110509979556659,KP3,pancreas
PD_07_PD_08,-0.0061870409330124,KP3,pancreas
PD_07_PD_10,-6.010767439335041e-10,KP3,pancreas
PD_08_PD_10,-0.3507788865429975,KP3,pancreas
PD_08_PD_12,-2.5599238068219066e-06,KP3,pancreas
PD_08_PD_14,-0.0110535578794728,KP3,pancreas
PD_08_PD_15,-0.0003643379958461,KP3,pancreas
PD_10_PD_12,-4.9645116684260415e-08,KP3,pancreas
PD_10_PD_13,1.6462387009141818e-11,KP3,pancreas
PD_10_PD_15,-1.2853385022992823e-11,KP3,pancreas
PD_01_PD_02,-0.0642270704202219,KP4,pancreas
PD_01_PD_03,-0.0845155043016849,KP4,pancreas
PD_01_PD_08,-0.0945782947698762,KP4,pancreas
PD_01_PD_10,-0.1757739790901326,KP4,pancreas
PD_03_PD_05,-0.0063930431687554,KP4,pancreas
PD_03_PD_06,-0.0918274319758511,KP4,pancreas
PD_03_PD_07,-0.0063475968201986,KP4,pancreas
PD_03_PD_08,-0.05687597588452,KP4,pancreas
PD_03_PD_09,-0.006074173581809,KP4,pancreas
PD_03_PD_10,-0.0239296133644403,KP4,pancreas
PD_03_PD_11,-0.0345490426192343,KP4,pancreas
PD_03_PD_12,-0.0259521508017027,KP4,pancreas
PD_03_PD_15,-0.0005657552904475,KP4,pancreas
PD_06_PD_08,0.0029391383850551,KP4,pancreas
PD_06_PD_10,-0.1877101282793285,KP4,pancreas
PD_06_PD_14,-0.0507840599042779,KP4,pancreas
PD_07_PD_08,-0.0085968526189219,KP4,pancreas
PD_07_PD_10,-0.011006191377878,KP4,pancreas
PD_08_PD_10,-0.2834140179269876,KP4,pancreas
PD_08_PD_12,-0.3060098025049459,KP4,pancreas
PD_08_PD_14,-0.3520197735364468,KP4,pancreas
PD_08_PD_15,-0.0007929890339387,KP4,pancreas
PD_10_PD_12,-0.0176724447050659,KP4,pancreas
PD_10_PD_13,0.0115718209975083,KP4,pancreas
PD_10_PD_15,-0.00146394820066,KP4,pancreas
PD_01_PD_02,-0.0052945988315455,MIAPACA2,pancreas
PD_01_PD_03,-0.0105623004172347,MIAPACA2,pancreas
PD_01_PD_08,-0.0378815729547853,MIAPACA2,pancreas
PD_01_PD_10,-0.0121315306387445,MIAPACA2,pancreas
PD_03_PD_05,-3.302299322882618e-09,MIAPACA2,pancreas
PD_03_PD_06,-0.0193847471697223,MIAPACA2,pancreas
PD_03_PD_07,-6.807955310605961e-10,MIAPACA2,pancreas
PD_03_PD_08,-0.0193866675700793,MIAPACA2,pancreas
PD_03_PD_09,-1.4918011270736997e-08,MIAPACA2,pancreas
PD_03_PD_10,-1.3010797494938944e-07,MIAPACA2,pancreas
PD_03_PD_11,-1.3012443578208632e-07,MIAPACA2,pancreas
PD_03_PD_12,-5.206945985491984e-14,MIAPACA2,pancreas
PD_03_PD_15,-3.1864511029766618e-12,MIAPACA2,pancreas
PD_06_PD_08,0.0027948956394823,MIAPACA2,pancreas
PD_06_PD_10,-0.5088684335681448,MIAPACA2,pancreas
PD_06_PD_14,-0.0110509979556659,MIAPACA2,pancreas
PD_07_PD_08,-0.0061870409330124,MIAPACA2,pancreas
PD_07_PD_10,-6.010767439335041e-10,MIAPACA2,pancreas
PD_08_PD_10,-0.3507788865429975,MIAPACA2,pancreas
PD_08_PD_12,-2.5599238068219066e-06,MIAPACA2,pancreas
PD_08_PD_14,-0.0110535578794728,MIAPACA2,pancreas
PD_08_PD_15,-0.0003643379958461,MIAPACA2,pancreas
PD_10_PD_12,-4.9645116684260415e-08,MIAPACA2,pancreas
PD_10_PD_13,1.6462387009141818e-11,MIAPACA2,pancreas
PD_10_PD_15,-1.2853385022992823e-11,MIAPACA2,pancreas
PD_01_PD_02,-0.0662832971315176,PANC0203,pancreas
PD_01_PD_03,-0.0899895630256586,PANC0203,pancreas
PD_01_PD_08,-0.1104742083006788,PANC0203,pancreas
PD_01_PD_10,-0.1394479288021851,PANC0203,pancreas
PD_03_PD_05,-0.0021341073026764,PANC0203,pancreas
PD_03_PD_06,-0.1463407713043489,PANC0203,pancreas
PD_03_PD_07,-0.0020498309074329,PANC0203,pancreas
PD_03_PD_08,-0.0359839970039784,PANC0203,pancreas
PD_03_PD_09,-0.0020976214428034,PANC0203,pancreas
PD_03_PD_10,-0.0157727367842663,PANC0203,pancreas
PD_03_PD_11,-0.0209776908956168,PANC0203,pancreas
PD_03_PD_12,-0.0052922271784111,PANC0203,pancreas
PD_03_PD_15,-0.0001457374789506,PANC0203,pancreas
PD_06_PD_08,0.00114434059483,PANC0203,pancreas
PD_06_PD_10,-0.4427822480869404,PANC0203,pancreas
PD_06_PD_14,-0.0722115293425463,PANC0203,pancreas
PD_07_PD_08,-0.0032381932272417,PANC0203,pancreas
PD_07_PD_10,-0.0091619758364501,PANC0203,pancreas
PD_08_PD_10,-0.2613163755745793,PANC0203,pancreas
PD_08_PD_12,-0.05475462395205,PANC0203,pancreas
PD_08_PD_14,-0.1268190147624527,PANC0203,pancreas
PD_08_PD_15,-0.000302441558084,PANC0203,pancreas
PD_10_PD_12,-0.0044437427473552,PANC0203,pancreas
PD_10_PD_13,0.0052989336742043,PANC0203,pancreas
PD_10_PD_15,-0.0007115562854997,PANC0203,pancreas
PD_01_PD_02,-0.0012414999829573,PANC0327,pancreas
PD_01_PD_03,-0.0033065693631879,PANC0327,pancreas
PD_01_PD_08,-0.0380362761499633,PANC0327,pancreas
PD_01_PD_10,-0.0026869686736924,PANC0327,pancreas
PD_03_PD_05,-2.207143139365542e-07,PANC0327,pancreas
PD_03_PD_06,-0.0237438136009421,PANC0327,pancreas
PD_03_PD_07,-1.99517870003163e-08,PANC0327,pancreas
PD_03_PD_08,-0.0237438136009421,PANC0327,pancreas
PD_03_PD_09,-2.207142757448821e-07,PANC0327,pancreas
PD_03_PD_10,-3.60656357956124e-06,PANC0327,pancreas
PD_03_PD_11,-3.607137325389864e-06,PANC0327,pancreas
PD_03_PD_12,0.0,PANC0327,pancreas
PD_03_PD_15,-9.919205457009639e-10,PANC0327,pancreas
PD_06_PD_08,0.0784763028561378,PANC0327,pancreas
PD_06_PD_10,-0.4686234860407198,PANC0327,pancreas
PD_06_PD_14,-0.0143436294149389,PANC0327,pancreas
PD_07_PD_08,-0.0050304882597329,PANC0327,pancreas
PD_07_PD_10,-1.4416647764470271e-08,PANC0327,pancreas
PD_08_PD_10,-0.3584462696121244,PANC0327,pancreas
PD_08_PD_12,0.0,PANC0327,pancreas
PD_08_PD_14,-0.0143436294149389,PANC0327,pancreas
PD_08_PD_15,-0.0006795898157305,PANC0327,pancreas
PD_10_PD_12,-2.518816924812484e-06,PANC0327,pancreas
PD_10_PD_13,5.739977382290816e-10,PANC0327,pancreas
PD_10_PD_15,-4.70556371645614e-10,PANC0327,pancreas
PD_01_PD_02,-0.0023856833648613,PANC0403,pancreas
PD_01_PD_03,-0.0057677380939731,PANC0403,pancreas
PD_01_PD_08,-0.0348228687259601,PANC0403,pancreas
PD_01_PD_10,-0.0042533550989648,PANC0403,pancreas
PD_03_PD_05,-1.040416189090898e-06,PANC0403,pancreas
PD_03_PD_06,-0.0177345159048986,PANC0403,pancreas
PD_03_PD_07,-1.1577143776975165e-07,PANC0403,pancreas
PD_03_PD_08,-0.0177345159048986,PANC0403,pancreas
PD_03_PD_09,-1.0404151353782254e-06,PANC0403,pancreas
PD_03_PD_10,-1.2442325994621584e-05,PANC0403,pancreas
PD_03_PD_11,-1.244767172547956e-05,PANC0403,pancreas
PD_03_PD_12,0.0,PANC0403,pancreas
PD_03_PD_15,-7.484296626891762e-09,PANC0403,pancreas
PD_06_PD_08,0.00150704848052,PANC0403,pancreas
PD_06_PD_10,-0.5467360155282758,PANC0403,pancreas
PD_06_PD_14,-0.0088525119661178,PANC0403,pancreas
PD_07_PD_08,-0.0026721907614345,PANC0403,pancreas
PD_07_PD_10,-9.115326371489375e-08,PANC0403,pancreas
PD_08_PD_10,-0.4663629382032963,PANC0403,pancreas
PD_08_PD_12,0.0,PANC0403,pancreas
PD_08_PD_14,-0.0088525119661178,PANC0403,pancreas
PD_08_PD_15,-0.0002361128279857,PANC0403,pancreas
PD_10_PD_12,-6.102119920470273e-10,PANC0403,pancreas
PD_10_PD_13,5.351377674323032e-09,PANC0403,pancreas
PD_10_PD_15,-3.746896459766447e-09,PANC0403,pancreas
PD_01_PD_02,-0.0662832971315176,PANC0813,pancreas
PD_01_PD_03,-0.0899895630256586,PANC0813,pancreas
PD_01_PD_08,-0.1104742083006788,PANC0813,pancreas
PD_01_PD_10,-0.1394479288021851,PANC0813,pancreas
PD_03_PD_05,-0.0021341073026764,PANC0813,pancreas
PD_03_PD_06,-0.1463407713043489,PANC0813,pancreas
PD_03_PD_07,-0.0020498309074329,PANC0813,pancreas
PD_03_PD_08,-0.0359839970039784,PANC0813,pancreas
PD_03_PD_09,-0.0020976214428034,PANC0813,pancreas
PD_03_PD_10,-0.0157727367842663,PANC0813,pancreas
PD_03_PD_11,-0.0209776908956168,PANC0813,pancreas
PD_03_PD_12,-0.0052922271784111,PANC0813,pancreas
PD_03_PD_15,-0.0001457374789506,PANC0813,pancreas
PD_06_PD_08,0.00114434059483,PANC0813,pancreas
PD_06_PD_10,-0.4427822480869404,PANC0813,pancreas
PD_06_PD_14,-0.0722115293425463,PANC0813,pancreas
PD_07_PD_08,-0.0032381932272417,PANC0813,pancreas
PD_07_PD_10,-0.0091619758364501,PANC0813,pancreas
PD_08_PD_10,-0.2613163755745793,PANC0813,pancreas
PD_08_PD_12,-0.05475462395205,PANC0813,pancreas
PD_08_PD_14,-0.1268190147624527,PANC0813,pancreas
PD_08_PD_15,-0.000302441558084,PANC0813,pancreas
PD_10_PD_12,-0.0044437427473552,PANC0813,pancreas
PD_10_PD_13,0.0052989336742043,PANC0813,pancreas
PD_10_PD_15,-0.0007115562854997,PANC0813,pancreas
PD_01_PD_02,-0.0052945988315455,PANC1005,pancreas
PD_01_PD_03,-0.0105623004172347,PANC1005,pancreas
PD_01_PD_08,-0.0378815729547853,PANC1005,pancreas
PD_01_PD_10,-0.0121315306387445,PANC1005,pancreas
PD_03_PD_05,-3.302299322882618e-09,PANC1005,pancreas
PD_03_PD_06,-0.0193847471697223,PANC1005,pancreas
PD_03_PD_07,-6.807955310605961e-10,PANC1005,pancreas
PD_03_PD_08,-0.0193866675700793,PANC1005,pancreas
PD_03_PD_09,-1.4918011270736997e-08,PANC1005,pancreas
PD_03_PD_10,-1.3010797494938944e-07,PANC1005,pancreas
PD_03_PD_11,-1.3012443578208632e-07,PANC1005,pancreas
PD_03_PD_12,-5.206945985491984e-14,PANC1005,pancreas
PD_03_PD_15,-3.1864511029766618e-12,PANC1005,pancreas
PD_06_PD_08,0.0027948956394823,PANC1005,pancreas
PD_06_PD_10,-0.5088684335681448,PANC1005,pancreas
PD_06_PD_14,-0.0110509979556659,PANC1005,pancreas
PD_07_PD_08,-0.0061870409330124,PANC1005,pancreas
PD_07_PD_10,-6.010767439335041e-10,PANC1005,pancreas
PD_08_PD_10,-0.3507788865429975,PANC1005,pancreas
PD_08_PD_12,-2.5599238068219066e-06,PANC1005,pancreas
PD_08_PD_14,-0.0110535578794728,PANC1005,pancreas
PD_08_PD_15,-0.0003643379958461,PANC1005,pancreas
PD_10_PD_12,-4.9645116684260415e-08,PANC1005,pancreas
PD_10_PD_13,1.6462387009141818e-11,PANC1005,pancreas
PD_10_PD_15,-1.2853385022992823e-11,PANC1005,pancreas
PD_01_PD_02,-0.0023856833648613,PATU8902,pancreas
PD_01_PD_03,-0.0057677380939731,PATU8902,pancreas
PD_01_PD_08,-0.0348228687259601,PATU8902,pancreas
PD_01_PD_10,-0.0042533550989648,PATU8902,pancreas
PD_03_PD_05,-1.040416189090898e-06,PATU8902,pancreas
PD_03_PD_06,-0.0177345159048986,PATU8902,pancreas
PD_03_PD_07,-1.1577143776975165e-07,PATU8902,pancreas
PD_03_PD_08,-0.0177345159048986,PATU8902,pancreas
PD_03_PD_09,-1.0404151353782254e-06,PATU8902,pancreas
PD_03_PD_10,-1.2442325994621584e-05,PATU8902,pancreas
PD_03_PD_11,-1.244767172547956e-05,PATU8902,pancreas
PD_03_PD_12,0.0,PATU8902,pancreas
PD_03_PD_15,-7.484296626891762e-09,PATU8902,pancreas
PD_06_PD_08,0.00150704848052,PATU8902,pancreas
PD_06_PD_10,-0.5467360155282758,PATU8902,pancreas
PD_06_PD_14,-0.0088525119661178,PATU8902,pancreas
PD_07_PD_08,-0.0026721907614345,PATU8902,pancreas
PD_07_PD_10,-9.115326371489375e-08,PATU8902,pancreas
PD_08_PD_10,-0.4663629382032963,PATU8902,pancreas
PD_08_PD_12,0.0,PATU8902,pancreas
PD_08_PD_14,-0.0088525119661178,PATU8902,pancreas
PD_08_PD_15,-0.0002361128279857,PATU8902,pancreas
PD_10_PD_12,-6.102119920470273e-10,PATU8902,pancreas
PD_10_PD_13,5.351377674323032e-09,PATU8902,pancreas
PD_10_PD_15,-3.746896459766447e-09,PATU8902,pancreas
PD_01_PD_02,-0.0025045131266261,PATU8988T,pancreas
PD_01_PD_03,-0.0060881255941221,PATU8988T,pancreas
PD_01_PD_08,-0.0328984637851043,PATU8988T,pancreas
PD_01_PD_10,-0.0040548951363144,PATU8988T,pancreas
PD_03_PD_05,-1.0404133085062384e-06,PATU8988T,pancreas
PD_03_PD_06,-0.01763238711593,PATU8988T,pancreas
PD_03_PD_07,-1.1577142899898973e-07,PATU8988T,pancreas
PD_03_PD_08,-0.01763238711593,PATU8988T,pancreas
PD_03_PD_09,-1.0404122547935657e-06,PATU8988T,pancreas
PD_03_PD_10,-1.2439996805002629e-05,PATU8988T,pancreas
PD_03_PD_11,-1.244534252309304e-05,PATU8988T,pancreas
PD_03_PD_12,0.0,PATU8988T,pancreas
PD_03_PD_15,-7.484296182802552e-09,PATU8988T,pancreas
PD_06_PD_08,0.001507046027883,PATU8988T,pancreas
PD_06_PD_10,-0.5472219985115245,PATU8988T,pancreas
PD_06_PD_14,-0.0088463203506928,PATU8988T,pancreas
PD_07_PD_08,-0.0026721656174861,PATU8988T,pancreas
PD_07_PD_10,-9.11528237335091e-08,PATU8988T,pancreas
PD_08_PD_10,-0.4616864676742197,PATU8988T,pancreas
PD_08_PD_12,0.0,PATU8988T,pancreas
PD_08_PD_14,-0.0088463203506928,PATU8988T,pancreas
PD_08_PD_15,-0.00023611071354,PATU8988T,pancreas
PD_10_PD_12,-9.95786009205801e-10,PATU8988T,pancreas
PD_10_PD_13,5.351364906758249e-09,PATU8988T,pancreas
PD_10_PD_15,-3.746876364729701e-09,PATU8988T,pancreas
PD_01_PD_02,-0.0043804772218585,PL18,pancreas
PD_01_PD_03,-0.0086211698836304,PL18,pancreas
PD_01_PD_08,-0.166977817255124,PL18,pancreas
PD_01_PD_10,-0.0100898667803156,PL18,pancreas
PD_03_PD_05,-2.4162150724649223e-08,PL18,pancreas
PD_03_PD_06,-0.1379518604150225,PL18,pancreas
PD_03_PD_07,-2.833953072212125e-09,PL18,pancreas
PD_03_PD_08,-0.1379518604150225,PL18,pancreas
PD_03_PD_09,-0.0976144754336758,PL18,pancreas
PD_03_PD_10,-5.199651611498268e-07,PL18,pancreas
PD_03_PD_11,-5.201602397697513e-07,PL18,pancreas
PD_03_PD_12,0.0,PL18,pancreas
PD_03_PD_15,-3.432854001061969e-11,PL18,pancreas
PD_06_PD_08,0.0799695421121334,PL18,pancreas
PD_06_PD_10,-0.4832001274653994,PL18,pancreas
PD_06_PD_14,-0.1092306750542907,PL18,pancreas
PD_07_PD_08,-0.0752708170926964,PL18,pancreas
PD_07_PD_10,-3.44630468607221e-09,PL18,pancreas
PD_08_PD_10,-0.3985026670671669,PL18,pancreas
PD_08_PD_12,0.0,PL18,pancreas
PD_08_PD_14,-0.1092306750542907,PL18,pancreas
PD_08_PD_15,-0.0098841814937482,PL18,pancreas
PD_10_PD_12,-2.4723189384623367e-08,PL18,pancreas
PD_10_PD_13,1.9508095139286752e-10,PL18,pancreas
PD_10_PD_15,-1.0535183836424268e-10,PL18,pancreas
PD_01_PD_02,-0.0025045131266261,PL4,pancreas
PD_01_PD_03,-0.0060881255941221,PL4,pancreas
PD_01_PD_08,-0.0328984637851043,PL4,pancreas
PD_01_PD_10,-0.0040548951363144,PL4,pancreas
PD_03_PD_05,-1.0404133085062384e-06,PL4,pancreas
PD_03_PD_06,-0.01763238711593,PL4,pancreas
PD_03_PD_07,-1.1577142899898973e-07,PL4,pancreas
PD_03_PD_08,-0.01763238711593,PL4,pancreas
PD_03_PD_09,-1.0404122547935657e-06,PL4,pancreas
PD_03_PD_10,-1.2439996805002629e-05,PL4,pancreas
PD_03_PD_11,-1.244534252309304e-05,PL4,pancreas
PD_03_PD_12,0.0,PL4,pancreas
PD_03_PD_15,-7.484296182802552e-09,PL4,pancreas
PD_06_PD_08,0.001507046027883,PL4,pancreas
PD_06_PD_10,-0.5472219985115245,PL4,pancreas
PD_06_PD_14,-0.0088463203506928,PL4,pancreas
PD_07_PD_08,-0.0026721656174861,PL4,pancreas
PD_07_PD_10,-9.11528237335091e-08,PL4,pancreas
PD_08_PD_10,-0.4616864676742197,PL4,pancreas
PD_08_PD_12,0.0,PL4,pancreas
PD_08_PD_14,-0.0088463203506928,PL4,pancreas
PD_08_PD_15,-0.00023611071354,PL4,pancreas
PD_10_PD_12,-9.95786009205801e-10,PL4,pancreas
PD_10_PD_13,5.351364906758249e-09,PL4,pancreas
PD_10_PD_15,-3.746876364729701e-09,PL4,pancreas
PD_01_PD_02,-0.0023856833648613,PSN1,pancreas
PD_01_PD_03,-0.0057677380939731,PSN1,pancreas
PD_01_PD_08,-0.0348228687259601,PSN1,pancreas
PD_01_PD_10,-0.0042533550989648,PSN1,pancreas
PD_03_PD_05,-1.040416189090898e-06,PSN1,pancreas
PD_03_PD_06,-0.0177345159048986,PSN1,pancreas
PD_03_PD_07,-1.1577143776975165e-07,PSN1,pancreas
PD_03_PD_08,-0.0177345159048986,PSN1,pancreas
PD_03_PD_09,-1.0404151353782254e-06,PSN1,pancreas
PD_03_PD_10,-1.2442325994621584e-05,PSN1,pancreas
PD_03_PD_11,-1.244767172547956e-05,PSN1,pancreas
PD_03_PD_12,0.0,PSN1,pancreas
PD_03_PD_15,-7.484296626891762e-09,PSN1,pancreas
PD_06_PD_08,0.00150704848052,PSN1,pancreas
PD_06_PD_10,-0.5467360155282758,PSN1,pancreas
PD_06_PD_14,-0.0088525119661178,PSN1,pancreas
PD_07_PD_08,-0.0026721907614345,PSN1,pancreas
PD_07_PD_10,-9.115326371489375e-08,PSN1,pancreas
PD_08_PD_10,-0.4663629382032963,PSN1,pancreas
PD_08_PD_12,0.0,PSN1,pancreas
PD_08_PD_14,-0.0088525119661178,PSN1,pancreas
PD_08_PD_15,-0.0002361128279857,PSN1,pancreas
PD_10_PD_12,-6.102119920470273e-10,PSN1,pancreas
PD_10_PD_13,5.351377674323032e-09,PSN1,pancreas
PD_10_PD_15,-3.746896459766447e-09,PSN1,pancreas
PD_01_PD_02,-0.0052945988315455,SU8686,pancreas
PD_01_PD_03,-0.0105623004172347,SU8686,pancreas
PD_01_PD_08,-0.0378815729547853,SU8686,pancreas
PD_01_PD_10,-0.0121315306387445,SU8686,pancreas
PD_03_PD_05,-3.302299322882618e-09,SU8686,pancreas
PD_03_PD_06,-0.0193847471697223,SU8686,pancreas
PD_03_PD_07,-6.807955310605961e-10,SU8686,pancreas
PD_03_PD_08,-0.0193866675700793,SU8686,pancreas
PD_03_PD_09,-1.4918011270736997e-08,SU8686,pancreas
PD_03_PD_10,-1.3010797494938944e-07,SU8686,pancreas
PD_03_PD_11,-1.3012443578208632e-07,SU8686,pancreas
PD_03_PD_12,-5.206945985491984e-14,SU8686,pancreas
PD_03_PD_15,-3.1864511029766618e-12,SU8686,pancreas
PD_06_PD_08,0.0027948956394823,SU8686,pancreas
PD_06_PD_10,-0.5088684335681448,SU8686,pancreas
PD_06_PD_14,-0.0110509979556659,SU8686,pancreas
PD_07_PD_08,-0.0061870409330124,SU8686,pancreas
PD_07_PD_10,-6.010767439335041e-10,SU8686,pancreas
PD_08_PD_10,-0.3507788865429975,SU8686,pancreas
PD_08_PD_12,-2.5599238068219066e-06,SU8686,pancreas
PD_08_PD_14,-0.0110535578794728,SU8686,pancreas
PD_08_PD_15,-0.0003643379958461,SU8686,pancreas
PD_10_PD_12,-4.9645116684260415e-08,SU8686,pancreas
PD_10_PD_13,1.6462387009141818e-11,SU8686,pancreas
PD_10_PD_15,-1.2853385022992823e-11,SU8686,pancreas
PD_01_PD_02,-0.0052945988315455,SUIT2,pancreas
PD_01_PD_03,-0.0105623004172347,SUIT2,pancreas
PD_01_PD_08,-0.0378815729547853,SUIT2,pancreas
PD_01_PD_10,-0.0121315306387445,SUIT2,pancreas
PD_03_PD_05,-3.302299322882618e-09,SUIT2,pancreas
PD_03_PD_06,-0.0193847471697223,SUIT2,pancreas
PD_03_PD_07,-6.807955310605961e-10,SUIT2,pancreas
PD_03_PD_08,-0.0193866675700793,SUIT2,pancreas
PD_03_PD_09,-1.4918011270736997e-08,SUIT2,pancreas
PD_03_PD_10,-1.3010797494938944e-07,SUIT2,pancreas
PD_03_PD_11,-1.3012443578208632e-07,SUIT2,pancreas
PD_03_PD_12,-5.206945985491984e-14,SUIT2,pancreas
PD_03_PD_15,-3.1864511029766618e-12,SUIT2,pancreas
PD_06_PD_08,0.0027948956394823,SUIT2,pancreas
PD_06_PD_10,-0.5088684335681448,SUIT2,pancreas
PD_06_PD_14,-0.0110509979556659,SUIT2,pancreas
PD_07_PD_08,-0.0061870409330124,SUIT2,pancreas
PD_07_PD_10,-6.010767439335041e-10,SUIT2,pancreas
PD_08_PD_10,-0.3507788865429975,SUIT2,pancreas
PD_08_PD_12,-2.5599238068219066e-06,SUIT2,pancreas
PD_08_PD_14,-0.0110535578794728,SUIT2,pancreas
PD_08_PD_15,-0.0003643379958461,SUIT2,pancreas
PD_10_PD_12,-4.9645116684260415e-08,SUIT2,pancreas
PD_10_PD_13,1.6462387009141818e-11,SUIT2,pancreas
PD_10_PD_15,-1.2853385022992823e-11,SUIT2,pancreas
PD_01_PD_02,-0.0052945988315455,SW1990,pancreas
PD_01_PD_03,-0.0105623004172347,SW1990,pancreas
PD_01_PD_08,-0.0378815729547853,SW1990,pancreas
PD_01_PD_10,-0.0121315306387445,SW1990,pancreas
PD_03_PD_05,-3.302299322882618e-09,SW1990,pancreas
PD_03_PD_06,-0.0193847471697223,SW1990,pancreas
PD_03_PD_07,-6.807955310605961e-10,SW1990,pancreas
PD_03_PD_08,-0.0193866675700793,SW1990,pancreas
PD_03_PD_09,-1.4918011270736997e-08,SW1990,pancreas
PD_03_PD_10,-1.3010797494938944e-07,SW1990,pancreas
PD_03_PD_11,-1.3012443578208632e-07,SW1990,pancreas
PD_03_PD_12,-5.206945985491984e-14,SW1990,pancreas
PD_03_PD_15,-3.1864511029766618e-12,SW1990,pancreas
PD_06_PD_08,0.0027948956394823,SW1990,pancreas
PD_06_PD_10,-0.5088684335681448,SW1990,pancreas
PD_06_PD_14,-0.0110509979556659,SW1990,pancreas
PD_07_PD_08,-0.0061870409330124,SW1990,pancreas
PD_07_PD_10,-6.010767439335041e-10,SW1990,pancreas
PD_08_PD_10,-0.3507788865429975,SW1990,pancreas
PD_08_PD_12,-2.5599238068219066e-06,SW1990,pancreas
PD_08_PD_14,-0.0110535578794728,SW1990,pancreas
PD_08_PD_15,-0.0003643379958461,SW1990,pancreas
PD_10_PD_12,-4.9645116684260415e-08,SW1990,pancreas
PD_10_PD_13,1.6462387009141818e-11,SW1990,pancreas
PD_10_PD_15,-1.2853385022992823e-11,SW1990,pancreas
PD_01_PD_02,-0.0052945988315455,YAPC,pancreas
PD_01_PD_03,-0.0105623004172347,YAPC,pancreas
PD_01_PD_08,-0.0378815729547853,YAPC,pancreas
PD_01_PD_10,-0.0121315306387445,YAPC,pancreas
PD_03_PD_05,-3.302299322882618e-09,YAPC,pancreas
PD_03_PD_06,-0.0193847471697223,YAPC,pancreas
PD_03_PD_07,-6.807955310605961e-10,YAPC,pancreas
PD_03_PD_08,-0.0193866675700793,YAPC,pancreas
PD_03_PD_09,-1.4918011270736997e-08,YAPC,pancreas
PD_03_PD_10,-1.3010797494938944e-07,YAPC,pancreas
PD_03_PD_11,-1.3012443578208632e-07,YAPC,pancreas
PD_03_PD_12,-5.206945985491984e-14,YAPC,pancreas
PD_03_PD_15,-3.1864511029766618e-12,YAPC,pancreas
PD_06_PD_08,0.0027948956394823,YAPC,pancreas
PD_06_PD_10,-0.5088684335681448,YAPC,pancreas
PD_06_PD_14,-0.0110509979556659,YAPC,pancreas
PD_07_PD_08,-0.0061870409330124,YAPC,pancreas
PD_07_PD_10,-6.010767439335041e-10,YAPC,pancreas
PD_08_PD_10,-0.3507788865429975,YAPC,pancreas
PD_08_PD_12,-2.5599238068219066e-06,YAPC,pancreas
PD_08_PD_14,-0.0110535578794728,YAPC,pancreas
PD_08_PD_15,-0.0003643379958461,YAPC,pancreas
PD_10_PD_12,-4.9645116684260415e-08,YAPC,pancreas
PD_10_PD_13,1.6462387009141818e-11,YAPC,pancreas
PD_10_PD_15,-1.2853385022992823e-11,YAPC,pancreas
PD_01_PD_02,-0.0042197626085886,BE2M17,pns
PD_01_PD_03,-0.0086878862227768,BE2M17,pns
PD_01_PD_08,-0.0374601940025105,BE2M17,pns
PD_01_PD_10,-0.0098364108917604,BE2M17,pns
PD_03_PD_05,-6.768175242477524e-09,BE2M17,pns
PD_03_PD_06,-0.022957521377409,BE2M17,pns
PD_03_PD_07,-1.9366147574473302e-09,BE2M17,pns
PD_03_PD_08,-0.0230799829848694,BE2M17,pns
PD_03_PD_09,-3.55580345390294e-07,BE2M17,pns
PD_03_PD_10,-2.250390258584645e-07,BE2M17,pns
PD_03_PD_11,-2.250850903440238e-07,BE2M17,pns
PD_03_PD_12,-2.3003821070233244e-13,BE2M17,pns
PD_03_PD_15,-8.475775636895833e-12,BE2M17,pns
PD_06_PD_08,0.003296686295042,BE2M17,pns
PD_06_PD_10,-0.5080823613010655,BE2M17,pns
PD_06_PD_14,-0.0136966256856706,BE2M17,pns
PD_07_PD_08,-0.0066378265274648,BE2M17,pns
PD_07_PD_10,-1.5203118763906787e-09,BE2M17,pns
PD_08_PD_10,-0.2989615155606342,BE2M17,pns
PD_08_PD_12,-0.0001237476126986,BE2M17,pns
PD_08_PD_14,-0.0138203732983692,BE2M17,pns
PD_08_PD_15,-0.0004057215935638,BE2M17,pns
PD_10_PD_12,-1.010296346581896e-07,BE2M17,pns
PD_10_PD_13,4.606870440682087e-11,BE2M17,pns
PD_10_PD_15,-3.3994140835602587e-11,BE2M17,pns
PD_01_PD_02,-0.0058823350932245,CHP134,pns
PD_01_PD_03,-0.0113461805611572,CHP134,pns
PD_01_PD_08,-0.1849158123222894,CHP134,pns
PD_01_PD_10,-0.0110718717692811,CHP134,pns
PD_03_PD_05,-2.4075251014998852e-08,CHP134,pns
PD_03_PD_06,-0.1483210992902662,CHP134,pns
PD_03_PD_07,-2.830950585064329e-09,CHP134,pns
PD_03_PD_08,-0.1483210992902662,CHP134,pns
PD_03_PD_09,-0.0976144753641599,CHP134,pns
PD_03_PD_10,-5.499652176998993e-07,CHP134,pns
PD_03_PD_11,-5.501610539360158e-07,CHP134,pns
PD_03_PD_12,0.0,CHP134,pns
PD_03_PD_15,-3.427780281839432e-11,CHP134,pns
PD_06_PD_08,0.0801034976447879,CHP134,pns
PD_06_PD_10,-0.4847504734017553,CHP134,pns
PD_06_PD_14,-0.1122025492762394,CHP134,pns
PD_07_PD_08,-0.0755813854815266,CHP134,pns
PD_07_PD_10,-3.4491121070345802e-09,CHP134,pns
PD_08_PD_10,-0.3983226842179234,CHP134,pns
PD_08_PD_12,0.0,CHP134,pns
PD_08_PD_14,-0.1122025492762394,CHP134,pns
PD_08_PD_15,-0.0099248146293737,CHP134,pns
PD_10_PD_12,-2.4753295968515946e-08,CHP134,pns
PD_10_PD_13,1.9583734633954464e-10,CHP134,pns
PD_10_PD_15,-1.0591205690246852e-10,CHP134,pns
PD_01_PD_02,-0.0039541160239099,CHP212,pns
PD_01_PD_03,-0.0149168389813453,CHP212,pns
PD_01_PD_08,-0.078329945736787,CHP212,pns
PD_01_PD_10,-0.0044619443446678,CHP212,pns
PD_03_PD_05,-2.244198852308088e-07,CHP212,pns
PD_03_PD_06,-0.1380052009112364,CHP212,pns
PD_03_PD_07,-3.6556398574916216e-08,CHP212,pns
PD_03_PD_08,-0.1380052009112364,CHP212,pns
PD_03_PD_09,-2.2441986569088362e-07,CHP212,pns
PD_03_PD_10,-0.0001532663398027,CHP212,pns
PD_03_PD_11,-0.0001540022039109,CHP212,pns
PD_03_PD_12,0.0,CHP212,pns
PD_03_PD_15,-8.44748160311326e-10,CHP212,pns
PD_06_PD_08,0.0184602492236823,CHP212,pns
PD_06_PD_10,-0.577813807401656,CHP212,pns
PD_06_PD_14,-0.064110880219624,CHP212,pns
PD_07_PD_08,-0.0601008805686994,CHP212,pns
PD_07_PD_10,-5.219812887480302e-06,CHP212,pns
PD_08_PD_10,-0.4693355271759563,CHP212,pns
PD_08_PD_12,0.0,CHP212,pns
PD_08_PD_14,-0.064110880219624,CHP212,pns
PD_08_PD_15,-0.0018725923862308,CHP212,pns
PD_10_PD_12,-1.00754361600508e-05,CHP212,pns
PD_10_PD_13,7.245653265153251e-07,CHP212,pns
PD_10_PD_15,-1.9396636219415345e-07,CHP212,pns
PD_01_PD_02,-0.0002712009898806,GIMEN,pns
PD_01_PD_03,-0.0010501425553953,GIMEN,pns
PD_01_PD_08,-0.025706990345611,GIMEN,pns
PD_01_PD_10,-0.0014110870606851,GIMEN,pns
PD_03_PD_05,-4.443915713192581e-08,GIMEN,pns
PD_03_PD_06,-0.0630321310047854,GIMEN,pns
PD_03_PD_07,-2.625539674561139e-09,GIMEN,pns
PD_03_PD_08,-0.0245371656863554,GIMEN,pns
PD_03_PD_09,-6.160087102746736e-06,GIMEN,pns
PD_03_PD_10,-6.579291796926512e-07,GIMEN,pns
PD_03_PD_11,-6.579557655372881e-07,GIMEN,pns
PD_03_PD_12,-5.972722316727186e-11,GIMEN,pns
PD_03_PD_15,-1.0111833592674202e-10,GIMEN,pns
PD_06_PD_08,0.0008801927912319,GIMEN,pns
PD_06_PD_10,-0.5093099603089282,GIMEN,pns
PD_06_PD_14,-0.0229388820037828,GIMEN,pns
PD_07_PD_08,-0.0026347068696513,GIMEN,pns
PD_07_PD_10,-1.1296771296187558e-09,GIMEN,pns
PD_08_PD_10,-0.1200962064049626,GIMEN,pns
PD_08_PD_12,-0.0069552187081751,GIMEN,pns
PD_08_PD_14,-0.0298941007117792,GIMEN,pns
PD_08_PD_15,-0.0001600712987043,GIMEN,pns
PD_10_PD_12,-1.6682322190320065e-11,GIMEN,pns
PD_10_PD_13,2.658939735056265e-11,GIMEN,pns
PD_10_PD_15,-2.654476638497272e-11,GIMEN,pns
PD_01_PD_02,-0.0002168570298419,GOTO,pns
PD_01_PD_03,-0.0018909882719645,GOTO,pns
PD_01_PD_08,-0.0324780011790234,GOTO,pns
PD_01_PD_10,-0.0048362642946161,GOTO,pns
PD_03_PD_05,-6.428734211638698e-09,GOTO,pns
PD_03_PD_06,-0.0231740683517254,GOTO,pns
PD_03_PD_07,-1.936153126713691e-09,GOTO,pns
PD_03_PD_08,-0.0232965299591858,GOTO,pns
PD_03_PD_09,-3.553088336882837e-07,GOTO,pns
PD_03_PD_10,-3.110769420944237e-07,GOTO,pns
PD_03_PD_11,-3.11124097818194e-07,GOTO,pns
PD_03_PD_12,-2.3003821070233244e-13,GOTO,pns
PD_03_PD_15,-8.120171202108395e-12,GOTO,pns
PD_06_PD_08,0.0032966894735196,GOTO,pns
PD_06_PD_10,-0.5085691615900784,GOTO,pns
PD_06_PD_14,-0.0137026646318916,GOTO,pns
PD_07_PD_08,-0.0066378697350181,GOTO,pns
PD_07_PD_10,-1.5671328679189855e-09,GOTO,pns
PD_08_PD_10,-0.2963247297686222,GOTO,pns
PD_08_PD_12,-0.0001237476126986,GOTO,pns
PD_08_PD_14,-0.0138264122445902,GOTO,pns
PD_08_PD_15,-0.0004057243169571,GOTO,pns
PD_10_PD_12,-1.0230748315187554e-07,GOTO,pns
PD_10_PD_13,4.715983159542248e-11,GOTO,pns
PD_10_PD_15,-3.5339287052238426e-11,GOTO,pns
PD_01_PD_08,-0.0185341846799647,IMR5,pns
PD_01_PD_10,-0.001363330808362,IMR5,pns
PD_06_PD_08,5.492133614559692e-08,IMR5,pns
PD_06_PD_10,-0.5072737175004496,IMR5,pns
PD_06_PD_14,-0.0103734386817149,IMR5,pns
PD_07_PD_08,-2.3040886160119456e-06,IMR5,pns
PD_07_PD_10,-6.007638830851647e-12,IMR5,pns
PD_08_PD_10,-0.0019477809363122,IMR5,pns
PD_08_PD_12,-0.0004764948069768,IMR5,pns
PD_08_PD_14,-0.0108499334878893,IMR5,pns
PD_08_PD_15,-1.734374608375333e-07,IMR5,pns
PD_10_PD_12,7.549516567451064e-14,IMR5,pns
PD_10_PD_13,7.527312106958561e-14,IMR5,pns
PD_10_PD_15,-9.736655925962625e-14,IMR5,pns
PD_01_PD_02,-0.0042197626085886,KELLY,pns
PD_01_PD_03,-0.0086878862227768,KELLY,pns
PD_01_PD_08,-0.0374601940025105,KELLY,pns
PD_01_PD_10,-0.0098364108917604,KELLY,pns
PD_03_PD_05,-6.768175242477524e-09,KELLY,pns
PD_03_PD_06,-0.022957521377409,KELLY,pns
PD_03_PD_07,-1.9366147574473302e-09,KELLY,pns
PD_03_PD_08,-0.0230799829848694,KELLY,pns
PD_03_PD_09,-3.55580345390294e-07,KELLY,pns
PD_03_PD_10,-2.250390258584645e-07,KELLY,pns
PD_03_PD_11,-2.250850903440238e-07,KELLY,pns
PD_03_PD_12,-2.3003821070233244e-13,KELLY,pns
PD_03_PD_15,-8.475775636895833e-12,KELLY,pns
PD_06_PD_08,0.003296686295042,KELLY,pns
PD_06_PD_10,-0.5080823613010655,KELLY,pns
PD_06_PD_14,-0.0136966256856706,KELLY,pns
PD_07_PD_08,-0.0066378265274648,KELLY,pns
PD_07_PD_10,-1.5203118763906787e-09,KELLY,pns
PD_08_PD_10,-0.2989615155606342,KELLY,pns
PD_08_PD_12,-0.0001237476126986,KELLY,pns
PD_08_PD_14,-0.0138203732983692,KELLY,pns
PD_08_PD_15,-0.0004057215935638,KELLY,pns
PD_10_PD_12,-1.010296346581896e-07,KELLY,pns
PD_10_PD_13,4.606870440682087e-11,KELLY,pns
PD_10_PD_15,-3.3994140835602587e-11,KELLY,pns
PD_01_PD_02,0.0019886382226089,KPNYN,pns
PD_01_PD_03,0.0004945451226399,KPNYN,pns
PD_01_PD_08,-0.1651113890544802,KPNYN,pns
PD_01_PD_10,-0.0127889889127306,KPNYN,pns
PD_03_PD_05,-8.233423276493568e-09,KPNYN,pns
PD_03_PD_06,-0.0990051127340462,KPNYN,pns
PD_03_PD_07,-1.2299495866230359e-09,KPNYN,pns
PD_03_PD_08,-0.0990051127340462,KPNYN,pns
PD_03_PD_09,-0.1459168139975415,KPNYN,pns
PD_03_PD_10,-1.3162845208358752e-05,KPNYN,pns
PD_03_PD_11,-1.3176555544669457e-05,KPNYN,pns
PD_03_PD_12,0.0,KPNYN,pns
PD_03_PD_15,-9.88564785586732e-12,KPNYN,pns
PD_06_PD_08,0.0669238472804919,KPNYN,pns
PD_06_PD_10,-0.5022667759779467,KPNYN,pns
PD_06_PD_14,-0.094627258556557,KPNYN,pns
PD_07_PD_08,-0.0458534622815987,KPNYN,pns
PD_07_PD_10,-1.7952934816545254e-07,KPNYN,pns
PD_08_PD_10,-0.4209434262282092,KPNYN,pns
PD_08_PD_12,0.0,KPNYN,pns
PD_08_PD_14,-0.094627258556557,KPNYN,pns
PD_08_PD_15,-0.0108011845054967,KPNYN,pns
PD_10_PD_12,-4.437811852442408e-07,KPNYN,pns
PD_10_PD_13,1.3552357680524096e-08,KPNYN,pns
PD_10_PD_15,-5.513588363648125e-09,KPNYN,pns
PD_01_PD_02,0.0019886382226089,NB1,pns
PD_01_PD_03,0.0004945451226399,NB1,pns
PD_01_PD_08,-0.1651113890544802,NB1,pns
PD_01_PD_10,-0.0127889889127306,NB1,pns
PD_03_PD_05,-8.233423276493568e-09,NB1,pns
PD_03_PD_06,-0.0990051127340462,NB1,pns
PD_03_PD_07,-1.2299495866230359e-09,NB1,pns
PD_03_PD_08,-0.0990051127340462,NB1,pns
PD_03_PD_09,-0.1459168139975415,NB1,pns
PD_03_PD_10,-1.3162845208358752e-05,NB1,pns
PD_03_PD_11,-1.3176555544669457e-05,NB1,pns
PD_03_PD_12,0.0,NB1,pns
PD_03_PD_15,-9.88564785586732e-12,NB1,pns
PD_06_PD_08,0.0669238472804919,NB1,pns
PD_06_PD_10,-0.5022667759779467,NB1,pns
PD_06_PD_14,-0.094627258556557,NB1,pns
PD_07_PD_08,-0.0458534622815987,NB1,pns
PD_07_PD_10,-1.7952934816545254e-07,NB1,pns
PD_08_PD_10,-0.4209434262282092,NB1,pns
PD_08_PD_12,0.0,NB1,pns
PD_08_PD_14,-0.094627258556557,NB1,pns
PD_08_PD_15,-0.0108011845054967,NB1,pns
PD_10_PD_12,-4.437811852442408e-07,NB1,pns
PD_10_PD_13,1.3552357680524096e-08,NB1,pns
PD_10_PD_15,-5.513588363648125e-09,NB1,pns
PD_01_PD_02,0.0019886382226089,NB10,pns
PD_01_PD_03,0.0004945451226399,NB10,pns
PD_01_PD_08,-0.1651113890544802,NB10,pns
PD_01_PD_10,-0.0127889889127306,NB10,pns
PD_03_PD_05,-8.233423276493568e-09,NB10,pns
PD_03_PD_06,-0.0990051127340462,NB10,pns
PD_03_PD_07,-1.2299495866230359e-09,NB10,pns
PD_03_PD_08,-0.0990051127340462,NB10,pns
PD_03_PD_09,-0.1459168139975415,NB10,pns
PD_03_PD_10,-1.3162845208358752e-05,NB10,pns
PD_03_PD_11,-1.3176555544669457e-05,NB10,pns
PD_03_PD_12,0.0,NB10,pns
PD_03_PD_15,-9.88564785586732e-12,NB10,pns
PD_06_PD_08,0.0669238472804919,NB10,pns
PD_06_PD_10,-0.5022667759779467,NB10,pns
PD_06_PD_14,-0.094627258556557,NB10,pns
PD_07_PD_08,-0.0458534622815987,NB10,pns
PD_07_PD_10,-1.7952934816545254e-07,NB10,pns
PD_08_PD_10,-0.4209434262282092,NB10,pns
PD_08_PD_12,0.0,NB10,pns
PD_08_PD_14,-0.094627258556557,NB10,pns
PD_08_PD_15,-0.0108011845054967,NB10,pns
PD_10_PD_12,-4.437811852442408e-07,NB10,pns
PD_10_PD_13,1.3552357680524096e-08,NB10,pns
PD_10_PD_15,-5.513588363648125e-09,NB10,pns
PD_01_PD_02,0.0019886382226089,NB12,pns
PD_01_PD_03,0.0004945451226399,NB12,pns
PD_01_PD_08,-0.1651113890544802,NB12,pns
PD_01_PD_10,-0.0127889889127306,NB12,pns
PD_03_PD_05,-8.233423276493568e-09,NB12,pns
PD_03_PD_06,-0.0990051127340462,NB12,pns
PD_03_PD_07,-1.2299495866230359e-09,NB12,pns
PD_03_PD_08,-0.0990051127340462,NB12,pns
PD_03_PD_09,-0.1459168139975415,NB12,pns
PD_03_PD_10,-1.3162845208358752e-05,NB12,pns
PD_03_PD_11,-1.3176555544669457e-05,NB12,pns
PD_03_PD_12,0.0,NB12,pns
PD_03_PD_15,-9.88564785586732e-12,NB12,pns
PD_06_PD_08,0.0669238472804919,NB12,pns
PD_06_PD_10,-0.5022667759779467,NB12,pns
PD_06_PD_14,-0.094627258556557,NB12,pns
PD_07_PD_08,-0.0458534622815987,NB12,pns
PD_07_PD_10,-1.7952934816545254e-07,NB12,pns
PD_08_PD_10,-0.4209434262282092,NB12,pns
PD_08_PD_12,0.0,NB12,pns
PD_08_PD_14,-0.094627258556557,NB12,pns
PD_08_PD_15,-0.0108011845054967,NB12,pns
PD_10_PD_12,-4.437811852442408e-07,NB12,pns
PD_10_PD_13,1.3552357680524096e-08,NB12,pns
PD_10_PD_15,-5.513588363648125e-09,NB12,pns
PD_01_PD_02,-0.0042197626085886,NB13,pns
PD_01_PD_03,-0.0086878862227768,NB13,pns
PD_01_PD_08,-0.0374601940025105,NB13,pns
PD_01_PD_10,-0.0098364108917604,NB13,pns
PD_03_PD_05,-6.768175242477524e-09,NB13,pns
PD_03_PD_06,-0.022957521377409,NB13,pns
PD_03_PD_07,-1.9366147574473302e-09,NB13,pns
PD_03_PD_08,-0.0230799829848694,NB13,pns
PD_03_PD_09,-3.55580345390294e-07,NB13,pns
PD_03_PD_10,-2.250390258584645e-07,NB13,pns
PD_03_PD_11,-2.250850903440238e-07,NB13,pns
PD_03_PD_12,-2.3003821070233244e-13,NB13,pns
PD_03_PD_15,-8.475775636895833e-12,NB13,pns
PD_06_PD_08,0.003296686295042,NB13,pns
PD_06_PD_10,-0.5080823613010655,NB13,pns
PD_06_PD_14,-0.0136966256856706,NB13,pns
PD_07_PD_08,-0.0066378265274648,NB13,pns
PD_07_PD_10,-1.5203118763906787e-09,NB13,pns
PD_08_PD_10,-0.2989615155606342,NB13,pns
PD_08_PD_12,-0.0001237476126986,NB13,pns
PD_08_PD_14,-0.0138203732983692,NB13,pns
PD_08_PD_15,-0.0004057215935638,NB13,pns
PD_10_PD_12,-1.010296346581896e-07,NB13,pns
PD_10_PD_13,4.606870440682087e-11,NB13,pns
PD_10_PD_15,-3.3994140835602587e-11,NB13,pns
PD_01_PD_02,-0.0042197626085886,NB14,pns
PD_01_PD_03,-0.0086878862227768,NB14,pns
PD_01_PD_08,-0.0374601940025105,NB14,pns
PD_01_PD_10,-0.0098364108917604,NB14,pns
PD_03_PD_05,-6.768175242477524e-09,NB14,pns
PD_03_PD_06,-0.022957521377409,NB14,pns
PD_03_PD_07,-1.9366147574473302e-09,NB14,pns
PD_03_PD_08,-0.0230799829848694,NB14,pns
PD_03_PD_09,-3.55580345390294e-07,NB14,pns
PD_03_PD_10,-2.250390258584645e-07,NB14,pns
PD_03_PD_11,-2.250850903440238e-07,NB14,pns
PD_03_PD_12,-2.3003821070233244e-13,NB14,pns
PD_03_PD_15,-8.475775636895833e-12,NB14,pns
PD_06_PD_08,0.003296686295042,NB14,pns
PD_06_PD_10,-0.5080823613010655,NB14,pns
PD_06_PD_14,-0.0136966256856706,NB14,pns
PD_07_PD_08,-0.0066378265274648,NB14,pns
PD_07_PD_10,-1.5203118763906787e-09,NB14,pns
PD_08_PD_10,-0.2989615155606342,NB14,pns
PD_08_PD_12,-0.0001237476126986,NB14,pns
PD_08_PD_14,-0.0138203732983692,NB14,pns
PD_08_PD_15,-0.0004057215935638,NB14,pns
PD_10_PD_12,-1.010296346581896e-07,NB14,pns
PD_10_PD_13,4.606870440682087e-11,NB14,pns
PD_10_PD_15,-3.3994140835602587e-11,NB14,pns
PD_01_PD_02,-0.0002168570298419,NB69,pns
PD_01_PD_03,-0.0018909882719645,NB69,pns
PD_01_PD_08,-0.0324780011790234,NB69,pns
PD_01_PD_10,-0.0048362642946161,NB69,pns
PD_03_PD_05,-6.428734211638698e-09,NB69,pns
PD_03_PD_06,-0.0231740683517254,NB69,pns
PD_03_PD_07,-1.936153126713691e-09,NB69,pns
PD_03_PD_08,-0.0232965299591858,NB69,pns
PD_03_PD_09,-3.553088336882837e-07,NB69,pns
PD_03_PD_10,-3.110769420944237e-07,NB69,pns
PD_03_PD_11,-3.11124097818194e-07,NB69,pns
PD_03_PD_12,-2.3003821070233244e-13,NB69,pns
PD_03_PD_15,-8.120171202108395e-12,NB69,pns
PD_06_PD_08,0.0032966894735196,NB69,pns
PD_06_PD_10,-0.5085691615900784,NB69,pns
PD_06_PD_14,-0.0137026646318916,NB69,pns
PD_07_PD_08,-0.0066378697350181,NB69,pns
PD_07_PD_10,-1.5671328679189855e-09,NB69,pns
PD_08_PD_10,-0.2963247297686222,NB69,pns
PD_08_PD_12,-0.0001237476126986,NB69,pns
PD_08_PD_14,-0.0138264122445902,NB69,pns
PD_08_PD_15,-0.0004057243169571,NB69,pns
PD_10_PD_12,-1.0230748315187554e-07,NB69,pns
PD_10_PD_13,4.715983159542248e-11,NB69,pns
PD_10_PD_15,-3.5339287052238426e-11,NB69,pns
PD_01_PD_02,-0.0047742872282622,NB7,pns
PD_01_PD_03,-0.0094280435837277,NB7,pns
PD_01_PD_08,-0.0344020503382035,NB7,pns
PD_01_PD_10,-0.0101548231594438,NB7,pns
PD_03_PD_05,-3.7121689056007763e-09,NB7,pns
PD_03_PD_06,-0.022071764893557,NB7,pns
PD_03_PD_07,-7.658929046527874e-10,NB7,pns
PD_03_PD_08,-0.022158611615198,NB7,pns
PD_03_PD_09,-1.8593978545755618e-07,NB7,pns
PD_03_PD_10,-1.3005333221460802e-07,NB7,pns
PD_03_PD_11,-1.3006979304730493e-07,NB7,pns
PD_03_PD_12,-5.850875339774575e-14,NB7,pns
PD_03_PD_15,-3.584355035002318e-12,NB7,pns
PD_06_PD_08,0.0027946573874418,NB7,pns
PD_06_PD_10,-0.5003606278669349,NB7,pns
PD_06_PD_14,-0.0127096456048813,NB7,pns
PD_07_PD_08,-0.006187040998002,NB7,pns
PD_07_PD_10,-6.010786313126458e-10,NB7,pns
PD_08_PD_10,-0.2969752047454816,NB7,pns
PD_08_PD_12,-8.756618552219209e-05,NB7,pns
PD_08_PD_14,-0.0127972117904034,NB7,pns
PD_08_PD_15,-0.0003643379958457,NB7,pns
PD_10_PD_12,-4.9631524112747634e-08,NB7,pns
PD_10_PD_13,1.6462387009141818e-11,NB7,pns
PD_10_PD_15,-1.2853162978387898e-11,NB7,pns
PD_01_PD_02,-0.0025118529288117,NBTU110,pns
PD_01_PD_03,-0.0061268148352604,NBTU110,pns
PD_01_PD_08,-0.0347925350188901,NBTU110,pns
PD_01_PD_10,-0.0043268064574207,NBTU110,pns
PD_03_PD_05,-1.0404152345211417e-06,NBTU110,pns
PD_03_PD_06,-0.0177337213103621,NBTU110,pns
PD_03_PD_07,-1.157714274446775e-07,NBTU110,pns
PD_03_PD_08,-0.0177337213103621,NBTU110,pns
PD_03_PD_09,-1.0404141808084688e-06,NBTU110,pns
PD_03_PD_10,-1.2442326002726212e-05,NBTU110,pns
PD_03_PD_11,-1.2447671733584189e-05,NBTU110,pns
PD_03_PD_12,0.0,NBTU110,pns
PD_03_PD_15,-7.484296182802552e-09,NBTU110,pns
PD_06_PD_08,0.0015070484805194,NBTU110,pns
PD_06_PD_10,-0.54932470036427,NBTU110,pns
PD_06_PD_14,-0.0088525126644825,NBTU110,pns
PD_07_PD_08,-0.0026721907614479,NBTU110,pns
PD_07_PD_10,-9.115326371489375e-08,NBTU110,pns
PD_08_PD_10,-0.466362938203297,NBTU110,pns
PD_08_PD_12,0.0,NBTU110,pns
PD_08_PD_14,-0.0088525126644825,NBTU110,pns
PD_08_PD_15,-0.0002361128279841,NBTU110,pns
PD_10_PD_12,-9.907571429934592e-10,NBTU110,pns
PD_10_PD_13,5.351377674323032e-09,NBTU110,pns
PD_10_PD_15,-3.746896459766447e-09,NBTU110,pns
PD_01_PD_02,-0.0002168570298419,NH12,pns
PD_01_PD_03,-0.0018909882719645,NH12,pns
PD_01_PD_08,-0.0324780011790234,NH12,pns
PD_01_PD_10,-0.0048362642946161,NH12,pns
PD_03_PD_05,-6.428734211638698e-09,NH12,pns
PD_03_PD_06,-0.0231740683517254,NH12,pns
PD_03_PD_07,-1.936153126713691e-09,NH12,pns
PD_03_PD_08,-0.0232965299591858,NH12,pns
PD_03_PD_09,-3.553088336882837e-07,NH12,pns
PD_03_PD_10,-3.110769420944237e-07,NH12,pns
PD_03_PD_11,-3.11124097818194e-07,NH12,pns
PD_03_PD_12,-2.3003821070233244e-13,NH12,pns
PD_03_PD_15,-8.120171202108395e-12,NH12,pns
PD_06_PD_08,0.0032966894735196,NH12,pns
PD_06_PD_10,-0.5085691615900784,NH12,pns
PD_06_PD_14,-0.0137026646318916,NH12,pns
PD_07_PD_08,-0.0066378697350181,NH12,pns
PD_07_PD_10,-1.5671328679189855e-09,NH12,pns
PD_08_PD_10,-0.2963247297686222,NH12,pns
PD_08_PD_12,-0.0001237476126986,NH12,pns
PD_08_PD_14,-0.0138264122445902,NH12,pns
PD_08_PD_15,-0.0004057243169571,NH12,pns
PD_10_PD_12,-1.0230748315187554e-07,NH12,pns
PD_10_PD_13,4.715983159542248e-11,NH12,pns
PD_10_PD_15,-3.5339287052238426e-11,NH12,pns
PD_01_PD_02,-0.0002168570298419,SIMA,pns
PD_01_PD_03,-0.0018909882719645,SIMA,pns
PD_01_PD_08,-0.0324780011790234,SIMA,pns
PD_01_PD_10,-0.0048362642946161,SIMA,pns
PD_03_PD_05,-6.428734211638698e-09,SIMA,pns
PD_03_PD_06,-0.0231740683517254,SIMA,pns
PD_03_PD_07,-1.936153126713691e-09,SIMA,pns
PD_03_PD_08,-0.0232965299591858,SIMA,pns
PD_03_PD_09,-3.553088336882837e-07,SIMA,pns
PD_03_PD_10,-3.110769420944237e-07,SIMA,pns
PD_03_PD_11,-3.11124097818194e-07,SIMA,pns
PD_03_PD_12,-2.3003821070233244e-13,SIMA,pns
PD_03_PD_15,-8.120171202108395e-12,SIMA,pns
PD_06_PD_08,0.0032966894735196,SIMA,pns
PD_06_PD_10,-0.5085691615900784,SIMA,pns
PD_06_PD_14,-0.0137026646318916,SIMA,pns
PD_07_PD_08,-0.0066378697350181,SIMA,pns
PD_07_PD_10,-1.5671328679189855e-09,SIMA,pns
PD_08_PD_10,-0.2963247297686222,SIMA,pns
PD_08_PD_12,-0.0001237476126986,SIMA,pns
PD_08_PD_14,-0.0138264122445902,SIMA,pns
PD_08_PD_15,-0.0004057243169571,SIMA,pns
PD_10_PD_12,-1.0230748315187554e-07,SIMA,pns
PD_10_PD_13,4.715983159542248e-11,SIMA,pns
PD_10_PD_15,-3.5339287052238426e-11,SIMA,pns
PD_01_PD_02,-0.0002168570298419,SKNAS,pns
PD_01_PD_03,-0.0018909882719645,SKNAS,pns
PD_01_PD_08,-0.0324780011790234,SKNAS,pns
PD_01_PD_10,-0.0048362642946161,SKNAS,pns
PD_03_PD_05,-6.428734211638698e-09,SKNAS,pns
PD_03_PD_06,-0.0231740683517254,SKNAS,pns
PD_03_PD_07,-1.936153126713691e-09,SKNAS,pns
PD_03_PD_08,-0.0232965299591858,SKNAS,pns
PD_03_PD_09,-3.553088336882837e-07,SKNAS,pns
PD_03_PD_10,-3.110769420944237e-07,SKNAS,pns
PD_03_PD_11,-3.11124097818194e-07,SKNAS,pns
PD_03_PD_12,-2.3003821070233244e-13,SKNAS,pns
PD_03_PD_15,-8.120171202108395e-12,SKNAS,pns
PD_06_PD_08,0.0032966894735196,SKNAS,pns
PD_06_PD_10,-0.5085691615900784,SKNAS,pns
PD_06_PD_14,-0.0137026646318916,SKNAS,pns
PD_07_PD_08,-0.0066378697350181,SKNAS,pns
PD_07_PD_10,-1.5671328679189855e-09,SKNAS,pns
PD_08_PD_10,-0.2963247297686222,SKNAS,pns
PD_08_PD_12,-0.0001237476126986,SKNAS,pns
PD_08_PD_14,-0.0138264122445902,SKNAS,pns
PD_08_PD_15,-0.0004057243169571,SKNAS,pns
PD_10_PD_12,-1.0230748315187554e-07,SKNAS,pns
PD_10_PD_13,4.715983159542248e-11,SKNAS,pns
PD_10_PD_15,-3.5339287052238426e-11,SKNAS,pns
PD_01_PD_02,-0.0005376852860041,SKNDZ,pns
PD_01_PD_03,-0.0017061543882568,SKNDZ,pns
PD_01_PD_08,-0.0137236530830447,SKNDZ,pns
PD_01_PD_10,-0.0011777627068916,SKNDZ,pns
PD_03_PD_05,-3.375106316649834e-08,SKNDZ,pns
PD_03_PD_06,-0.0011899624451741,SKNDZ,pns
PD_03_PD_07,-3.611608789810816e-09,SKNDZ,pns
PD_03_PD_08,-0.0013236159337361,SKNDZ,pns
PD_03_PD_09,-5.209744948886375e-06,SKNDZ,pns
PD_03_PD_10,-4.620481034445234e-07,SKNDZ,pns
PD_03_PD_11,-4.6206229264988963e-07,SKNDZ,pns
PD_03_PD_12,0.0,SKNDZ,pns
PD_03_PD_15,-6.798828167120519e-11,SKNDZ,pns
PD_06_PD_08,5.9449008493750455e-08,SKNDZ,pns
PD_06_PD_10,-0.5272551101615156,SKNDZ,pns
PD_06_PD_14,-0.0039954906458179,SKNDZ,pns
PD_07_PD_08,-1.1553900989280663e-06,SKNDZ,pns
PD_07_PD_10,-6.704133914681164e-10,SKNDZ,pns
PD_08_PD_10,-0.0784149934500267,SKNDZ,pns
PD_08_PD_12,-0.0001336534885678,SKNDZ,pns
PD_08_PD_14,-0.0041291441343734,SKNDZ,pns
PD_08_PD_15,-5.3622071893855157e-08,SKNDZ,pns
PD_10_PD_12,-2.458669237093148e-07,SKNDZ,pns
PD_10_PD_13,1.4190648656153826e-11,SKNDZ,pns
PD_10_PD_15,-1.4712675522332574e-11,SKNDZ,pns
PD_01_PD_02,-0.0047742872282622,SKNFI,pns
PD_01_PD_03,-0.0094280435837277,SKNFI,pns
PD_01_PD_08,-0.0344020503382035,SKNFI,pns
PD_01_PD_10,-0.0101548231594438,SKNFI,pns
PD_03_PD_05,-3.7121689056007763e-09,SKNFI,pns
PD_03_PD_06,-0.022071764893557,SKNFI,pns
PD_03_PD_07,-7.658929046527874e-10,SKNFI,pns
PD_03_PD_08,-0.022158611615198,SKNFI,pns
PD_03_PD_09,-1.8593978545755618e-07,SKNFI,pns
PD_03_PD_10,-1.3005333221460802e-07,SKNFI,pns
PD_03_PD_11,-1.3006979304730493e-07,SKNFI,pns
PD_03_PD_12,-5.850875339774575e-14,SKNFI,pns
PD_03_PD_15,-3.584355035002318e-12,SKNFI,pns
PD_06_PD_08,0.0027946573874418,SKNFI,pns
PD_06_PD_10,-0.5003606278669349,SKNFI,pns
PD_06_PD_14,-0.0127096456048813,SKNFI,pns
PD_07_PD_08,-0.006187040998002,SKNFI,pns
PD_07_PD_10,-6.010786313126458e-10,SKNFI,pns
PD_08_PD_10,-0.2969752047454816,SKNFI,pns
PD_08_PD_12,-8.756618552219209e-05,SKNFI,pns
PD_08_PD_14,-0.0127972117904034,SKNFI,pns
PD_08_PD_15,-0.0003643379958457,SKNFI,pns
PD_10_PD_12,-4.9631524112747634e-08,SKNFI,pns
PD_10_PD_13,1.6462387009141818e-11,SKNFI,pns
PD_10_PD_15,-1.2853162978387898e-11,SKNFI,pns
PD_01_PD_02,-0.0002168570298419,SKNSH,pns
PD_01_PD_03,-0.0018909882719645,SKNSH,pns
PD_01_PD_08,-0.0324780011790234,SKNSH,pns
PD_01_PD_10,-0.0048362642946161,SKNSH,pns
PD_03_PD_05,-6.428734211638698e-09,SKNSH,pns
PD_03_PD_06,-0.0231740683517254,SKNSH,pns
PD_03_PD_07,-1.936153126713691e-09,SKNSH,pns
PD_03_PD_08,-0.0232965299591858,SKNSH,pns
PD_03_PD_09,-3.553088336882837e-07,SKNSH,pns
PD_03_PD_10,-3.110769420944237e-07,SKNSH,pns
PD_03_PD_11,-3.11124097818194e-07,SKNSH,pns
PD_03_PD_12,-2.3003821070233244e-13,SKNSH,pns
PD_03_PD_15,-8.120171202108395e-12,SKNSH,pns
PD_06_PD_08,0.0032966894735196,SKNSH,pns
PD_06_PD_10,-0.5085691615900784,SKNSH,pns
PD_06_PD_14,-0.0137026646318916,SKNSH,pns
PD_07_PD_08,-0.0066378697350181,SKNSH,pns
PD_07_PD_10,-1.5671328679189855e-09,SKNSH,pns
PD_08_PD_10,-0.2963247297686222,SKNSH,pns
PD_08_PD_12,-0.0001237476126986,SKNSH,pns
PD_08_PD_14,-0.0138264122445902,SKNSH,pns
PD_08_PD_15,-0.0004057243169571,SKNSH,pns
PD_10_PD_12,-1.0230748315187554e-07,SKNSH,pns
PD_10_PD_13,4.715983159542248e-11,SKNSH,pns
PD_10_PD_15,-3.5339287052238426e-11,SKNSH,pns
PD_01_PD_02,-0.0042197626085886,TGW,pns
PD_01_PD_03,-0.0086878862227768,TGW,pns
PD_01_PD_08,-0.0374601940025105,TGW,pns
PD_01_PD_10,-0.0098364108917604,TGW,pns
PD_03_PD_05,-6.768175242477524e-09,TGW,pns
PD_03_PD_06,-0.022957521377409,TGW,pns
PD_03_PD_07,-1.9366147574473302e-09,TGW,pns
PD_03_PD_08,-0.0230799829848694,TGW,pns
PD_03_PD_09,-3.55580345390294e-07,TGW,pns
PD_03_PD_10,-2.250390258584645e-07,TGW,pns
PD_03_PD_11,-2.250850903440238e-07,TGW,pns
PD_03_PD_12,-2.3003821070233244e-13,TGW,pns
PD_03_PD_15,-8.475775636895833e-12,TGW,pns
PD_06_PD_08,0.003296686295042,TGW,pns
PD_06_PD_10,-0.5080823613010655,TGW,pns
PD_06_PD_14,-0.0136966256856706,TGW,pns
PD_07_PD_08,-0.0066378265274648,TGW,pns
PD_07_PD_10,-1.5203118763906787e-09,TGW,pns
PD_08_PD_10,-0.2989615155606342,TGW,pns
PD_08_PD_12,-0.0001237476126986,TGW,pns
PD_08_PD_14,-0.0138203732983692,TGW,pns
PD_08_PD_15,-0.0004057215935638,TGW,pns
PD_10_PD_12,-1.010296346581896e-07,TGW,pns
PD_10_PD_13,4.606870440682087e-11,TGW,pns
PD_10_PD_15,-3.3994140835602587e-11,TGW,pns
PD_01_PD_02,-0.0052598115787203,22RV1,prostate
PD_01_PD_03,-0.0112292252739688,22RV1,prostate
PD_01_PD_08,-0.0542983835455498,22RV1,prostate
PD_01_PD_10,-0.0073500750774555,22RV1,prostate
PD_03_PD_05,-1.1857769210976699e-09,22RV1,prostate
PD_03_PD_06,-0.0356399919812133,22RV1,prostate
PD_03_PD_07,-9.467859829470625e-11,22RV1,prostate
PD_03_PD_08,-0.0359289411501475,22RV1,prostate
PD_03_PD_09,-5.968666527689237e-08,22RV1,prostate
PD_03_PD_10,-5.342111391026805e-07,22RV1,prostate
PD_03_PD_11,-5.3425772195137e-07,22RV1,prostate
PD_03_PD_12,0.0,22RV1,prostate
PD_03_PD_15,-5.316858064929876e-13,22RV1,prostate
PD_06_PD_08,0.0043537401223516,22RV1,prostate
PD_06_PD_10,-0.5370227313179943,22RV1,prostate
PD_06_PD_14,-0.020765175656531,22RV1,prostate
PD_07_PD_08,-0.0075304226029068,22RV1,prostate
PD_07_PD_10,-1.131557958444773e-09,22RV1,prostate
PD_08_PD_10,-0.3218972372219174,22RV1,prostate
PD_08_PD_12,-0.0002889491689342,22RV1,prostate
PD_08_PD_14,-0.0210541248254653,22RV1,prostate
PD_08_PD_15,-0.0005311310013436,22RV1,prostate
PD_10_PD_12,-3.3306690738754696e-16,22RV1,prostate
PD_10_PD_13,4.658284868952478e-11,22RV1,prostate
PD_10_PD_15,-4.3285042217178216e-11,22RV1,prostate
PD_01_PD_02,6.760599102284548e-05,BPH1,prostate
PD_01_PD_03,6.571900381924234e-05,BPH1,prostate
PD_01_PD_08,-0.0276191485378828,BPH1,prostate
PD_01_PD_10,-0.0018567753125946,BPH1,prostate
PD_03_PD_05,-1.050508569022668e-10,BPH1,prostate
PD_03_PD_06,0.036116623735845,BPH1,prostate
PD_03_PD_07,-2.9047542149385208e-11,BPH1,prostate
PD_03_PD_08,-0.0012183531363346,BPH1,prostate
PD_03_PD_09,-2.782664939926516e-05,BPH1,prostate
PD_03_PD_10,-7.233608045886797e-09,BPH1,prostate
PD_03_PD_11,-7.234578269788017e-09,BPH1,prostate
PD_03_PD_12,4.6629367034256575e-15,BPH1,prostate
PD_03_PD_15,-2.4868995751603507e-14,BPH1,prostate
PD_06_PD_08,1.0534189798239169e-07,BPH1,prostate
PD_06_PD_10,-0.483080329817562,BPH1,prostate
PD_06_PD_14,-0.0299139675084658,BPH1,prostate
PD_07_PD_08,-9.063250513419164e-07,BPH1,prostate
PD_07_PD_10,-3.767197664927835e-11,BPH1,prostate
PD_08_PD_10,-0.0013110453818832,BPH1,prostate
PD_08_PD_12,-0.0373349768721753,BPH1,prostate
PD_08_PD_14,-0.0672489443469961,BPH1,prostate
PD_08_PD_15,-2.2323475779018054e-07,BPH1,prostate
PD_10_PD_12,-2.6635958993992404e-09,BPH1,prostate
PD_10_PD_13,9.702239012199245e-13,BPH1,prostate
PD_10_PD_15,-1.010413974711355e-12,BPH1,prostate
PD_01_PD_02,-0.0662832971315176,DU145,prostate
PD_01_PD_03,-0.0899895630256586,DU145,prostate
PD_01_PD_08,-0.1104742083006788,DU145,prostate
PD_01_PD_10,-0.1394479288021851,DU145,prostate
PD_03_PD_05,-0.0021341073026764,DU145,prostate
PD_03_PD_06,-0.1463407713043489,DU145,prostate
PD_03_PD_07,-0.0020498309074329,DU145,prostate
PD_03_PD_08,-0.0359839970039784,DU145,prostate
PD_03_PD_09,-0.0020976214428034,DU145,prostate
PD_03_PD_10,-0.0157727367842663,DU145,prostate
PD_03_PD_11,-0.0209776908956168,DU145,prostate
PD_03_PD_12,-0.0052922271784111,DU145,prostate
PD_03_PD_15,-0.0001457374789506,DU145,prostate
PD_06_PD_08,0.00114434059483,DU145,prostate
PD_06_PD_10,-0.4427822480869404,DU145,prostate
PD_06_PD_14,-0.0722115293425463,DU145,prostate
PD_07_PD_08,-0.0032381932272417,DU145,prostate
PD_07_PD_10,-0.0091619758364501,DU145,prostate
PD_08_PD_10,-0.2613163755745793,DU145,prostate
PD_08_PD_12,-0.05475462395205,DU145,prostate
PD_08_PD_14,-0.1268190147624527,DU145,prostate
PD_08_PD_15,-0.000302441558084,DU145,prostate
PD_10_PD_12,-0.0044437427473552,DU145,prostate
PD_10_PD_13,0.0052989336742043,DU145,prostate
PD_10_PD_15,-0.0007115562854997,DU145,prostate
PD_01_PD_08,-0.0334568802320671,LNCAPCLONEFGC,prostate
PD_01_PD_10,-0.0012277571663259,LNCAPCLONEFGC,prostate
PD_06_PD_08,1.544990606894281e-06,LNCAPCLONEFGC,prostate
PD_06_PD_10,-0.4398752533902615,LNCAPCLONEFGC,prostate
PD_06_PD_14,-0.0446468194995022,LNCAPCLONEFGC,prostate
PD_07_PD_08,-4.152784066335791e-05,LNCAPCLONEFGC,prostate
PD_07_PD_10,-1.653333026041537e-11,LNCAPCLONEFGC,prostate
PD_08_PD_10,-0.0055117719657984,LNCAPCLONEFGC,prostate
PD_08_PD_12,-0.1081565044787427,LNCAPCLONEFGC,prostate
PD_08_PD_14,-0.1527625555401219,LNCAPCLONEFGC,prostate
PD_08_PD_15,-3.323129440513384e-06,LNCAPCLONEFGC,prostate
PD_10_PD_12,-1.0987988297017635e-11,LNCAPCLONEFGC,prostate
PD_10_PD_13,1.0658141036401504e-14,LNCAPCLONEFGC,prostate
PD_10_PD_15,-9.769962616701378e-15,LNCAPCLONEFGC,prostate
PD_01_PD_08,-0.0703799124043588,PC3,prostate
PD_01_PD_10,-0.0007566012545346,PC3,prostate
PD_06_PD_08,2.7098080682907977e-05,PC3,prostate
PD_06_PD_10,-0.5091602994717856,PC3,prostate
PD_06_PD_14,-0.0665512508570752,PC3,prostate
PD_07_PD_08,-0.0002083737920124,PC3,prostate
PD_07_PD_10,-2.1680435224880057e-12,PC3,prostate
PD_08_PD_10,-0.0174130006927761,PC3,prostate
PD_08_PD_12,-0.0209492040568545,PC3,prostate
PD_08_PD_14,-0.0875004549090908,PC3,prostate
PD_08_PD_15,-3.993603253760192e-05,PC3,prostate
PD_10_PD_12,-3.3787639353022314e-11,PC3,prostate
PD_10_PD_13,2.2870594307278225e-14,PC3,prostate
PD_10_PD_15,-1.3877787807814455e-14,PC3,prostate
PD_01_PD_02,-0.0043804772218585,PWR1E,prostate
PD_01_PD_03,-0.0086211698836304,PWR1E,prostate
PD_01_PD_08,-0.1671870378269538,PWR1E,prostate
PD_01_PD_10,-0.0100898667803156,PWR1E,prostate
PD_03_PD_05,-2.4162150724649223e-08,PWR1E,prostate
PD_03_PD_06,-0.1380881985015194,PWR1E,prostate
PD_03_PD_07,-2.833953072212125e-09,PWR1E,prostate
PD_03_PD_08,-0.1380881985015194,PWR1E,prostate
PD_03_PD_09,-0.0976144754336758,PWR1E,prostate
PD_03_PD_10,-5.199651611498268e-07,PWR1E,prostate
PD_03_PD_11,-5.201602397697513e-07,PWR1E,prostate
PD_03_PD_12,0.0,PWR1E,prostate
PD_03_PD_15,-3.432854001061969e-11,PWR1E,prostate
PD_06_PD_08,0.0799695429776533,PWR1E,prostate
PD_06_PD_10,-0.4957821112022696,PWR1E,prostate
PD_06_PD_14,-0.1092337366334588,PWR1E,prostate
PD_07_PD_08,-0.0752708555622053,PWR1E,prostate
PD_07_PD_10,-3.44630468607221e-09,PWR1E,prostate
PD_08_PD_10,-0.3985026660176639,PWR1E,prostate
PD_08_PD_12,0.0,PWR1E,prostate
PD_08_PD_14,-0.1092337366334588,PWR1E,prostate
PD_08_PD_15,-0.0098841824644397,PWR1E,prostate
PD_10_PD_12,-2.4723189384623367e-08,PWR1E,prostate
PD_10_PD_13,1.9508095139286752e-10,PWR1E,prostate
PD_10_PD_15,-1.0535183836424268e-10,PWR1E,prostate
PD_01_PD_08,-0.0184062368999827,VCAP,prostate
PD_01_PD_10,-0.0010289410837523,VCAP,prostate
PD_06_PD_08,2.8272377883276082e-08,VCAP,prostate
PD_06_PD_10,-0.5172269990775398,VCAP,prostate
PD_06_PD_14,-0.0158872320798261,VCAP,prostate
PD_07_PD_08,-2.2383143853943466e-06,VCAP,prostate
PD_07_PD_10,-9.132028466751764e-12,VCAP,prostate
PD_08_PD_10,-0.0019842256256817,VCAP,prostate
PD_08_PD_12,-0.0011965707130989,VCAP,prostate
PD_08_PD_14,-0.0170838027921064,VCAP,prostate
PD_08_PD_15,-9.982626947291352e-08,VCAP,prostate
PD_10_PD_12,1.1868284133242926e-13,VCAP,prostate
PD_10_PD_13,1.1868284133242926e-13,VCAP,prostate
PD_10_PD_15,-1.4888090760223352e-13,VCAP,prostate
PD_01_PD_02,-0.0019300494607694,A101D,skin
PD_01_PD_03,-0.0040895973503375,A101D,skin
PD_01_PD_08,-0.0802006793771132,A101D,skin
PD_01_PD_10,-0.0024842391467055,A101D,skin
PD_03_PD_05,-7.906855403749803e-08,A101D,skin
PD_03_PD_06,-0.114718197356233,A101D,skin
PD_03_PD_07,-1.0238086267655433e-08,A101D,skin
PD_03_PD_08,-0.114718197356233,A101D,skin
PD_03_PD_09,-7.906852894645766e-08,A101D,skin
PD_03_PD_10,-1.4425385383987075e-06,A101D,skin
PD_03_PD_11,-1.4428430284985083e-06,A101D,skin
PD_03_PD_12,0.0,A101D,skin
PD_03_PD_15,-4.20205314988209e-10,A101D,skin
PD_06_PD_08,0.0542810010277834,A101D,skin
PD_06_PD_10,-0.4806418073973935,A101D,skin
PD_06_PD_14,-0.0719111348390977,A101D,skin
PD_07_PD_08,-0.0583556484226301,A101D,skin
PD_07_PD_10,-8.744460155973854e-09,A101D,skin
PD_08_PD_10,-0.4220044334229452,A101D,skin
PD_08_PD_12,0.0,A101D,skin
PD_08_PD_14,-0.0719111348390977,A101D,skin
PD_08_PD_15,-0.0031965960166221,A101D,skin
PD_10_PD_12,0.0,A101D,skin
PD_10_PD_13,3.0463842559669274e-10,A101D,skin
PD_10_PD_15,-2.351451255933057e-10,A101D,skin
PD_01_PD_02,-0.0014372033622515,A2058,skin
PD_01_PD_03,-0.0034749260041403,A2058,skin
PD_01_PD_08,-0.1745163396546496,A2058,skin
PD_01_PD_10,-0.0039811468885901,A2058,skin
PD_03_PD_05,-5.811612155959267e-07,A2058,skin
PD_03_PD_06,-0.0768194269102543,A2058,skin
PD_03_PD_07,-9.5452703074983e-08,A2058,skin
PD_03_PD_08,-0.0761206989373159,A2058,skin
PD_03_PD_09,-5.811597909577415e-07,A2058,skin
PD_03_PD_10,-7.173053853448685e-06,A2058,skin
PD_03_PD_11,-7.177947891290337e-06,A2058,skin
PD_03_PD_12,-1.7763568394002505e-15,A2058,skin
PD_03_PD_15,-5.3639541697236845e-09,A2058,skin
PD_06_PD_08,0.0119877667287998,A2058,skin
PD_06_PD_10,-0.5224817665100198,A2058,skin
PD_06_PD_14,-0.0432104889544869,A2058,skin
PD_07_PD_08,-0.0031495459613891,A2058,skin
PD_07_PD_10,-8.476999047157818e-08,A2058,skin
PD_08_PD_10,-0.4095836910664122,A2058,skin
PD_08_PD_12,-1.4105799368557823e-06,A2058,skin
PD_08_PD_14,-0.0431976066341851,A2058,skin
PD_08_PD_15,-0.0014955812450161,A2058,skin
PD_10_PD_12,-3.7636560534792807e-14,A2058,skin
PD_10_PD_13,4.900849503997051e-09,A2058,skin
PD_10_PD_15,-3.1300816383250663e-09,A2058,skin
PD_01_PD_02,-0.0075909101692324,A375,skin
PD_01_PD_03,-0.0140296882883648,A375,skin
PD_01_PD_08,-0.0693547724598486,A375,skin
PD_01_PD_10,-0.0087884529248903,A375,skin
PD_03_PD_05,-6.017976006411629e-09,A375,skin
PD_03_PD_06,-0.151454722398512,A375,skin
PD_03_PD_07,-8.888179081623092e-11,A375,skin
PD_03_PD_08,-0.151454722398512,A375,skin
PD_03_PD_09,-6.017974230054791e-09,A375,skin
PD_03_PD_10,-3.779862778330312e-07,A375,skin
PD_03_PD_11,-3.781221155074732e-07,A375,skin
PD_03_PD_12,0.0,A375,skin
PD_03_PD_15,-5.673350678137013e-12,A375,skin
PD_06_PD_08,0.0631011965153642,A375,skin
PD_06_PD_10,-0.5329684585401225,A375,skin
PD_06_PD_14,-0.1018985547778554,A375,skin
PD_07_PD_08,-0.1236436000477567,A375,skin
PD_07_PD_10,-2.533539267268736e-09,A375,skin
PD_08_PD_10,-0.4198210168237797,A375,skin
PD_08_PD_12,0.0,A375,skin
PD_08_PD_14,-0.1018985547778554,A375,skin
PD_08_PD_15,-0.0051111883366106,A375,skin
PD_10_PD_12,-2.2712306146921435e-08,A375,skin
PD_10_PD_13,1.3583834057584454e-10,A375,skin
PD_10_PD_15,-7.492195752689668e-11,A375,skin
PD_01_PD_02,-0.0019300494607694,C32,skin
PD_01_PD_03,-0.0040895973503375,C32,skin
PD_01_PD_08,-0.0802006793771132,C32,skin
PD_01_PD_10,-0.0024842391467055,C32,skin
PD_03_PD_05,-7.906855403749803e-08,C32,skin
PD_03_PD_06,-0.114718197356233,C32,skin
PD_03_PD_07,-1.0238086267655433e-08,C32,skin
PD_03_PD_08,-0.114718197356233,C32,skin
PD_03_PD_09,-7.906852894645766e-08,C32,skin
PD_03_PD_10,-1.4425385383987075e-06,C32,skin
PD_03_PD_11,-1.4428430284985083e-06,C32,skin
PD_03_PD_12,0.0,C32,skin
PD_03_PD_15,-4.20205314988209e-10,C32,skin
PD_06_PD_08,0.0542810010277834,C32,skin
PD_06_PD_10,-0.4806418073973935,C32,skin
PD_06_PD_14,-0.0719111348390977,C32,skin
PD_07_PD_08,-0.0583556484226301,C32,skin
PD_07_PD_10,-8.744460155973854e-09,C32,skin
PD_08_PD_10,-0.4220044334229452,C32,skin
PD_08_PD_12,0.0,C32,skin
PD_08_PD_14,-0.0719111348390977,C32,skin
PD_08_PD_15,-0.0031965960166221,C32,skin
PD_10_PD_12,0.0,C32,skin
PD_10_PD_13,3.0463842559669274e-10,C32,skin
PD_10_PD_15,-2.351451255933057e-10,C32,skin
PD_01_PD_02,-0.0052945988315455,CHL1,skin
PD_01_PD_03,-0.0105623004172347,CHL1,skin
PD_01_PD_08,-0.0378815729547853,CHL1,skin
PD_01_PD_10,-0.0121315306387445,CHL1,skin
PD_03_PD_05,-3.302299322882618e-09,CHL1,skin
PD_03_PD_06,-0.0193847471697223,CHL1,skin
PD_03_PD_07,-6.807955310605961e-10,CHL1,skin
PD_03_PD_08,-0.0193866675700793,CHL1,skin
PD_03_PD_09,-1.4918011270736997e-08,CHL1,skin
PD_03_PD_10,-1.3010797494938944e-07,CHL1,skin
PD_03_PD_11,-1.3012443578208632e-07,CHL1,skin
PD_03_PD_12,-5.206945985491984e-14,CHL1,skin
PD_03_PD_15,-3.1864511029766618e-12,CHL1,skin
PD_06_PD_08,0.0027948956394823,CHL1,skin
PD_06_PD_10,-0.5088684335681448,CHL1,skin
PD_06_PD_14,-0.0110509979556659,CHL1,skin
PD_07_PD_08,-0.0061870409330124,CHL1,skin
PD_07_PD_10,-6.010767439335041e-10,CHL1,skin
PD_08_PD_10,-0.3507788865429975,CHL1,skin
PD_08_PD_12,-2.5599238068219066e-06,CHL1,skin
PD_08_PD_14,-0.0110535578794728,CHL1,skin
PD_08_PD_15,-0.0003643379958461,CHL1,skin
PD_10_PD_12,-4.9645116684260415e-08,CHL1,skin
PD_10_PD_13,1.6462387009141818e-11,CHL1,skin
PD_10_PD_15,-1.2853385022992823e-11,CHL1,skin
PD_01_PD_02,-0.0174965982618784,COLO679,skin
PD_01_PD_03,-0.0291457796187338,COLO679,skin
PD_01_PD_08,-0.0324463872268673,COLO679,skin
PD_01_PD_10,-0.0185111450568684,COLO679,skin
PD_03_PD_05,-5.330829999650177e-09,COLO679,skin
PD_03_PD_06,-0.1532353397376336,COLO679,skin
PD_03_PD_07,-7.557221515241963e-11,COLO679,skin
PD_03_PD_08,-0.1532353397376336,COLO679,skin
PD_03_PD_09,-5.330828889427153e-09,COLO679,skin
PD_03_PD_10,-2.4992132563461666e-07,COLO679,skin
PD_03_PD_11,-2.499888192009081e-07,COLO679,skin
PD_03_PD_12,0.0,COLO679,skin
PD_03_PD_15,-4.280464871442291e-12,COLO679,skin
PD_06_PD_08,0.076827386165908,COLO679,skin
PD_06_PD_10,-0.5107692104698249,COLO679,skin
PD_06_PD_14,-0.1076736685889591,COLO679,skin
PD_07_PD_08,-0.1463695843098058,COLO679,skin
PD_07_PD_10,-1.428921758694912e-09,COLO679,skin
PD_08_PD_10,-0.4004358533363635,COLO679,skin
PD_08_PD_12,0.0,COLO679,skin
PD_08_PD_14,-0.1076736685889591,COLO679,skin
PD_08_PD_15,-0.0055918413882019,COLO679,skin
PD_10_PD_12,-8.648442517689148e-09,COLO679,skin
PD_10_PD_13,6.749389935833959e-11,COLO679,skin
PD_10_PD_15,-3.875233467454109e-11,COLO679,skin
PD_01_PD_02,-0.0004584090243062,COLO792,skin
PD_01_PD_03,-0.0012465743608688,COLO792,skin
PD_01_PD_08,-0.1831010944783672,COLO792,skin
PD_01_PD_10,-0.0100625776968128,COLO792,skin
PD_03_PD_05,-5.120607160513657e-09,COLO792,skin
PD_03_PD_06,-0.1156132534225335,COLO792,skin
PD_03_PD_07,-7.361855569598673e-10,COLO792,skin
PD_03_PD_08,-0.115617878840351,COLO792,skin
PD_03_PD_09,-7.713784055951578e-09,COLO792,skin
PD_03_PD_10,-5.861125002004641e-07,COLO792,skin
PD_03_PD_11,-5.861537459850297e-07,COLO792,skin
PD_03_PD_12,0.0,COLO792,skin
PD_03_PD_15,-5.60040902541914e-12,COLO792,skin
PD_06_PD_08,0.1358800380120162,COLO792,skin
PD_06_PD_10,-0.392924588239585,COLO792,skin
PD_06_PD_14,-0.0598190409550891,COLO792,skin
PD_07_PD_08,-0.0050406849288294,COLO792,skin
PD_07_PD_10,-3.201930831586708e-09,COLO792,skin
PD_08_PD_10,-0.2646593757404966,COLO792,skin
PD_08_PD_12,-4.625417817427646e-06,COLO792,skin
PD_08_PD_14,-0.0598236663729065,COLO792,skin
PD_08_PD_15,-0.0030563354754847,COLO792,skin
PD_10_PD_12,-5.443887352019061e-08,COLO792,skin
PD_10_PD_13,4.124578456554673e-11,COLO792,skin
PD_10_PD_15,-2.5765167777080933e-11,COLO792,skin
PD_01_PD_02,-0.0121702268581477,COLO829,skin
PD_01_PD_03,-0.0214299556136261,COLO829,skin
PD_01_PD_08,-0.1165969526303078,COLO829,skin
PD_01_PD_10,-0.0113461440261982,COLO829,skin
PD_03_PD_05,-1.2070332733316036e-08,COLO829,skin
PD_03_PD_06,-0.123221310462713,COLO829,skin
PD_03_PD_07,-2.2886514905451347e-10,COLO829,skin
PD_03_PD_08,-0.123221310462713,COLO829,skin
PD_03_PD_09,-1.2070325960955586e-08,COLO829,skin
PD_03_PD_10,-6.827779632789799e-07,COLO829,skin
PD_03_PD_11,-6.830881208452766e-07,COLO829,skin
PD_03_PD_12,0.0,COLO829,skin
PD_03_PD_15,-1.4212631072041404e-11,COLO829,skin
PD_06_PD_08,0.0581011064988876,COLO829,skin
PD_06_PD_10,-0.5076521177491973,COLO829,skin
PD_06_PD_14,-0.0810676882052484,COLO829,skin
PD_07_PD_08,-0.0764679150231896,COLO829,skin
PD_07_PD_10,-5.085193599541071e-09,COLO829,skin
PD_08_PD_10,-0.4229568011524086,COLO829,skin
PD_08_PD_12,0.0,COLO829,skin
PD_08_PD_14,-0.0810676882052484,COLO829,skin
PD_08_PD_15,-0.00398265618946,COLO829,skin
PD_10_PD_12,-3.3543474331487744e-08,COLO829,skin
PD_10_PD_13,3.1015812140822163e-10,COLO829,skin
PD_10_PD_15,-1.6303480787627223e-10,COLO829,skin
PD_01_PD_02,-0.0075909101692324,G361,skin
PD_01_PD_03,-0.0140296882883648,G361,skin
PD_01_PD_08,-0.0693547724598486,G361,skin
PD_01_PD_10,-0.0087884529248903,G361,skin
PD_03_PD_05,-6.017976006411629e-09,G361,skin
PD_03_PD_06,-0.151454722398512,G361,skin
PD_03_PD_07,-8.888179081623092e-11,G361,skin
PD_03_PD_08,-0.151454722398512,G361,skin
PD_03_PD_09,-6.017974230054791e-09,G361,skin
PD_03_PD_10,-3.779862778330312e-07,G361,skin
PD_03_PD_11,-3.781221155074732e-07,G361,skin
PD_03_PD_12,0.0,G361,skin
PD_03_PD_15,-5.673350678137013e-12,G361,skin
PD_06_PD_08,0.0631011965153642,G361,skin
PD_06_PD_10,-0.5329684585401225,G361,skin
PD_06_PD_14,-0.1018985547778554,G361,skin
PD_07_PD_08,-0.1236436000477567,G361,skin
PD_07_PD_10,-2.533539267268736e-09,G361,skin
PD_08_PD_10,-0.4198210168237797,G361,skin
PD_08_PD_12,0.0,G361,skin
PD_08_PD_14,-0.1018985547778554,G361,skin
PD_08_PD_15,-0.0051111883366106,G361,skin
PD_10_PD_12,-2.2712306146921435e-08,G361,skin
PD_10_PD_13,1.3583834057584454e-10,G361,skin
PD_10_PD_15,-7.492195752689668e-11,G361,skin
PD_01_PD_08,-0.0449327129238937,GAK,skin
PD_01_PD_10,-0.0016776767206271,GAK,skin
PD_06_PD_08,6.461914954236647e-07,GAK,skin
PD_06_PD_10,-0.5263957853092917,GAK,skin
PD_06_PD_14,-0.0293247231777203,GAK,skin
PD_07_PD_08,-5.753980244715962e-06,GAK,skin
PD_07_PD_10,-1.8118839761882557e-13,GAK,skin
PD_08_PD_10,-0.0029188212522732,GAK,skin
PD_08_PD_12,-0.0053599136800013,GAK,skin
PD_08_PD_14,-0.0346846368561575,GAK,skin
PD_08_PD_15,-1.5443522796143585e-06,GAK,skin
PD_10_PD_12,-1.5329959524024164e-12,GAK,skin
PD_10_PD_13,3.3306690738754696e-16,GAK,skin
PD_10_PD_15,-5.551115123125784e-16,GAK,skin
PD_01_PD_02,-0.0042045506553565,HMVII,skin
PD_01_PD_03,-0.008272784482151,HMVII,skin
PD_01_PD_08,-0.0314613891071978,HMVII,skin
PD_01_PD_10,-0.0097234220605136,HMVII,skin
PD_03_PD_05,-6.017372489175443e-09,HMVII,skin
PD_03_PD_06,-0.0287145820135912,HMVII,skin
PD_03_PD_07,-1.6955864490242332e-09,HMVII,skin
PD_03_PD_08,-0.0287135228196681,HMVII,skin
PD_03_PD_09,-6.017372267130838e-09,HMVII,skin
PD_03_PD_10,-4.520871289548367e-07,HMVII,skin
PD_03_PD_11,-4.5213957677869843e-07,HMVII,skin
PD_03_PD_12,-1.971756091734278e-13,HMVII,skin
PD_03_PD_15,-7.392086942559217e-12,HMVII,skin
PD_06_PD_08,0.0036882127157611,HMVII,skin
PD_06_PD_10,-0.5247452349306012,HMVII,skin
PD_06_PD_14,-0.0158232630157717,HMVII,skin
PD_07_PD_08,-0.0083301260258182,HMVII,skin
PD_07_PD_10,-1.7556615050651203e-09,HMVII,skin
PD_08_PD_10,-0.3940660866856431,HMVII,skin
PD_08_PD_12,-2.1649348980190556e-14,HMVII,skin
PD_08_PD_14,-0.0158232630157934,HMVII,skin
PD_08_PD_15,-0.0004882621728637,HMVII,skin
PD_10_PD_12,-1.0471635780717749e-07,HMVII,skin
PD_10_PD_13,5.2452486798415514e-11,HMVII,skin
PD_10_PD_15,-4.00297572866748e-11,HMVII,skin
PD_01_PD_02,-0.0075909101692324,HT144,skin
PD_01_PD_03,-0.0140296882883648,HT144,skin
PD_01_PD_08,-0.0693547724598486,HT144,skin
PD_01_PD_10,-0.0087884529248903,HT144,skin
PD_03_PD_05,-6.017976006411629e-09,HT144,skin
PD_03_PD_06,-0.151454722398512,HT144,skin
PD_03_PD_07,-8.888179081623092e-11,HT144,skin
PD_03_PD_08,-0.151454722398512,HT144,skin
PD_03_PD_09,-6.017974230054791e-09,HT144,skin
PD_03_PD_10,-3.779862778330312e-07,HT144,skin
PD_03_PD_11,-3.781221155074732e-07,HT144,skin
PD_03_PD_12,0.0,HT144,skin
PD_03_PD_15,-5.673350678137013e-12,HT144,skin
PD_06_PD_08,0.0631011965153642,HT144,skin
PD_06_PD_10,-0.5329684585401225,HT144,skin
PD_06_PD_14,-0.1018985547778554,HT144,skin
PD_07_PD_08,-0.1236436000477567,HT144,skin
PD_07_PD_10,-2.533539267268736e-09,HT144,skin
PD_08_PD_10,-0.4198210168237797,HT144,skin
PD_08_PD_12,0.0,HT144,skin
PD_08_PD_14,-0.1018985547778554,HT144,skin
PD_08_PD_15,-0.0051111883366106,HT144,skin
PD_10_PD_12,-2.2712306146921435e-08,HT144,skin
PD_10_PD_13,1.3583834057584454e-10,HT144,skin
PD_10_PD_15,-7.492195752689668e-11,HT144,skin
PD_01_PD_02,-0.0016701171112845,IGR1,skin
PD_01_PD_03,-0.0040239202589585,IGR1,skin
PD_01_PD_08,-0.0237310566058344,IGR1,skin
PD_01_PD_10,-0.0035607166400681,IGR1,skin
PD_03_PD_05,-4.6587923596685954e-07,IGR1,skin
PD_03_PD_06,-0.0276857813227905,IGR1,skin
PD_03_PD_07,-4.420880594935284e-08,IGR1,skin
PD_03_PD_08,-0.0187690846757421,IGR1,skin
PD_03_PD_09,-4.658790666578483e-07,IGR1,skin
PD_03_PD_10,-6.347621529068093e-06,IGR1,skin
PD_03_PD_11,-6.34918538344742e-06,IGR1,skin
PD_03_PD_12,-8.75084449347696e-11,IGR1,skin
PD_03_PD_15,-2.5086256405515432e-09,IGR1,skin
PD_06_PD_08,0.0020379352393664,IGR1,skin
PD_06_PD_10,-0.5382580241041758,IGR1,skin
PD_06_PD_14,-0.0137626483713537,IGR1,skin
PD_07_PD_08,-0.0041632229073182,IGR1,skin
PD_07_PD_10,-3.3076947403287704e-08,IGR1,skin
PD_08_PD_10,-0.1563852739500416,IGR1,skin
PD_08_PD_12,-0.0002841014840064,IGR1,skin
PD_08_PD_14,-0.0140467498552468,IGR1,skin
PD_08_PD_15,-0.000294291296749,IGR1,skin
PD_10_PD_12,-1.5683798704202443e-10,IGR1,skin
PD_10_PD_13,1.5648760065545275e-09,IGR1,skin
PD_10_PD_15,-1.1975184177615006e-09,IGR1,skin
PD_01_PD_02,-0.0050739245823251,IGR37,skin
PD_01_PD_03,-0.0100300215118812,IGR37,skin
PD_01_PD_08,-0.0254779765331728,IGR37,skin
PD_01_PD_10,-0.0109938573591416,IGR37,skin
PD_03_PD_05,-1.0540286754512353e-08,IGR37,skin
PD_03_PD_06,-0.0184771253356581,IGR37,skin
PD_03_PD_07,-3.037943008266097e-09,IGR37,skin
PD_03_PD_08,-0.0184755623698106,IGR37,skin
PD_03_PD_09,-1.0540286088378537e-08,IGR37,skin
PD_03_PD_10,-5.24835651050104e-07,IGR37,skin
PD_03_PD_11,-5.249408902008312e-07,IGR37,skin
PD_03_PD_12,-4.932720898409572e-13,IGR37,skin
PD_03_PD_15,-1.573108310282123e-11,IGR37,skin
PD_06_PD_08,0.0037115367876737,IGR37,skin
PD_06_PD_10,-0.528618167218398,IGR37,skin
PD_06_PD_14,-0.0118239368638179,IGR37,skin
PD_07_PD_08,-0.0069643414301706,IGR37,skin
PD_07_PD_10,-3.0986224697215903e-09,IGR37,skin
PD_08_PD_10,-0.4060959890107167,IGR37,skin
PD_08_PD_12,-5.828670879282073e-14,IGR37,skin
PD_08_PD_14,-0.0118239368638762,IGR37,skin
PD_08_PD_15,-0.0004372152823706,IGR37,skin
PD_10_PD_12,-1.6913639377946765e-07,IGR37,skin
PD_10_PD_13,1.0525269544814364e-10,IGR37,skin
PD_10_PD_15,-7.541822721890412e-11,IGR37,skin
PD_01_PD_02,-0.0022830340359164,ISTMEL1,skin
PD_01_PD_03,-0.0055199274132293,ISTMEL1,skin
PD_01_PD_08,-0.0792830661722013,ISTMEL1,skin
PD_01_PD_10,-0.0039059962675379,ISTMEL1,skin
PD_03_PD_05,-9.597277815798222e-07,ISTMEL1,skin
PD_03_PD_06,-0.0348328395856947,ISTMEL1,skin
PD_03_PD_07,-1.0538456951536547e-07,ISTMEL1,skin
PD_03_PD_08,-0.0348380525279095,ISTMEL1,skin
PD_03_PD_09,-9.59726895066737e-07,ISTMEL1,skin
PD_03_PD_10,-1.16645761838452e-05,ISTMEL1,skin
PD_03_PD_11,-1.166933639240586e-05,ISTMEL1,skin
PD_03_PD_12,0.0,ISTMEL1,skin
PD_03_PD_15,-6.740098590363175e-09,ISTMEL1,skin
PD_06_PD_08,0.004474864344755,ISTMEL1,skin
PD_06_PD_10,-0.5390605138778948,ISTMEL1,skin
PD_06_PD_14,-0.0197292574296461,ISTMEL1,skin
PD_07_PD_08,-0.0026296805910671,ISTMEL1,skin
PD_07_PD_10,-8.283561125921325e-08,ISTMEL1,skin
PD_08_PD_10,-0.4657730409079901,ISTMEL1,skin
PD_08_PD_12,-3.439540955385567e-07,ISTMEL1,skin
PD_08_PD_14,-0.0197249611918607,ISTMEL1,skin
PD_08_PD_15,-0.0006043457556715,ISTMEL1,skin
PD_10_PD_12,-5.370808242588511e-10,ISTMEL1,skin
PD_10_PD_13,4.765012384666534e-09,ISTMEL1,skin
PD_10_PD_15,-3.3649975028637873e-09,ISTMEL1,skin
PD_01_PD_02,-0.0086979481275336,LOXIMVI,skin
PD_01_PD_03,-0.0160678227399998,LOXIMVI,skin
PD_01_PD_08,-0.0867391076349637,LOXIMVI,skin
PD_01_PD_10,-0.0096986416234406,LOXIMVI,skin
PD_03_PD_05,-5.969665650695788e-09,LOXIMVI,skin
PD_03_PD_06,-0.1593151160711756,LOXIMVI,skin
PD_03_PD_07,-8.732903289399019e-11,LOXIMVI,skin
PD_03_PD_08,-0.1593151160711756,LOXIMVI,skin
PD_03_PD_09,-5.9696638743389485e-09,LOXIMVI,skin
PD_03_PD_10,-4.011351989463563e-07,LOXIMVI,skin
PD_03_PD_11,-4.012715159040781e-07,LOXIMVI,skin
PD_03_PD_12,0.0,LOXIMVI,skin
PD_03_PD_15,-5.648592704687872e-12,LOXIMVI,skin
PD_06_PD_08,0.0632263866411558,LOXIMVI,skin
PD_06_PD_10,-0.5217653719675148,LOXIMVI,skin
PD_06_PD_14,-0.1047039955764222,LOXIMVI,skin
PD_07_PD_08,-0.1239286972256973,LOXIMVI,skin
PD_07_PD_10,-2.535413101689698e-09,LOXIMVI,skin
PD_08_PD_10,-0.4193320139252527,LOXIMVI,skin
PD_08_PD_12,0.0,LOXIMVI,skin
PD_08_PD_14,-0.1047039955764222,LOXIMVI,skin
PD_08_PD_15,-0.005148141221316,LOXIMVI,skin
PD_10_PD_12,-2.2732666415947733e-08,LOXIMVI,skin
PD_10_PD_13,1.3631695772176045e-10,LOXIMVI,skin
PD_10_PD_15,-7.528500045594909e-11,LOXIMVI,skin
PD_01_PD_02,-0.0050739245823251,M14,skin
PD_01_PD_03,-0.0100300215118812,M14,skin
PD_01_PD_08,-0.0254779765331728,M14,skin
PD_01_PD_10,-0.0109938573591416,M14,skin
PD_03_PD_05,-1.0540286754512353e-08,M14,skin
PD_03_PD_06,-0.0184771253356581,M14,skin
PD_03_PD_07,-3.037943008266097e-09,M14,skin
PD_03_PD_08,-0.0184755623698106,M14,skin
PD_03_PD_09,-1.0540286088378537e-08,M14,skin
PD_03_PD_10,-5.24835651050104e-07,M14,skin
PD_03_PD_11,-5.249408902008312e-07,M14,skin
PD_03_PD_12,-4.932720898409572e-13,M14,skin
PD_03_PD_15,-1.573108310282123e-11,M14,skin
PD_06_PD_08,0.0037115367876737,M14,skin
PD_06_PD_10,-0.528618167218398,M14,skin
PD_06_PD_14,-0.0118239368638179,M14,skin
PD_07_PD_08,-0.0069643414301706,M14,skin
PD_07_PD_10,-3.0986224697215903e-09,M14,skin
PD_08_PD_10,-0.4060959890107167,M14,skin
PD_08_PD_12,-5.828670879282073e-14,M14,skin
PD_08_PD_14,-0.0118239368638762,M14,skin
PD_08_PD_15,-0.0004372152823706,M14,skin
PD_10_PD_12,-1.6913639377946765e-07,M14,skin
PD_10_PD_13,1.0525269544814364e-10,M14,skin
PD_10_PD_15,-7.541822721890412e-11,M14,skin
PD_01_PD_08,-0.2152262340918145,MELJUSO,skin
PD_01_PD_10,-0.0898030343052871,MELJUSO,skin
PD_06_PD_08,0.0070387135692154,MELJUSO,skin
PD_06_PD_10,-0.1277047127061218,MELJUSO,skin
PD_06_PD_14,-0.0354218111683752,MELJUSO,skin
PD_07_PD_08,-0.0099761226699363,MELJUSO,skin
PD_07_PD_10,-0.000362362487258,MELJUSO,skin
PD_08_PD_10,-0.1307258701077751,MELJUSO,skin
PD_08_PD_12,-0.3866391512512247,MELJUSO,skin
PD_08_PD_14,-0.4193713772176455,MELJUSO,skin
PD_08_PD_15,-0.0052602927814646,MELJUSO,skin
PD_10_PD_12,0.000411254895151,MELJUSO,skin
PD_10_PD_13,0.0002511725370422,MELJUSO,skin
PD_10_PD_15,-5.3944850160525526e-05,MELJUSO,skin
PD_01_PD_02,-0.0047742872282622,MEWO,skin
PD_01_PD_03,-0.0094280435837277,MEWO,skin
PD_01_PD_08,-0.0344020503382035,MEWO,skin
PD_01_PD_10,-0.0101548231594438,MEWO,skin
PD_03_PD_05,-3.7121689056007763e-09,MEWO,skin
PD_03_PD_06,-0.022071764893557,MEWO,skin
PD_03_PD_07,-7.658929046527874e-10,MEWO,skin
PD_03_PD_08,-0.022158611615198,MEWO,skin
PD_03_PD_09,-1.8593978545755618e-07,MEWO,skin
PD_03_PD_10,-1.3005333221460802e-07,MEWO,skin
PD_03_PD_11,-1.3006979304730493e-07,MEWO,skin
PD_03_PD_12,-5.850875339774575e-14,MEWO,skin
PD_03_PD_15,-3.584355035002318e-12,MEWO,skin
PD_06_PD_08,0.0027946573874418,MEWO,skin
PD_06_PD_10,-0.5003606278669349,MEWO,skin
PD_06_PD_14,-0.0127096456048813,MEWO,skin
PD_07_PD_08,-0.006187040998002,MEWO,skin
PD_07_PD_10,-6.010786313126458e-10,MEWO,skin
PD_08_PD_10,-0.2969752047454816,MEWO,skin
PD_08_PD_12,-8.756618552219209e-05,MEWO,skin
PD_08_PD_14,-0.0127972117904034,MEWO,skin
PD_08_PD_15,-0.0003643379958457,MEWO,skin
PD_10_PD_12,-4.9631524112747634e-08,MEWO,skin
PD_10_PD_13,1.6462387009141818e-11,MEWO,skin
PD_10_PD_15,-1.2853162978387898e-11,MEWO,skin
PD_01_PD_02,-0.0023856833648613,RPMI7951,skin
PD_01_PD_03,-0.0057677380939731,RPMI7951,skin
PD_01_PD_08,-0.0348228687259601,RPMI7951,skin
PD_01_PD_10,-0.0042533550989648,RPMI7951,skin
PD_03_PD_05,-1.040416189090898e-06,RPMI7951,skin
PD_03_PD_06,-0.0177345159048986,RPMI7951,skin
PD_03_PD_07,-1.1577143776975165e-07,RPMI7951,skin
PD_03_PD_08,-0.0177345159048986,RPMI7951,skin
PD_03_PD_09,-1.0404151353782254e-06,RPMI7951,skin
PD_03_PD_10,-1.2442325994621584e-05,RPMI7951,skin
PD_03_PD_11,-1.244767172547956e-05,RPMI7951,skin
PD_03_PD_12,0.0,RPMI7951,skin
PD_03_PD_15,-7.484296626891762e-09,RPMI7951,skin
PD_06_PD_08,0.00150704848052,RPMI7951,skin
PD_06_PD_10,-0.5467360155282758,RPMI7951,skin
PD_06_PD_14,-0.0088525119661178,RPMI7951,skin
PD_07_PD_08,-0.0026721907614345,RPMI7951,skin
PD_07_PD_10,-9.115326371489375e-08,RPMI7951,skin
PD_08_PD_10,-0.4663629382032963,RPMI7951,skin
PD_08_PD_12,0.0,RPMI7951,skin
PD_08_PD_14,-0.0088525119661178,RPMI7951,skin
PD_08_PD_15,-0.0002361128279857,RPMI7951,skin
PD_10_PD_12,-6.102119920470273e-10,RPMI7951,skin
PD_10_PD_13,5.351377674323032e-09,RPMI7951,skin
PD_10_PD_15,-3.746896459766447e-09,RPMI7951,skin
PD_01_PD_02,-0.0086979481275336,SH4,skin
PD_01_PD_03,-0.0160678227399998,SH4,skin
PD_01_PD_08,-0.0869298568941937,SH4,skin
PD_01_PD_10,-0.0096986416234406,SH4,skin
PD_03_PD_05,-5.969665650695788e-09,SH4,skin
PD_03_PD_06,-0.1594121475630882,SH4,skin
PD_03_PD_07,-8.732903289399019e-11,SH4,skin
PD_03_PD_08,-0.1594121475630882,SH4,skin
PD_03_PD_09,-5.9696638743389485e-09,SH4,skin
PD_03_PD_10,-4.011351989463563e-07,SH4,skin
PD_03_PD_11,-4.012715159040781e-07,SH4,skin
PD_03_PD_12,0.0,SH4,skin
PD_03_PD_15,-5.648592704687872e-12,SH4,skin
PD_06_PD_08,0.0632263872936923,SH4,skin
PD_06_PD_10,-0.5345671354655406,SH4,skin
PD_06_PD_14,-0.104706540984429,SH4,skin
PD_07_PD_08,-0.1239287268124408,SH4,skin
PD_07_PD_10,-2.535413101689698e-09,SH4,skin
PD_08_PD_10,-0.4193320131703048,SH4,skin
PD_08_PD_12,0.0,SH4,skin
PD_08_PD_14,-0.104706540984429,SH4,skin
PD_08_PD_15,-0.0051481419367861,SH4,skin
PD_10_PD_12,-2.2732666415947733e-08,SH4,skin
PD_10_PD_13,1.3631695772176045e-10,SH4,skin
PD_10_PD_15,-7.528500045594909e-11,SH4,skin
PD_01_PD_02,-0.0037477880836364,SKMEL1,skin
PD_01_PD_03,-0.0074409067506784,SKMEL1,skin
PD_01_PD_08,-0.2385366303592043,SKMEL1,skin
PD_01_PD_10,-0.0067679672358068,SKMEL1,skin
PD_03_PD_05,-1.4113712309971051e-08,SKMEL1,skin
PD_03_PD_06,-0.1153602904147288,SKMEL1,skin
PD_03_PD_07,-9.41909439333699e-10,SKMEL1,skin
PD_03_PD_08,-0.1153602904147288,SKMEL1,skin
PD_03_PD_09,-1.4113710311569605e-08,SKMEL1,skin
PD_03_PD_10,-4.011096356393296e-06,SKMEL1,skin
PD_03_PD_11,-4.013405241920509e-06,SKMEL1,skin
PD_03_PD_12,0.0,SKMEL1,skin
PD_03_PD_15,-1.810018801506885e-11,SKMEL1,skin
PD_06_PD_08,0.0185050373179822,SKMEL1,skin
PD_06_PD_10,-0.5454040892018126,SKMEL1,skin
PD_06_PD_14,-0.0597381175719025,SKMEL1,skin
PD_07_PD_08,-0.0071085427098068,SKMEL1,skin
PD_07_PD_10,-2.467473658729347e-08,SKMEL1,skin
PD_08_PD_10,-0.4746436347545032,SKMEL1,skin
PD_08_PD_12,0.0,SKMEL1,skin
PD_08_PD_14,-0.0597381175719025,SKMEL1,skin
PD_08_PD_15,-0.0019312272659155,SKMEL1,skin
PD_10_PD_12,-2.2074291017304406e-07,SKMEL1,skin
PD_10_PD_13,2.308613744617105e-09,SKMEL1,skin
PD_10_PD_15,-1.021927764632835e-09,SKMEL1,skin
PD_01_PD_02,-0.0042197626085886,SKMEL2,skin
PD_01_PD_03,-0.0086878862227768,SKMEL2,skin
PD_01_PD_08,-0.0374601940025105,SKMEL2,skin
PD_01_PD_10,-0.0098364108917604,SKMEL2,skin
PD_03_PD_05,-6.768175242477524e-09,SKMEL2,skin
PD_03_PD_06,-0.022957521377409,SKMEL2,skin
PD_03_PD_07,-1.9366147574473302e-09,SKMEL2,skin
PD_03_PD_08,-0.0230799829848694,SKMEL2,skin
PD_03_PD_09,-3.55580345390294e-07,SKMEL2,skin
PD_03_PD_10,-2.250390258584645e-07,SKMEL2,skin
PD_03_PD_11,-2.250850903440238e-07,SKMEL2,skin
PD_03_PD_12,-2.3003821070233244e-13,SKMEL2,skin
PD_03_PD_15,-8.475775636895833e-12,SKMEL2,skin
PD_06_PD_08,0.003296686295042,SKMEL2,skin
PD_06_PD_10,-0.5080823613010655,SKMEL2,skin
PD_06_PD_14,-0.0136966256856706,SKMEL2,skin
PD_07_PD_08,-0.0066378265274648,SKMEL2,skin
PD_07_PD_10,-1.5203118763906787e-09,SKMEL2,skin
PD_08_PD_10,-0.2989615155606342,SKMEL2,skin
PD_08_PD_12,-0.0001237476126986,SKMEL2,skin
PD_08_PD_14,-0.0138203732983692,SKMEL2,skin
PD_08_PD_15,-0.0004057215935638,SKMEL2,skin
PD_10_PD_12,-1.010296346581896e-07,SKMEL2,skin
PD_10_PD_13,4.606870440682087e-11,SKMEL2,skin
PD_10_PD_15,-3.3994140835602587e-11,SKMEL2,skin
PD_01_PD_02,-0.0753458062040336,SKMEL24,skin
PD_01_PD_03,-0.0973911412930493,SKMEL24,skin
PD_01_PD_08,-0.1048904107966991,SKMEL24,skin
PD_01_PD_10,-0.1871867407093047,SKMEL24,skin
PD_03_PD_05,-0.007469901739141,SKMEL24,skin
PD_03_PD_06,-0.0747514238104676,SKMEL24,skin
PD_03_PD_07,-0.0075062544336764,SKMEL24,skin
PD_03_PD_08,-0.0632739535688964,SKMEL24,skin
PD_03_PD_09,-0.0071258805746118,SKMEL24,skin
PD_03_PD_10,-0.028685509163732,SKMEL24,skin
PD_03_PD_11,-0.0425901657452504,SKMEL24,skin
PD_03_PD_12,-0.0329342852514763,SKMEL24,skin
PD_03_PD_15,-0.0006825597659976,SKMEL24,skin
PD_06_PD_08,0.0029181644041792,SKMEL24,skin
PD_06_PD_10,-0.1316937521809212,SKMEL24,skin
PD_06_PD_14,-0.0409077731074266,SKMEL24,skin
PD_07_PD_08,-0.0087925205177284,SKMEL24,skin
PD_07_PD_10,-0.0116158643924085,SKMEL24,skin
PD_08_PD_10,-0.2886166657017922,SKMEL24,skin
PD_08_PD_12,-0.36452521715846,SKMEL24,skin
PD_08_PD_14,-0.3968747308726079,SKMEL24,skin
PD_08_PD_15,-0.0008856509224577,SKMEL24,skin
PD_10_PD_12,-0.0062116790267569,SKMEL24,skin
PD_10_PD_13,0.0148835596605022,SKMEL24,skin
PD_10_PD_15,-0.0017848203481696,SKMEL24,skin
PD_01_PD_02,-0.0706597568452048,UACC257,skin
PD_01_PD_03,-0.0924774922643807,UACC257,skin
PD_01_PD_08,-0.1113513836636932,UACC257,skin
PD_01_PD_10,-0.1329283848780301,UACC257,skin
PD_03_PD_05,-0.0036179016674483,UACC257,skin
PD_03_PD_06,-0.176557428039711,UACC257,skin
PD_03_PD_07,-0.0023499358376294,UACC257,skin
PD_03_PD_08,-0.0472841617070094,UACC257,skin
PD_03_PD_09,-0.0035149843059535,UACC257,skin
PD_03_PD_10,-0.0118764049274685,UACC257,skin
PD_03_PD_11,-0.0138864619786415,UACC257,skin
PD_03_PD_12,-0.005714407966524,UACC257,skin
PD_03_PD_15,-0.0002559304412578,UACC257,skin
PD_06_PD_08,0.0026883144253753,UACC257,skin
PD_06_PD_10,-0.4723236788225392,UACC257,skin
PD_06_PD_14,-0.0842078790441347,UACC257,skin
PD_07_PD_08,-0.004094638478547,UACC257,skin
PD_07_PD_10,-0.0025914602706132,UACC257,skin
PD_08_PD_10,-0.2606625879688794,UACC257,skin
PD_08_PD_12,-0.0279388030327691,UACC257,skin
PD_08_PD_14,-0.1120874359229331,UACC257,skin
PD_08_PD_15,-0.0005490890873632,UACC257,skin
PD_10_PD_12,-0.0052324943451784,UACC257,skin
PD_10_PD_13,0.0022295300941288,UACC257,skin
PD_10_PD_15,-0.0003150670277385,UACC257,skin
PD_01_PD_02,-0.0019300494607694,UACC62,skin
PD_01_PD_03,-0.0040895973503375,UACC62,skin
PD_01_PD_08,-0.0802006793771132,UACC62,skin
PD_01_PD_10,-0.0024842391467055,UACC62,skin
PD_03_PD_05,-7.906855403749803e-08,UACC62,skin
PD_03_PD_06,-0.114718197356233,UACC62,skin
PD_03_PD_07,-1.0238086267655433e-08,UACC62,skin
PD_03_PD_08,-0.114718197356233,UACC62,skin
PD_03_PD_09,-7.906852894645766e-08,UACC62,skin
PD_03_PD_10,-1.4425385383987075e-06,UACC62,skin
PD_03_PD_11,-1.4428430284985083e-06,UACC62,skin
PD_03_PD_12,0.0,UACC62,skin
PD_03_PD_15,-4.20205314988209e-10,UACC62,skin
PD_06_PD_08,0.0542810010277834,UACC62,skin
PD_06_PD_10,-0.4806418073973935,UACC62,skin
PD_06_PD_14,-0.0719111348390977,UACC62,skin
PD_07_PD_08,-0.0583556484226301,UACC62,skin
PD_07_PD_10,-8.744460155973854e-09,UACC62,skin
PD_08_PD_10,-0.4220044334229452,UACC62,skin
PD_08_PD_12,0.0,UACC62,skin
PD_08_PD_14,-0.0719111348390977,UACC62,skin
PD_08_PD_15,-0.0031965960166221,UACC62,skin
PD_10_PD_12,0.0,UACC62,skin
PD_10_PD_13,3.0463842559669274e-10,UACC62,skin
PD_10_PD_15,-2.351451255933057e-10,UACC62,skin
PD_01_PD_02,-0.0075909101692324,WM115,skin
PD_01_PD_03,-0.0140296882883648,WM115,skin
PD_01_PD_08,-0.0693547724598486,WM115,skin
PD_01_PD_10,-0.0087884529248903,WM115,skin
PD_03_PD_05,-6.017976006411629e-09,WM115,skin
PD_03_PD_06,-0.151454722398512,WM115,skin
PD_03_PD_07,-8.888179081623092e-11,WM115,skin
PD_03_PD_08,-0.151454722398512,WM115,skin
PD_03_PD_09,-6.017974230054791e-09,WM115,skin
PD_03_PD_10,-3.779862778330312e-07,WM115,skin
PD_03_PD_11,-3.781221155074732e-07,WM115,skin
PD_03_PD_12,0.0,WM115,skin
PD_03_PD_15,-5.673350678137013e-12,WM115,skin
PD_06_PD_08,0.0631011965153642,WM115,skin
PD_06_PD_10,-0.5329684585401225,WM115,skin
PD_06_PD_14,-0.1018985547778554,WM115,skin
PD_07_PD_08,-0.1236436000477567,WM115,skin
PD_07_PD_10,-2.533539267268736e-09,WM115,skin
PD_08_PD_10,-0.4198210168237797,WM115,skin
PD_08_PD_12,0.0,WM115,skin
PD_08_PD_14,-0.1018985547778554,WM115,skin
PD_08_PD_15,-0.0051111883366106,WM115,skin
PD_10_PD_12,-2.2712306146921435e-08,WM115,skin
PD_10_PD_13,1.3583834057584454e-10,WM115,skin
PD_10_PD_15,-7.492195752689668e-11,WM115,skin
PD_01_PD_02,-0.0014465090651345,WM1552C,skin
PD_01_PD_03,-0.0035638189031428,WM1552C,skin
PD_01_PD_08,-0.0366329164230764,WM1552C,skin
PD_01_PD_10,-0.0051767137002264,WM1552C,skin
PD_03_PD_05,-4.844854369911999e-07,WM1552C,skin
PD_03_PD_06,-0.0280405392429674,WM1552C,skin
PD_03_PD_07,-7.76529676116411e-08,WM1552C,skin
PD_03_PD_08,-0.0195395184667469,WM1552C,skin
PD_03_PD_09,-4.844844532225778e-07,WM1552C,skin
PD_03_PD_10,-6.200896088714991e-06,WM1552C,skin
PD_03_PD_11,-6.204696782807773e-06,WM1552C,skin
PD_03_PD_12,-1.7763568394002505e-15,WM1552C,skin
PD_03_PD_15,-4.257703078991426e-09,WM1552C,skin
PD_06_PD_08,0.001826022698762,WM1552C,skin
PD_06_PD_10,-0.5069813189986212,WM1552C,skin
PD_06_PD_14,-0.0157092809198933,WM1552C,skin
PD_07_PD_08,-0.0030521291491568,WM1552C,skin
PD_07_PD_10,-6.880393466079937e-08,WM1552C,skin
PD_08_PD_10,-0.3277340471055205,WM1552C,skin
PD_08_PD_12,-0.0374670728892228,WM1552C,skin
PD_08_PD_14,-0.0531763537260506,WM1552C,skin
PD_08_PD_15,-0.0002786995686466,WM1552C,skin
PD_10_PD_12,-2.564615186884112e-14,WM1552C,skin
PD_10_PD_13,3.8055029127903595e-09,WM1552C,skin
PD_10_PD_15,-2.47560039134953e-09,WM1552C,skin
PD_01_PD_02,-0.0075909101692324,WM278,skin
PD_01_PD_03,-0.0140296882883648,WM278,skin
PD_01_PD_08,-0.0693547724598486,WM278,skin
PD_01_PD_10,-0.0087884529248903,WM278,skin
PD_03_PD_05,-6.017976006411629e-09,WM278,skin
PD_03_PD_06,-0.151454722398512,WM278,skin
PD_03_PD_07,-8.888179081623092e-11,WM278,skin
PD_03_PD_08,-0.151454722398512,WM278,skin
PD_03_PD_09,-6.017974230054791e-09,WM278,skin
PD_03_PD_10,-3.779862778330312e-07,WM278,skin
PD_03_PD_11,-3.781221155074732e-07,WM278,skin
PD_03_PD_12,0.0,WM278,skin
PD_03_PD_15,-5.673350678137013e-12,WM278,skin
PD_06_PD_08,0.0631011965153642,WM278,skin
PD_06_PD_10,-0.5329684585401225,WM278,skin
PD_06_PD_14,-0.1018985547778554,WM278,skin
PD_07_PD_08,-0.1236436000477567,WM278,skin
PD_07_PD_10,-2.533539267268736e-09,WM278,skin
PD_08_PD_10,-0.4198210168237797,WM278,skin
PD_08_PD_12,0.0,WM278,skin
PD_08_PD_14,-0.1018985547778554,WM278,skin
PD_08_PD_15,-0.0051111883366106,WM278,skin
PD_10_PD_12,-2.2712306146921435e-08,WM278,skin
PD_10_PD_13,1.3583834057584454e-10,WM278,skin
PD_10_PD_15,-7.492195752689668e-11,WM278,skin
PD_01_PD_02,-0.0121702268581477,WM35,skin
PD_01_PD_03,-0.0214299556136261,WM35,skin
PD_01_PD_08,-0.1165969526303078,WM35,skin
PD_01_PD_10,-0.0113461440261982,WM35,skin
PD_03_PD_05,-1.2070332733316036e-08,WM35,skin
PD_03_PD_06,-0.123221310462713,WM35,skin
PD_03_PD_07,-2.2886514905451347e-10,WM35,skin
PD_03_PD_08,-0.123221310462713,WM35,skin
PD_03_PD_09,-1.2070325960955586e-08,WM35,skin
PD_03_PD_10,-6.827779632789799e-07,WM35,skin
PD_03_PD_11,-6.830881208452766e-07,WM35,skin
PD_03_PD_12,0.0,WM35,skin
PD_03_PD_15,-1.4212631072041404e-11,WM35,skin
PD_06_PD_08,0.0581011064988876,WM35,skin
PD_06_PD_10,-0.5076521177491973,WM35,skin
PD_06_PD_14,-0.0810676882052484,WM35,skin
PD_07_PD_08,-0.0764679150231896,WM35,skin
PD_07_PD_10,-5.085193599541071e-09,WM35,skin
PD_08_PD_10,-0.4229568011524086,WM35,skin
PD_08_PD_12,0.0,WM35,skin
PD_08_PD_14,-0.0810676882052484,WM35,skin
PD_08_PD_15,-0.00398265618946,WM35,skin
PD_10_PD_12,-3.3543474331487744e-08,WM35,skin
PD_10_PD_13,3.1015812140822163e-10,WM35,skin
PD_10_PD_15,-1.6303480787627223e-10,WM35,skin
PD_01_PD_02,-0.0011045423949277,WM793B,skin
PD_01_PD_03,-0.0025554262679744,WM793B,skin
PD_01_PD_08,-0.0806468885150049,WM793B,skin
PD_01_PD_10,-0.0041253496004288,WM793B,skin
PD_03_PD_05,-7.445469363265289e-08,WM793B,skin
PD_03_PD_06,-0.0832943855437648,WM793B,skin
PD_03_PD_07,-1.9024345099261097e-08,WM793B,skin
PD_03_PD_08,-0.0832943855437648,WM793B,skin
PD_03_PD_09,-7.445461169819367e-08,WM793B,skin
PD_03_PD_10,-1.6969916681874864e-06,WM793B,skin
PD_03_PD_11,-1.6977886765356942e-06,WM793B,skin
PD_03_PD_12,0.0,WM793B,skin
PD_03_PD_15,-2.954715361269677e-10,WM793B,skin
PD_06_PD_08,0.0750584436872021,WM793B,skin
PD_06_PD_10,-0.4799931434342679,WM793B,skin
PD_06_PD_14,-0.0573897094622977,WM793B,skin
PD_07_PD_08,-0.0411369750749582,WM793B,skin
PD_07_PD_10,-1.1982385528241934e-08,WM793B,skin
PD_08_PD_10,-0.4129389299500804,WM793B,skin
PD_08_PD_12,0.0,WM793B,skin
PD_08_PD_14,-0.0573897094622977,WM793B,skin
PD_08_PD_15,-0.0033611402935747,WM793B,skin
PD_10_PD_12,0.0,WM793B,skin
PD_10_PD_13,7.974533255961092e-10,WM793B,skin
PD_10_PD_15,-5.741985775742363e-10,WM793B,skin
PD_01_PD_02,-0.0043215245258224,A204,soft_tissue
PD_01_PD_03,-0.0084339005705756,A204,soft_tissue
PD_01_PD_08,-0.1494289907152626,A204,soft_tissue
PD_01_PD_10,-0.0108024724470807,A204,soft_tissue
PD_03_PD_05,-3.1419233770257904e-08,A204,soft_tissue
PD_03_PD_06,-0.1321795155520975,A204,soft_tissue
PD_03_PD_07,-3.828494632429624e-09,A204,soft_tissue
PD_03_PD_08,-0.1496234024490491,A204,soft_tissue
PD_03_PD_09,-4.443270829046497e-08,A204,soft_tissue
PD_03_PD_10,-7.056889623768825e-07,A204,soft_tissue
PD_03_PD_11,-7.059982242152429e-07,A204,soft_tissue
PD_03_PD_12,0.0,A204,soft_tissue
PD_03_PD_15,-4.973166323196665e-11,A204,soft_tissue
PD_06_PD_08,0.050542719208573,A204,soft_tissue
PD_06_PD_10,-0.4979253252884288,A204,soft_tissue
PD_06_PD_14,-0.0973598950721074,A204,soft_tissue
PD_07_PD_08,-0.0494141017905461,A204,soft_tissue
PD_07_PD_10,-5.0937835061048994e-09,A204,soft_tissue
PD_08_PD_10,-0.3359842312976056,A204,soft_tissue
PD_08_PD_12,-0.0174438868980185,A204,soft_tissue
PD_08_PD_14,-0.1148037819700896,A204,soft_tissue
PD_08_PD_15,-0.0040317510362787,A204,soft_tissue
PD_10_PD_12,-3.5967573808193265e-08,A204,soft_tissue
PD_10_PD_13,3.0926661231944763e-10,A204,soft_tissue
PD_10_PD_15,-1.6241685774076586e-10,A204,soft_tissue
PD_01_PD_02,-0.0043796902207251,G402,soft_tissue
PD_01_PD_03,-0.0086031428279761,G402,soft_tissue
PD_01_PD_08,-0.2116759728531074,G402,soft_tissue
PD_01_PD_10,-0.0100550907719844,G402,soft_tissue
PD_03_PD_05,-2.4065824555385973e-08,G402,soft_tissue
PD_03_PD_06,-0.1631881493133656,G402,soft_tissue
PD_03_PD_07,-2.8320887857091744e-09,G402,soft_tissue
PD_03_PD_08,-0.1631881493133656,G402,soft_tissue
PD_03_PD_09,-0.097614475356619,G402,soft_tissue
PD_03_PD_10,-5.134183123089997e-07,G402,soft_tissue
PD_03_PD_11,-5.136133793826048e-07,G402,soft_tissue
PD_03_PD_12,0.0,G402,soft_tissue
PD_03_PD_15,-3.4277025662277077e-11,G402,soft_tissue
PD_06_PD_08,0.0830535807151913,G402,soft_tissue
PD_06_PD_10,-0.4904198959299908,G402,soft_tissue
PD_06_PD_14,-0.1204561788629756,G402,soft_tissue
PD_07_PD_08,-0.0754864990828769,G402,soft_tissue
PD_07_PD_10,-3.444688201348356e-09,G402,soft_tissue
PD_08_PD_10,-0.3947459429391474,G402,soft_tissue
PD_08_PD_12,0.0,G402,soft_tissue
PD_08_PD_14,-0.1204561788629756,G402,soft_tissue
PD_08_PD_15,-0.010310446971209,G402,soft_tissue
PD_10_PD_12,-2.48266562863364e-08,G402,soft_tissue
PD_10_PD_13,1.9506940507341144e-10,G402,soft_tissue
PD_10_PD_15,-1.0533451888505851e-10,G402,soft_tissue
PD_01_PD_02,-0.0023856833648613,GCT,soft_tissue
PD_01_PD_03,-0.0057677380939731,GCT,soft_tissue
PD_01_PD_08,-0.0348228687259601,GCT,soft_tissue
PD_01_PD_10,-0.0042533550989648,GCT,soft_tissue
PD_03_PD_05,-1.040416189090898e-06,GCT,soft_tissue
PD_03_PD_06,-0.0177345159048986,GCT,soft_tissue
PD_03_PD_07,-1.1577143776975165e-07,GCT,soft_tissue
PD_03_PD_08,-0.0177345159048986,GCT,soft_tissue
PD_03_PD_09,-1.0404151353782254e-06,GCT,soft_tissue
PD_03_PD_10,-1.2442325994621584e-05,GCT,soft_tissue
PD_03_PD_11,-1.244767172547956e-05,GCT,soft_tissue
PD_03_PD_12,0.0,GCT,soft_tissue
PD_03_PD_15,-7.484296626891762e-09,GCT,soft_tissue
PD_06_PD_08,0.00150704848052,GCT,soft_tissue
PD_06_PD_10,-0.5467360155282758,GCT,soft_tissue
PD_06_PD_14,-0.0088525119661178,GCT,soft_tissue
PD_07_PD_08,-0.0026721907614345,GCT,soft_tissue
PD_07_PD_10,-9.115326371489375e-08,GCT,soft_tissue
PD_08_PD_10,-0.4663629382032963,GCT,soft_tissue
PD_08_PD_12,0.0,GCT,soft_tissue
PD_08_PD_14,-0.0088525119661178,GCT,soft_tissue
PD_08_PD_15,-0.0002361128279857,GCT,soft_tissue
PD_10_PD_12,-6.102119920470273e-10,GCT,soft_tissue
PD_10_PD_13,5.351377674323032e-09,GCT,soft_tissue
PD_10_PD_15,-3.746896459766447e-09,GCT,soft_tissue
PD_01_PD_02,-0.0019580784408628,HS633T,soft_tissue
PD_01_PD_03,-0.004894508496026,HS633T,soft_tissue
PD_01_PD_08,-0.0310451150727556,HS633T,soft_tissue
PD_01_PD_10,-0.0043576655182615,HS633T,soft_tissue
PD_03_PD_05,-6.443247756449111e-07,HS633T,soft_tissue
PD_03_PD_06,-0.0165685648052156,HS633T,soft_tissue
PD_03_PD_07,-6.616942838100216e-08,HS633T,soft_tissue
PD_03_PD_08,-0.0165685648052156,HS633T,soft_tissue
PD_03_PD_09,-6.443243985021496e-07,HS633T,soft_tissue
PD_03_PD_10,-8.4983903375635e-06,HS633T,soft_tissue
PD_03_PD_11,-8.501070720146053e-06,HS633T,soft_tissue
PD_03_PD_12,0.0,HS633T,soft_tissue
PD_03_PD_15,-4.0108121268644944e-09,HS633T,soft_tissue
PD_06_PD_08,0.0012798511056777,HS633T,soft_tissue
PD_06_PD_10,-0.5444325123899256,HS633T,soft_tissue
PD_06_PD_14,-0.008253103862309,HS633T,soft_tissue
PD_07_PD_08,-0.0024260503637175,HS633T,soft_tissue
PD_07_PD_10,-5.1562295877438664e-08,HS633T,soft_tissue
PD_08_PD_10,-0.4532277534597457,HS633T,soft_tissue
PD_08_PD_12,0.0,HS633T,soft_tissue
PD_08_PD_14,-0.008253103862309,HS633T,soft_tissue
PD_08_PD_15,-0.0002094292154445,HS633T,soft_tissue
PD_10_PD_12,-2.8551805364429583e-10,HS633T,soft_tissue
PD_10_PD_13,2.682539745890722e-09,HS633T,soft_tissue
PD_10_PD_15,-1.9754607949451493e-09,HS633T,soft_tissue
PD_01_PD_02,-0.0082790034620356,HT1080,soft_tissue
PD_01_PD_03,-0.0153541107658987,HT1080,soft_tissue
PD_01_PD_08,-0.0576010710351511,HT1080,soft_tissue
PD_01_PD_10,-0.0044957097227219,HT1080,soft_tissue
PD_03_PD_05,-2.593190540078893e-08,HT1080,soft_tissue
PD_03_PD_06,-0.038293410651743,HT1080,soft_tissue
PD_03_PD_07,-5.297232652523576e-10,HT1080,soft_tissue
PD_03_PD_08,-0.1191249549633725,HT1080,soft_tissue
PD_03_PD_09,-4.974800926760282e-08,HT1080,soft_tissue
PD_03_PD_10,-9.364224157204504e-07,HT1080,soft_tissue
PD_03_PD_11,-9.36972065379571e-07,HT1080,soft_tissue
PD_03_PD_12,0.0,HT1080,soft_tissue
PD_03_PD_15,-3.772449019834312e-11,HT1080,soft_tissue
PD_06_PD_08,0.0211009662509178,HT1080,soft_tissue
PD_06_PD_10,-0.4287063451579687,HT1080,soft_tissue
PD_06_PD_14,-0.0678311197842376,HT1080,soft_tissue
PD_07_PD_08,-0.0407358280626714,HT1080,soft_tissue
PD_07_PD_10,-8.227435732699462e-09,HT1080,soft_tissue
PD_08_PD_10,-0.1849649100969802,HT1080,soft_tissue
PD_08_PD_12,-0.0808315443152833,HT1080,soft_tissue
PD_08_PD_14,-0.1486626640991413,HT1080,soft_tissue
PD_08_PD_15,-0.0017385094572349,HT1080,soft_tissue
PD_10_PD_12,-2.5152221083679652e-08,HT1080,soft_tissue
PD_10_PD_13,5.496511024105644e-10,HT1080,soft_tissue
PD_10_PD_15,-2.7784152756282765e-10,HT1080,soft_tissue
PD_01_PD_02,-0.0046460920207729,KYM1,soft_tissue
PD_01_PD_03,-0.0087918581342495,KYM1,soft_tissue
PD_01_PD_08,-0.1710882969405676,KYM1,soft_tissue
PD_01_PD_10,-0.0113746796600786,KYM1,soft_tissue
PD_03_PD_05,-3.544445337233526e-08,KYM1,soft_tissue
PD_03_PD_06,-0.1205401919504588,KYM1,soft_tissue
PD_03_PD_07,-4.394959396414322e-09,KYM1,soft_tissue
PD_03_PD_08,-0.1205401919504588,KYM1,soft_tissue
PD_03_PD_09,-3.544443893943594e-08,KYM1,soft_tissue
PD_03_PD_10,-9.035993073780446e-07,KYM1,soft_tissue
PD_03_PD_11,-9.040084798517256e-07,KYM1,soft_tissue
PD_03_PD_12,0.0,KYM1,soft_tissue
PD_03_PD_15,-5.987221829428789e-11,KYM1,soft_tissue
PD_06_PD_08,0.0379093224633021,KYM1,soft_tissue
PD_06_PD_10,-0.5056240000359584,KYM1,soft_tissue
PD_06_PD_14,-0.0726146355950484,KYM1,soft_tissue
PD_07_PD_08,-0.0288041290432921,KYM1,soft_tissue
PD_07_PD_10,-6.440430522225426e-09,KYM1,soft_tissue
PD_08_PD_10,-0.4482055878319942,KYM1,soft_tissue
PD_08_PD_12,0.0,KYM1,soft_tissue
PD_08_PD_14,-0.0726146355950484,KYM1,soft_tissue
PD_08_PD_15,-0.0031183276319471,KYM1,soft_tissue
PD_10_PD_12,-4.46193473280232e-08,KYM1,soft_tissue
PD_10_PD_13,4.0917669252849004e-10,KYM1,soft_tissue
PD_10_PD_15,-2.1166302044406396e-10,KYM1,soft_tissue
PD_01_PD_02,-0.0091754384752925,MFHINO,soft_tissue
PD_01_PD_03,-0.016952626824529,MFHINO,soft_tissue
PD_01_PD_08,-0.0587172066148713,MFHINO,soft_tissue
PD_01_PD_10,-0.0069367814279673,MFHINO,soft_tissue
PD_03_PD_05,-1.7179680900092364e-08,MFHINO,soft_tissue
PD_03_PD_06,-0.0757222860690106,MFHINO,soft_tissue
PD_03_PD_07,-3.3029734503031705e-10,MFHINO,soft_tissue
PD_03_PD_08,-0.129673527083899,MFHINO,soft_tissue
PD_03_PD_09,-1.1159287410578145e-05,MFHINO,soft_tissue
PD_03_PD_10,-7.715247024586702e-07,MFHINO,soft_tissue
PD_03_PD_11,-7.719289726315637e-07,MFHINO,soft_tissue
PD_03_PD_12,2.220446049250313e-16,MFHINO,soft_tissue
PD_03_PD_15,-2.2978730029876715e-11,MFHINO,soft_tissue
PD_06_PD_08,0.0290106962795005,MFHINO,soft_tissue
PD_06_PD_10,-0.460511523056006,MFHINO,soft_tissue
PD_06_PD_14,-0.090247701291818,MFHINO,soft_tissue
PD_07_PD_08,-0.0605247020715316,MFHINO,soft_tissue
PD_07_PD_10,-6.348452874505028e-09,MFHINO,soft_tissue
PD_08_PD_10,-0.2483767241564338,MFHINO,soft_tissue
PD_08_PD_12,-0.0539512410163454,MFHINO,soft_tissue
PD_08_PD_14,-0.144198942302576,MFHINO,soft_tissue
PD_08_PD_15,-0.0024184252590639,MFHINO,soft_tissue
PD_10_PD_12,-2.0136112666158112e-08,MFHINO,soft_tissue
PD_10_PD_13,4.042706169826715e-10,MFHINO,soft_tissue
PD_10_PD_15,-2.0838142322787687e-10,MFHINO,soft_tissue
PD_01_PD_02,-0.0002201507571135,RD,soft_tissue
PD_01_PD_03,-0.000867319321625,RD,soft_tissue
PD_01_PD_08,-0.0132162468196767,RD,soft_tissue
PD_01_PD_10,-0.0011707636709782,RD,soft_tissue
PD_03_PD_05,-3.3747302952136244e-08,RD,soft_tissue
PD_03_PD_06,-0.0012343546920215,RD,soft_tissue
PD_03_PD_07,-3.611615340126661e-09,RD,soft_tissue
PD_03_PD_08,-0.0013154590738689,RD,soft_tissue
PD_03_PD_09,-5.209743068945727e-06,RD,soft_tissue
PD_03_PD_10,-4.620490670070865e-07,RD,soft_tissue
PD_03_PD_11,-4.620632562124527e-07,RD,soft_tissue
PD_03_PD_12,-2.220446049250313e-16,RD,soft_tissue
PD_03_PD_15,-6.798772655969286e-11,RD,soft_tissue
PD_06_PD_08,5.944834491344864e-08,RD,soft_tissue
PD_06_PD_10,-0.5116160680441351,RD,soft_tissue
PD_06_PD_14,-0.0039957249811315,RD,soft_tissue
PD_07_PD_08,-1.1553692378374336e-06,RD,soft_tissue
PD_07_PD_10,-6.704187205386346e-10,RD,soft_tissue
PD_08_PD_10,-0.0675935697951697,RD,soft_tissue
PD_08_PD_12,-0.0001336535055094,RD,soft_tissue
PD_08_PD_14,-0.0041293784866286,RD,soft_tissue
PD_08_PD_15,-5.362108468354165e-08,RD,soft_tissue
PD_10_PD_12,-2.4586604430165693e-07,RD,soft_tissue
PD_10_PD_13,1.4190648656153826e-11,RD,soft_tissue
PD_10_PD_15,-1.4712675522332574e-11,RD,soft_tissue
PD_01_PD_02,-0.0042197626085886,RH41,soft_tissue
PD_01_PD_03,-0.0086878862227768,RH41,soft_tissue
PD_01_PD_08,-0.0374601940025105,RH41,soft_tissue
PD_01_PD_10,-0.0098364108917604,RH41,soft_tissue
PD_03_PD_05,-6.768175242477524e-09,RH41,soft_tissue
PD_03_PD_06,-0.022957521377409,RH41,soft_tissue
PD_03_PD_07,-1.9366147574473302e-09,RH41,soft_tissue
PD_03_PD_08,-0.0230799829848694,RH41,soft_tissue
PD_03_PD_09,-3.55580345390294e-07,RH41,soft_tissue
PD_03_PD_10,-2.250390258584645e-07,RH41,soft_tissue
PD_03_PD_11,-2.250850903440238e-07,RH41,soft_tissue
PD_03_PD_12,-2.3003821070233244e-13,RH41,soft_tissue
PD_03_PD_15,-8.475775636895833e-12,RH41,soft_tissue
PD_06_PD_08,0.003296686295042,RH41,soft_tissue
PD_06_PD_10,-0.5080823613010655,RH41,soft_tissue
PD_06_PD_14,-0.0136966256856706,RH41,soft_tissue
PD_07_PD_08,-0.0066378265274648,RH41,soft_tissue
PD_07_PD_10,-1.5203118763906787e-09,RH41,soft_tissue
PD_08_PD_10,-0.2989615155606342,RH41,soft_tissue
PD_08_PD_12,-0.0001237476126986,RH41,soft_tissue
PD_08_PD_14,-0.0138203732983692,RH41,soft_tissue
PD_08_PD_15,-0.0004057215935638,RH41,soft_tissue
PD_10_PD_12,-1.010296346581896e-07,RH41,soft_tissue
PD_10_PD_13,4.606870440682087e-11,RH41,soft_tissue
PD_10_PD_15,-3.3994140835602587e-11,RH41,soft_tissue
PD_01_PD_02,-0.0023856833648613,RKN,soft_tissue
PD_01_PD_03,-0.0057677380939731,RKN,soft_tissue
PD_01_PD_08,-0.0348228687259601,RKN,soft_tissue
PD_01_PD_10,-0.0042533550989648,RKN,soft_tissue
PD_03_PD_05,-1.040416189090898e-06,RKN,soft_tissue
PD_03_PD_06,-0.0177345159048986,RKN,soft_tissue
PD_03_PD_07,-1.1577143776975165e-07,RKN,soft_tissue
PD_03_PD_08,-0.0177345159048986,RKN,soft_tissue
PD_03_PD_09,-1.0404151353782254e-06,RKN,soft_tissue
PD_03_PD_10,-1.2442325994621584e-05,RKN,soft_tissue
PD_03_PD_11,-1.244767172547956e-05,RKN,soft_tissue
PD_03_PD_12,0.0,RKN,soft_tissue
PD_03_PD_15,-7.484296626891762e-09,RKN,soft_tissue
PD_06_PD_08,0.00150704848052,RKN,soft_tissue
PD_06_PD_10,-0.5467360155282758,RKN,soft_tissue
PD_06_PD_14,-0.0088525119661178,RKN,soft_tissue
PD_07_PD_08,-0.0026721907614345,RKN,soft_tissue
PD_07_PD_10,-9.115326371489375e-08,RKN,soft_tissue
PD_08_PD_10,-0.4663629382032963,RKN,soft_tissue
PD_08_PD_12,0.0,RKN,soft_tissue
PD_08_PD_14,-0.0088525119661178,RKN,soft_tissue
PD_08_PD_15,-0.0002361128279857,RKN,soft_tissue
PD_10_PD_12,-6.102119920470273e-10,RKN,soft_tissue
PD_10_PD_13,5.351377674323032e-09,RKN,soft_tissue
PD_10_PD_15,-3.746896459766447e-09,RKN,soft_tissue
PD_01_PD_08,-0.0496498157829869,SJRH30,soft_tissue
PD_01_PD_10,-0.0007995882875515,SJRH30,soft_tissue
PD_06_PD_08,2.335294951860689e-06,SJRH30,soft_tissue
PD_06_PD_10,-0.5070221981316771,SJRH30,soft_tissue
PD_06_PD_14,-0.0176503969268108,SJRH30,soft_tissue
PD_07_PD_08,-9.805935648143915e-06,SJRH30,soft_tissue
PD_07_PD_10,-1.6063483876394002e-11,SJRH30,soft_tissue
PD_08_PD_10,-0.0020718577373639,SJRH30,soft_tissue
PD_08_PD_12,-0.0013349022020943,SJRH30,soft_tissue
PD_08_PD_14,-0.0189852990353893,SJRH30,soft_tissue
PD_08_PD_15,-4.178004866517426e-06,SJRH30,soft_tissue
PD_10_PD_12,4.2332803928957224e-13,SJRH30,soft_tissue
PD_10_PD_13,2.6356694604601216e-13,SJRH30,soft_tissue
PD_10_PD_15,-3.064215547965432e-13,SJRH30,soft_tissue
PD_01_PD_02,-0.0002201507571135,SKLMS1,soft_tissue
PD_01_PD_03,-0.000867319321625,SKLMS1,soft_tissue
PD_01_PD_08,-0.0132162468196767,SKLMS1,soft_tissue
PD_01_PD_10,-0.0011707636709782,SKLMS1,soft_tissue
PD_03_PD_05,-3.3747302952136244e-08,SKLMS1,soft_tissue
PD_03_PD_06,-0.0012343546920215,SKLMS1,soft_tissue
PD_03_PD_07,-3.611615340126661e-09,SKLMS1,soft_tissue
PD_03_PD_08,-0.0013154590738689,SKLMS1,soft_tissue
PD_03_PD_09,-5.209743068945727e-06,SKLMS1,soft_tissue
PD_03_PD_10,-4.620490670070865e-07,SKLMS1,soft_tissue
PD_03_PD_11,-4.620632562124527e-07,SKLMS1,soft_tissue
PD_03_PD_12,-2.220446049250313e-16,SKLMS1,soft_tissue
PD_03_PD_15,-6.798772655969286e-11,SKLMS1,soft_tissue
PD_06_PD_08,5.944834491344864e-08,SKLMS1,soft_tissue
PD_06_PD_10,-0.5116160680441351,SKLMS1,soft_tissue
PD_06_PD_14,-0.0039957249811315,SKLMS1,soft_tissue
PD_07_PD_08,-1.1553692378374336e-06,SKLMS1,soft_tissue
PD_07_PD_10,-6.704187205386346e-10,SKLMS1,soft_tissue
PD_08_PD_10,-0.0675935697951697,SKLMS1,soft_tissue
PD_08_PD_12,-0.0001336535055094,SKLMS1,soft_tissue
PD_08_PD_14,-0.0041293784866286,SKLMS1,soft_tissue
PD_08_PD_15,-5.362108468354165e-08,SKLMS1,soft_tissue
PD_10_PD_12,-2.4586604430165693e-07,SKLMS1,soft_tissue
PD_10_PD_13,1.4190648656153826e-11,SKLMS1,soft_tissue
PD_10_PD_15,-1.4712675522332574e-11,SKLMS1,soft_tissue
PD_01_PD_02,-0.0002201507571135,SW684,soft_tissue
PD_01_PD_03,-0.000867319321625,SW684,soft_tissue
PD_01_PD_08,-0.0132162468196767,SW684,soft_tissue
PD_01_PD_10,-0.0011707636709782,SW684,soft_tissue
PD_03_PD_05,-3.3747302952136244e-08,SW684,soft_tissue
PD_03_PD_06,-0.0012343546920215,SW684,soft_tissue
PD_03_PD_07,-3.611615340126661e-09,SW684,soft_tissue
PD_03_PD_08,-0.0013154590738689,SW684,soft_tissue
PD_03_PD_09,-5.209743068945727e-06,SW684,soft_tissue
PD_03_PD_10,-4.620490670070865e-07,SW684,soft_tissue
PD_03_PD_11,-4.620632562124527e-07,SW684,soft_tissue
PD_03_PD_12,-2.220446049250313e-16,SW684,soft_tissue
PD_03_PD_15,-6.798772655969286e-11,SW684,soft_tissue
PD_06_PD_08,5.944834491344864e-08,SW684,soft_tissue
PD_06_PD_10,-0.5116160680441351,SW684,soft_tissue
PD_06_PD_14,-0.0039957249811315,SW684,soft_tissue
PD_07_PD_08,-1.1553692378374336e-06,SW684,soft_tissue
PD_07_PD_10,-6.704187205386346e-10,SW684,soft_tissue
PD_08_PD_10,-0.0675935697951697,SW684,soft_tissue
PD_08_PD_12,-0.0001336535055094,SW684,soft_tissue
PD_08_PD_14,-0.0041293784866286,SW684,soft_tissue
PD_08_PD_15,-5.362108468354165e-08,SW684,soft_tissue
PD_10_PD_12,-2.4586604430165693e-07,SW684,soft_tissue
PD_10_PD_13,1.4190648656153826e-11,SW684,soft_tissue
PD_10_PD_15,-1.4712675522332574e-11,SW684,soft_tissue
PD_01_PD_02,-0.0438490731011902,SW872,soft_tissue
PD_01_PD_03,-0.0612398141269387,SW872,soft_tissue
PD_01_PD_08,-0.1160423006495759,SW872,soft_tissue
PD_01_PD_10,-0.1159679585966684,SW872,soft_tissue
PD_03_PD_05,-0.0016872056321477,SW872,soft_tissue
PD_03_PD_06,-0.1708212178789415,SW872,soft_tissue
PD_03_PD_07,-0.0023636918664731,SW872,soft_tissue
PD_03_PD_08,-0.0536994926798041,SW872,soft_tissue
PD_03_PD_09,-0.0016340580777545,SW872,soft_tissue
PD_03_PD_10,-0.0106061085104162,SW872,soft_tissue
PD_03_PD_11,-0.0129258965407468,SW872,soft_tissue
PD_03_PD_12,-0.0026533946666864,SW872,soft_tissue
PD_03_PD_15,-0.0001112679832383,SW872,soft_tissue
PD_06_PD_08,0.0033349560594371,SW872,soft_tissue
PD_06_PD_10,-0.4615309172007168,SW872,soft_tissue
PD_06_PD_14,-0.0922992116675075,SW872,soft_tissue
PD_07_PD_08,-0.0099147204854537,SW872,soft_tissue
PD_07_PD_10,-0.0051358683628356,SW872,soft_tissue
PD_08_PD_10,-0.3033960486743103,SW872,soft_tissue
PD_08_PD_12,-0.0344026266528862,SW872,soft_tissue
PD_08_PD_14,-0.1266280181745178,SW872,soft_tissue
PD_08_PD_15,-0.0007297910576312,SW872,soft_tissue
PD_10_PD_12,-0.0066978321871398,SW872,soft_tissue
PD_10_PD_13,0.002419729607488,SW872,soft_tissue
PD_10_PD_15,-0.0002970944729197,SW872,soft_tissue
PD_01_PD_02,-0.0121702268581477,SW982,soft_tissue
PD_01_PD_03,-0.0214299556136261,SW982,soft_tissue
PD_01_PD_08,-0.1165969526303078,SW982,soft_tissue
PD_01_PD_10,-0.0113461440261982,SW982,soft_tissue
PD_03_PD_05,-1.2070332733316036e-08,SW982,soft_tissue
PD_03_PD_06,-0.123221310462713,SW982,soft_tissue
PD_03_PD_07,-2.2886514905451347e-10,SW982,soft_tissue
PD_03_PD_08,-0.123221310462713,SW982,soft_tissue
PD_03_PD_09,-1.2070325960955586e-08,SW982,soft_tissue
PD_03_PD_10,-6.827779632789799e-07,SW982,soft_tissue
PD_03_PD_11,-6.830881208452766e-07,SW982,soft_tissue
PD_03_PD_12,0.0,SW982,soft_tissue
PD_03_PD_15,-1.4212631072041404e-11,SW982,soft_tissue
PD_06_PD_08,0.0581011064988876,SW982,soft_tissue
PD_06_PD_10,-0.5076521177491973,SW982,soft_tissue
PD_06_PD_14,-0.0810676882052484,SW982,soft_tissue
PD_07_PD_08,-0.0764679150231896,SW982,soft_tissue
PD_07_PD_10,-5.085193599541071e-09,SW982,soft_tissue
PD_08_PD_10,-0.4229568011524086,SW982,soft_tissue
PD_08_PD_12,0.0,SW982,soft_tissue
PD_08_PD_14,-0.0810676882052484,SW982,soft_tissue
PD_08_PD_15,-0.00398265618946,SW982,soft_tissue
PD_10_PD_12,-3.3543474331487744e-08,SW982,soft_tissue
PD_10_PD_13,3.1015812140822163e-10,SW982,soft_tissue
PD_10_PD_15,-1.6303480787627223e-10,SW982,soft_tissue
PD_01_PD_02,-0.0002168570298419,VAESBJ,soft_tissue
PD_01_PD_03,-0.0018909882719645,VAESBJ,soft_tissue
PD_01_PD_08,-0.0324780011790234,VAESBJ,soft_tissue
PD_01_PD_10,-0.0048362642946161,VAESBJ,soft_tissue
PD_03_PD_05,-6.428734211638698e-09,VAESBJ,soft_tissue
PD_03_PD_06,-0.0231740683517254,VAESBJ,soft_tissue
PD_03_PD_07,-1.936153126713691e-09,VAESBJ,soft_tissue
PD_03_PD_08,-0.0232965299591858,VAESBJ,soft_tissue
PD_03_PD_09,-3.553088336882837e-07,VAESBJ,soft_tissue
PD_03_PD_10,-3.110769420944237e-07,VAESBJ,soft_tissue
PD_03_PD_11,-3.11124097818194e-07,VAESBJ,soft_tissue
PD_03_PD_12,-2.3003821070233244e-13,VAESBJ,soft_tissue
PD_03_PD_15,-8.120171202108395e-12,VAESBJ,soft_tissue
PD_06_PD_08,0.0032966894735196,VAESBJ,soft_tissue
PD_06_PD_10,-0.5085691615900784,VAESBJ,soft_tissue
PD_06_PD_14,-0.0137026646318916,VAESBJ,soft_tissue
PD_07_PD_08,-0.0066378697350181,VAESBJ,soft_tissue
PD_07_PD_10,-1.5671328679189855e-09,VAESBJ,soft_tissue
PD_08_PD_10,-0.2963247297686222,VAESBJ,soft_tissue
PD_08_PD_12,-0.0001237476126986,VAESBJ,soft_tissue
PD_08_PD_14,-0.0138264122445902,VAESBJ,soft_tissue
PD_08_PD_15,-0.0004057243169571,VAESBJ,soft_tissue
PD_10_PD_12,-1.0230748315187554e-07,VAESBJ,soft_tissue
PD_10_PD_13,4.715983159542248e-11,VAESBJ,soft_tissue
PD_10_PD_15,-3.5339287052238426e-11,VAESBJ,soft_tissue
PD_01_PD_08,-0.1946249400721752,2313287,stomach
PD_01_PD_10,-0.077982001999847,2313287,stomach
PD_06_PD_08,0.0072542961528538,2313287,stomach
PD_06_PD_10,-0.1092506799291901,2313287,stomach
PD_06_PD_14,-0.0401783217607707,2313287,stomach
PD_07_PD_08,-0.0127361413375737,2313287,stomach
PD_07_PD_10,-0.0006375756444197,2313287,stomach
PD_08_PD_10,-0.1310652739492431,2313287,stomach
PD_08_PD_12,-0.3966925128790832,2313287,stomach
PD_08_PD_14,-0.4355890337830564,2313287,stomach
PD_08_PD_15,-0.0045945763912296,2313287,stomach
PD_10_PD_12,-0.0023041657287229,2313287,stomach
PD_10_PD_13,0.0002884581098235,2313287,stomach
PD_10_PD_15,-6.141853916485918e-05,2313287,stomach
PD_01_PD_02,-0.0643671786698925,AGS,stomach
PD_01_PD_03,-0.0949189022728274,AGS,stomach
PD_01_PD_08,-0.1538261360919106,AGS,stomach
PD_01_PD_10,-0.1370458151750165,AGS,stomach
PD_03_PD_05,-0.0032857614960568,AGS,stomach
PD_03_PD_06,-0.0932116789340754,AGS,stomach
PD_03_PD_07,-0.00155311445221,AGS,stomach
PD_03_PD_08,-0.0790371978881044,AGS,stomach
PD_03_PD_09,-0.0032693910826954,AGS,stomach
PD_03_PD_10,-0.0135356451521411,AGS,stomach
PD_03_PD_11,-0.0146286409081163,AGS,stomach
PD_03_PD_12,-9.945186397808392e-05,AGS,stomach
PD_03_PD_15,-0.0001351396558301,AGS,stomach
PD_06_PD_08,0.00505547578334,AGS,stomach
PD_06_PD_10,-0.4615839452637515,AGS,stomach
PD_06_PD_14,-0.0390374304329289,AGS,stomach
PD_07_PD_08,-0.0074264247939135,AGS,stomach
PD_07_PD_10,-0.0019828811675377,AGS,stomach
PD_08_PD_10,-0.4235275054395725,AGS,stomach
PD_08_PD_12,-0.0406470234707406,AGS,stomach
PD_08_PD_14,-0.0795495786557067,AGS,stomach
PD_08_PD_15,-0.000883142285125,AGS,stomach
PD_10_PD_12,-0.0006097576748896,AGS,stomach
PD_10_PD_13,0.0011304907848581,AGS,stomach
PD_10_PD_15,-0.0002297166202434,AGS,stomach
PD_01_PD_02,-0.0012060777901028,ECC10,stomach
PD_01_PD_03,-0.00599651448538,ECC10,stomach
PD_01_PD_08,-0.0224522466978034,ECC10,stomach
PD_01_PD_10,-0.0040775505992292,ECC10,stomach
PD_03_PD_05,-1.348243437893082e-06,ECC10,stomach
PD_03_PD_06,-0.0323997514942773,ECC10,stomach
PD_03_PD_07,-1.51905650502826e-07,ECC10,stomach
PD_03_PD_08,-0.0216815673224803,ECC10,stomach
PD_03_PD_09,-1.348243393151094e-06,ECC10,stomach
PD_03_PD_10,-1.4759192430102708e-05,ECC10,stomach
PD_03_PD_11,-1.476098985719876e-05,ECC10,stomach
PD_03_PD_12,-4.8986426026687e-10,ECC10,stomach
PD_03_PD_15,-9.891155228203274e-09,ECC10,stomach
PD_06_PD_08,0.0018284920259428,ECC10,stomach
PD_06_PD_10,-0.5352975790684218,ECC10,stomach
PD_06_PD_14,-0.0130792603444515,ECC10,stomach
PD_07_PD_08,-0.0039324997608488,ECC10,stomach
PD_07_PD_10,-3.7115217121908024e-08,ECC10,stomach
PD_08_PD_10,-0.1588585269147211,ECC10,stomach
PD_08_PD_12,-0.0002405840866206,ECC10,stomach
PD_08_PD_14,-0.0133198444309732,ECC10,stomach
PD_08_PD_15,-0.0002418043643245,ECC10,stomach
PD_10_PD_12,-2.9262259282347713e-10,ECC10,stomach
PD_10_PD_13,1.7991498291181072e-09,ECC10,stomach
PD_10_PD_15,-1.2340138910715835e-09,ECC10,stomach
PD_01_PD_02,-0.0536375181901002,FU97,stomach
PD_01_PD_03,-0.0739281820420187,FU97,stomach
PD_01_PD_08,-0.0901652205407117,FU97,stomach
PD_01_PD_10,-0.1393615209115838,FU97,stomach
PD_03_PD_05,-0.0019525217749019,FU97,stomach
PD_03_PD_06,-0.157660068351639,FU97,stomach
PD_03_PD_07,-0.0028891930142094,FU97,stomach
PD_03_PD_08,-0.0331509721946475,FU97,stomach
PD_03_PD_09,-0.0019181192194906,FU97,stomach
PD_03_PD_10,-0.0165840720376718,FU97,stomach
PD_03_PD_11,-0.0219889580212602,FU97,stomach
PD_03_PD_12,-0.0050969989327512,FU97,stomach
PD_03_PD_15,-0.0001367788044039,FU97,stomach
PD_06_PD_08,0.0010838826790149,FU97,stomach
PD_06_PD_10,-0.4727928445201202,FU97,stomach
PD_06_PD_14,-0.0772246331082048,FU97,stomach
PD_07_PD_08,-0.0044819725388075,FU97,stomach
PD_07_PD_10,-0.010062326353646,FU97,stomach
PD_08_PD_10,-0.2661820511181304,FU97,stomach
PD_08_PD_12,-0.0238874484376712,FU97,stomach
PD_08_PD_14,-0.1010660178983031,FU97,stomach
PD_08_PD_15,-0.000283952875693,FU97,stomach
PD_10_PD_12,-0.0031897930234364,FU97,stomach
PD_10_PD_13,0.0054882177620998,FU97,stomach
PD_10_PD_15,-0.0007734562831746,FU97,stomach
PD_01_PD_08,-0.0181037997257262,GCIY,stomach
PD_01_PD_10,-0.0009627468177141,GCIY,stomach
PD_06_PD_08,2.8442031951847472e-08,GCIY,stomach
PD_06_PD_10,-0.5206106735464732,GCIY,stomach
PD_06_PD_14,-0.0122807748882743,GCIY,stomach
PD_07_PD_08,-2.2510318906654447e-06,GCIY,stomach
PD_07_PD_10,-1.329225618462715e-11,GCIY,stomach
PD_08_PD_10,-0.0021143715905228,GCIY,stomach
PD_08_PD_12,-0.0006519697448416,GCIY,stomach
PD_08_PD_14,-0.012932744632671,GCIY,stomach
PD_08_PD_15,-1.0054018506622243e-07,GCIY,stomach
PD_10_PD_12,1.213473765915296e-13,GCIY,stomach
PD_10_PD_13,1.213473765915296e-13,GCIY,stomach
PD_10_PD_15,-1.525446435834965e-13,GCIY,stomach
PD_01_PD_08,-0.0483682670510831,HGC27,stomach
PD_01_PD_10,-0.0013734157800809,HGC27,stomach
PD_06_PD_08,2.049421182315214e-06,HGC27,stomach
PD_06_PD_10,-0.5218409030831723,HGC27,stomach
PD_06_PD_14,-0.0384650583781412,HGC27,stomach
PD_07_PD_08,-1.2313781917683286e-05,HGC27,stomach
PD_07_PD_10,-9.234502051924665e-12,HGC27,stomach
PD_08_PD_10,-0.0045725369196871,HGC27,stomach
PD_08_PD_12,-0.0285590377279153,HGC27,stomach
PD_08_PD_14,-0.0670240960531995,HGC27,stomach
PD_08_PD_15,-3.993858483375412e-06,HGC27,stomach
PD_10_PD_12,-2.4730995029642596e-11,HGC27,stomach
PD_10_PD_13,3.075317778211684e-14,HGC27,stomach
PD_10_PD_15,-2.664535259100376e-14,HGC27,stomach
PD_01_PD_08,-0.0077975354833216,HS746T,stomach
PD_01_PD_10,-0.000446055406595,HS746T,stomach
PD_06_PD_08,4.8812920483420896e-08,HS746T,stomach
PD_06_PD_10,-0.5035748189694114,HS746T,stomach
PD_06_PD_14,-0.01259843367582,HS746T,stomach
PD_07_PD_08,-8.24174378744047e-07,HS746T,stomach
PD_07_PD_10,-9.16100528769448e-12,HS746T,stomach
PD_08_PD_10,-0.0011128105101019,HS746T,stomach
PD_08_PD_12,-0.0008327908580142,HS746T,stomach
PD_08_PD_14,-0.0134312245337212,HS746T,stomach
PD_08_PD_15,-1.086293551777473e-07,HS746T,stomach
PD_10_PD_12,-1.2101352142579458e-09,HS746T,stomach
PD_10_PD_13,3.567146578120628e-13,HS746T,stomach
PD_10_PD_15,-3.8347103270552907e-13,HS746T,stomach
PD_01_PD_02,-0.0042197626085886,HSC39,stomach
PD_01_PD_03,-0.0086878862227768,HSC39,stomach
PD_01_PD_08,-0.0374601940025105,HSC39,stomach
PD_01_PD_10,-0.0098364108917604,HSC39,stomach
PD_03_PD_05,-6.768175242477524e-09,HSC39,stomach
PD_03_PD_06,-0.022957521377409,HSC39,stomach
PD_03_PD_07,-1.9366147574473302e-09,HSC39,stomach
PD_03_PD_08,-0.0230799829848694,HSC39,stomach
PD_03_PD_09,-3.55580345390294e-07,HSC39,stomach
PD_03_PD_10,-2.250390258584645e-07,HSC39,stomach
PD_03_PD_11,-2.250850903440238e-07,HSC39,stomach
PD_03_PD_12,-2.3003821070233244e-13,HSC39,stomach
PD_03_PD_15,-8.475775636895833e-12,HSC39,stomach
PD_06_PD_08,0.003296686295042,HSC39,stomach
PD_06_PD_10,-0.5080823613010655,HSC39,stomach
PD_06_PD_14,-0.0136966256856706,HSC39,stomach
PD_07_PD_08,-0.0066378265274648,HSC39,stomach
PD_07_PD_10,-1.5203118763906787e-09,HSC39,stomach
PD_08_PD_10,-0.2989615155606342,HSC39,stomach
PD_08_PD_12,-0.0001237476126986,HSC39,stomach
PD_08_PD_14,-0.0138203732983692,HSC39,stomach
PD_08_PD_15,-0.0004057215935638,HSC39,stomach
PD_10_PD_12,-1.010296346581896e-07,HSC39,stomach
PD_10_PD_13,4.606870440682087e-11,HSC39,stomach
PD_10_PD_15,-3.3994140835602587e-11,HSC39,stomach
PD_01_PD_02,-0.0021017952141267,IM95,stomach
PD_01_PD_03,-0.0052997732649946,IM95,stomach
PD_01_PD_08,-0.0268132481390959,IM95,stomach
PD_01_PD_10,-0.0043294170334046,IM95,stomach
PD_03_PD_05,-2.9327358319619634e-09,IM95,stomach
PD_03_PD_06,-0.025006796391518,IM95,stomach
PD_03_PD_07,-3.300958395513476e-10,IM95,stomach
PD_03_PD_08,-0.0253523124462649,IM95,stomach
PD_03_PD_09,-1.3968863366020656e-07,IM95,stomach
PD_03_PD_10,-1.1531134621600714e-06,IM95,stomach
PD_03_PD_11,-1.153282487509344e-06,IM95,stomach
PD_03_PD_12,-1.0880185641326535e-13,IM95,stomach
PD_03_PD_15,-2.1255219806448618e-12,IM95,stomach
PD_06_PD_08,0.0048187741845494,IM95,stomach
PD_06_PD_10,-0.5418581414729522,IM95,stomach
PD_06_PD_14,-0.0179033005620985,IM95,stomach
PD_07_PD_08,-0.0076796572640492,IM95,stomach
PD_07_PD_10,-3.380216773152256e-09,IM95,stomach
PD_08_PD_10,-0.232921519638345,IM95,stomach
PD_08_PD_12,-0.0004234285192611,IM95,stomach
PD_08_PD_14,-0.0183267290813593,IM95,stomach
PD_08_PD_15,-0.0005116494585342,IM95,stomach
PD_10_PD_12,-5.10702591327572e-15,IM95,stomach
PD_10_PD_13,1.6902534927254462e-10,IM95,stomach
PD_10_PD_15,-1.4511236656744586e-10,IM95,stomach
PD_01_PD_02,-0.0047742872282622,KATOIII,stomach
PD_01_PD_03,-0.0094280435837277,KATOIII,stomach
PD_01_PD_08,-0.0344020503382035,KATOIII,stomach
PD_01_PD_10,-0.0101548231594438,KATOIII,stomach
PD_03_PD_05,-3.7121689056007763e-09,KATOIII,stomach
PD_03_PD_06,-0.022071764893557,KATOIII,stomach
PD_03_PD_07,-7.658929046527874e-10,KATOIII,stomach
PD_03_PD_08,-0.022158611615198,KATOIII,stomach
PD_03_PD_09,-1.8593978545755618e-07,KATOIII,stomach
PD_03_PD_10,-1.3005333221460802e-07,KATOIII,stomach
PD_03_PD_11,-1.3006979304730493e-07,KATOIII,stomach
PD_03_PD_12,-5.850875339774575e-14,KATOIII,stomach
PD_03_PD_15,-3.584355035002318e-12,KATOIII,stomach
PD_06_PD_08,0.0027946573874418,KATOIII,stomach
PD_06_PD_10,-0.5003606278669349,KATOIII,stomach
PD_06_PD_14,-0.0127096456048813,KATOIII,stomach
PD_07_PD_08,-0.006187040998002,KATOIII,stomach
PD_07_PD_10,-6.010786313126458e-10,KATOIII,stomach
PD_08_PD_10,-0.2969752047454816,KATOIII,stomach
PD_08_PD_12,-8.756618552219209e-05,KATOIII,stomach
PD_08_PD_14,-0.0127972117904034,KATOIII,stomach
PD_08_PD_15,-0.0003643379958457,KATOIII,stomach
PD_10_PD_12,-4.9631524112747634e-08,KATOIII,stomach
PD_10_PD_13,1.6462387009141818e-11,KATOIII,stomach
PD_10_PD_15,-1.2853162978387898e-11,KATOIII,stomach
PD_01_PD_02,-0.002595642067939,MKN1,stomach
PD_01_PD_03,-0.0053998031185558,MKN1,stomach
PD_01_PD_08,-0.0108059978133024,MKN1,stomach
PD_01_PD_10,-0.0081031801718662,MKN1,stomach
PD_03_PD_05,-5.868150410037741e-11,MKN1,stomach
PD_03_PD_06,-0.0542685571230174,MKN1,stomach
PD_03_PD_07,-7.751577157932843e-12,MKN1,stomach
PD_03_PD_08,-3.1213295241805383e-06,MKN1,stomach
PD_03_PD_09,-5.868150410037741e-11,MKN1,stomach
PD_03_PD_10,-9.866153061199868e-08,MKN1,stomach
PD_03_PD_11,-9.87148898179413e-08,MKN1,stomach
PD_03_PD_12,-2.332919413206014e-10,MKN1,stomach
PD_03_PD_15,-1.425526363618701e-13,MKN1,stomach
PD_06_PD_08,1.5351386828399427e-11,MKN1,stomach
PD_06_PD_10,-0.5170903350271434,MKN1,stomach
PD_06_PD_14,-0.0328520903380864,MKN1,stomach
PD_07_PD_08,-3.767032241697166e-10,MKN1,stomach
PD_07_PD_10,-4.223288385674096e-10,MKN1,stomach
PD_08_PD_10,-0.0124636930278773,MKN1,stomach
PD_08_PD_12,-0.0152225032001478,MKN1,stomach
PD_08_PD_14,-0.0480745935381498,MKN1,stomach
PD_08_PD_15,-1.5565770894454545e-11,MKN1,stomach
PD_10_PD_12,-9.923517119148071e-09,MKN1,stomach
PD_10_PD_13,5.3359427987231805e-11,MKN1,stomach
PD_10_PD_15,-3.4223179845582756e-11,MKN1,stomach
PD_01_PD_08,-0.0184062368999827,MKN28,stomach
PD_01_PD_10,-0.0010289410837523,MKN28,stomach
PD_06_PD_08,2.8272377883276082e-08,MKN28,stomach
PD_06_PD_10,-0.5172269990775398,MKN28,stomach
PD_06_PD_14,-0.0158872320798261,MKN28,stomach
PD_07_PD_08,-2.2383143853943466e-06,MKN28,stomach
PD_07_PD_10,-9.132028466751764e-12,MKN28,stomach
PD_08_PD_10,-0.0019842256256817,MKN28,stomach
PD_08_PD_12,-0.0011965707130989,MKN28,stomach
PD_08_PD_14,-0.0170838027921064,MKN28,stomach
PD_08_PD_15,-9.982626947291352e-08,MKN28,stomach
PD_10_PD_12,1.1868284133242926e-13,MKN28,stomach
PD_10_PD_13,1.1868284133242926e-13,MKN28,stomach
PD_10_PD_15,-1.4888090760223352e-13,MKN28,stomach
PD_01_PD_02,-0.0621968780683107,MKN45,stomach
PD_01_PD_03,-0.0906910286025419,MKN45,stomach
PD_01_PD_08,-0.1518687025203586,MKN45,stomach
PD_01_PD_10,-0.1034215991975923,MKN45,stomach
PD_03_PD_05,-0.0016936196822826,MKN45,stomach
PD_03_PD_06,-0.078044352423467,MKN45,stomach
PD_03_PD_07,-0.000720037373552,MKN45,stomach
PD_03_PD_08,-0.0753291052136558,MKN45,stomach
PD_03_PD_09,-0.0016880576586023,MKN45,stomach
PD_03_PD_10,-0.0083876459694443,MKN45,stomach
PD_03_PD_11,-0.0090117359920636,MKN45,stomach
PD_03_PD_12,-1.1389780777526504e-05,MKN45,stomach
PD_03_PD_15,-6.395247033275098e-05,MKN45,stomach
PD_06_PD_08,0.0044322835441295,MKN45,stomach
PD_06_PD_10,-0.4981142522298688,MKN45,stomach
PD_06_PD_14,-0.0308603533897027,MKN45,stomach
PD_07_PD_08,-0.0056520697414141,MKN45,stomach
PD_07_PD_10,-0.0015855105064184,MKN45,stomach
PD_08_PD_10,-0.4420177804486475,MKN45,stomach
PD_08_PD_12,-1.6287108442925025e-05,MKN45,stomach
PD_08_PD_14,-0.0308766400499408,MKN45,stomach
PD_08_PD_15,-0.0007667054811489,MKN45,stomach
PD_10_PD_12,-0.0009104257308261,MKN45,stomach
PD_10_PD_13,0.0006372205244026,MKN45,stomach
PD_10_PD_15,-0.0001191669948675,MKN45,stomach
PD_01_PD_02,-0.0017773192942426,NCIN87,stomach
PD_01_PD_03,-0.0090279720668816,NCIN87,stomach
PD_01_PD_08,-0.0312812707291467,NCIN87,stomach
PD_01_PD_10,-0.0044088674444612,NCIN87,stomach
PD_03_PD_05,-2.9110575616719814e-06,NCIN87,stomach
PD_03_PD_06,-0.0211335156219955,NCIN87,stomach
PD_03_PD_07,-3.827861245753184e-07,NCIN87,stomach
PD_03_PD_08,-0.0211335156219955,NCIN87,stomach
PD_03_PD_09,-2.911057221943736e-06,NCIN87,stomach
PD_03_PD_10,-2.829322455388805e-05,NCIN87,stomach
PD_03_PD_11,-2.82997629441617e-05,NCIN87,stomach
PD_03_PD_12,0.0,NCIN87,stomach
PD_03_PD_15,-2.8315751299246017e-08,NCIN87,stomach
PD_06_PD_08,0.001363817207334,NCIN87,stomach
PD_06_PD_10,-0.5432966276848364,NCIN87,stomach
PD_06_PD_14,-0.0084962321121241,NCIN87,stomach
PD_07_PD_08,-0.0025185692454067,NCIN87,stomach
PD_07_PD_10,-1.0764566304999337e-07,NCIN87,stomach
PD_08_PD_10,-0.4649328704578763,NCIN87,stomach
PD_08_PD_12,0.0,NCIN87,stomach
PD_08_PD_14,-0.0084962321121241,NCIN87,stomach
PD_08_PD_15,-0.0001945425045415,NCIN87,stomach
PD_10_PD_12,-1.939905791559226e-09,NCIN87,stomach
PD_10_PD_13,6.548540376627443e-09,NCIN87,stomach
PD_10_PD_15,-4.095125127889787e-09,NCIN87,stomach
PD_01_PD_02,-0.0042197626085886,NUGC3,stomach
PD_01_PD_03,-0.0086878862227768,NUGC3,stomach
PD_01_PD_08,-0.0374601940025105,NUGC3,stomach
PD_01_PD_10,-0.0098364108917604,NUGC3,stomach
PD_03_PD_05,-6.768175242477524e-09,NUGC3,stomach
PD_03_PD_06,-0.022957521377409,NUGC3,stomach
PD_03_PD_07,-1.9366147574473302e-09,NUGC3,stomach
PD_03_PD_08,-0.0230799829848694,NUGC3,stomach
PD_03_PD_09,-3.55580345390294e-07,NUGC3,stomach
PD_03_PD_10,-2.250390258584645e-07,NUGC3,stomach
PD_03_PD_11,-2.250850903440238e-07,NUGC3,stomach
PD_03_PD_12,-2.3003821070233244e-13,NUGC3,stomach
PD_03_PD_15,-8.475775636895833e-12,NUGC3,stomach
PD_06_PD_08,0.003296686295042,NUGC3,stomach
PD_06_PD_10,-0.5080823613010655,NUGC3,stomach
PD_06_PD_14,-0.0136966256856706,NUGC3,stomach
PD_07_PD_08,-0.0066378265274648,NUGC3,stomach
PD_07_PD_10,-1.5203118763906787e-09,NUGC3,stomach
PD_08_PD_10,-0.2989615155606342,NUGC3,stomach
PD_08_PD_12,-0.0001237476126986,NUGC3,stomach
PD_08_PD_14,-0.0138203732983692,NUGC3,stomach
PD_08_PD_15,-0.0004057215935638,NUGC3,stomach
PD_10_PD_12,-1.010296346581896e-07,NUGC3,stomach
PD_10_PD_13,4.606870440682087e-11,NUGC3,stomach
PD_10_PD_15,-3.3994140835602587e-11,NUGC3,stomach
PD_01_PD_08,-0.1354560231404173,NUGC4,stomach
PD_01_PD_10,-0.0018853330174392,NUGC4,stomach
PD_06_PD_08,0.1385411749439073,NUGC4,stomach
PD_06_PD_10,-0.3866626494779472,NUGC4,stomach
PD_06_PD_14,-0.1138105351559299,NUGC4,stomach
PD_07_PD_08,-0.0712933413621577,NUGC4,stomach
PD_07_PD_10,-5.248224077547548e-11,NUGC4,stomach
PD_08_PD_10,-0.2503481272416629,NUGC4,stomach
PD_08_PD_12,-0.0137374741650878,NUGC4,stomach
PD_08_PD_14,-0.1275384314756044,NUGC4,stomach
PD_08_PD_15,-0.0220845917650606,NUGC4,stomach
PD_10_PD_12,-4.2399583843888417e-10,NUGC4,stomach
PD_10_PD_13,4.518607710224387e-12,NUGC4,stomach
PD_10_PD_15,-3.171019002934372e-12,NUGC4,stomach
PD_01_PD_02,-0.0025045131266261,OCUM1,stomach
PD_01_PD_03,-0.0060881255941221,OCUM1,stomach
PD_01_PD_08,-0.0328984637851043,OCUM1,stomach
PD_01_PD_10,-0.0040548951363144,OCUM1,stomach
PD_03_PD_05,-1.0404133085062384e-06,OCUM1,stomach
PD_03_PD_06,-0.01763238711593,OCUM1,stomach
PD_03_PD_07,-1.1577142899898973e-07,OCUM1,stomach
PD_03_PD_08,-0.01763238711593,OCUM1,stomach
PD_03_PD_09,-1.0404122547935657e-06,OCUM1,stomach
PD_03_PD_10,-1.2439996805002629e-05,OCUM1,stomach
PD_03_PD_11,-1.244534252309304e-05,OCUM1,stomach
PD_03_PD_12,0.0,OCUM1,stomach
PD_03_PD_15,-7.484296182802552e-09,OCUM1,stomach
PD_06_PD_08,0.001507046027883,OCUM1,stomach
PD_06_PD_10,-0.5472219985115245,OCUM1,stomach
PD_06_PD_14,-0.0088463203506928,OCUM1,stomach
PD_07_PD_08,-0.0026721656174861,OCUM1,stomach
PD_07_PD_10,-9.11528237335091e-08,OCUM1,stomach
PD_08_PD_10,-0.4616864676742197,OCUM1,stomach
PD_08_PD_12,0.0,OCUM1,stomach
PD_08_PD_14,-0.0088463203506928,OCUM1,stomach
PD_08_PD_15,-0.00023611071354,OCUM1,stomach
PD_10_PD_12,-9.95786009205801e-10,OCUM1,stomach
PD_10_PD_13,5.351364906758249e-09,OCUM1,stomach
PD_10_PD_15,-3.746876364729701e-09,OCUM1,stomach
PD_01_PD_02,-0.0047742872282622,RERFGC1B,stomach
PD_01_PD_03,-0.0094280435837277,RERFGC1B,stomach
PD_01_PD_08,-0.0344020503382035,RERFGC1B,stomach
PD_01_PD_10,-0.0101548231594438,RERFGC1B,stomach
PD_03_PD_05,-3.7121689056007763e-09,RERFGC1B,stomach
PD_03_PD_06,-0.022071764893557,RERFGC1B,stomach
PD_03_PD_07,-7.658929046527874e-10,RERFGC1B,stomach
PD_03_PD_08,-0.022158611615198,RERFGC1B,stomach
PD_03_PD_09,-1.8593978545755618e-07,RERFGC1B,stomach
PD_03_PD_10,-1.3005333221460802e-07,RERFGC1B,stomach
PD_03_PD_11,-1.3006979304730493e-07,RERFGC1B,stomach
PD_03_PD_12,-5.850875339774575e-14,RERFGC1B,stomach
PD_03_PD_15,-3.584355035002318e-12,RERFGC1B,stomach
PD_06_PD_08,0.0027946573874418,RERFGC1B,stomach
PD_06_PD_10,-0.5003606278669349,RERFGC1B,stomach
PD_06_PD_14,-0.0127096456048813,RERFGC1B,stomach
PD_07_PD_08,-0.006187040998002,RERFGC1B,stomach
PD_07_PD_10,-6.010786313126458e-10,RERFGC1B,stomach
PD_08_PD_10,-0.2969752047454816,RERFGC1B,stomach
PD_08_PD_12,-8.756618552219209e-05,RERFGC1B,stomach
PD_08_PD_14,-0.0127972117904034,RERFGC1B,stomach
PD_08_PD_15,-0.0003643379958457,RERFGC1B,stomach
PD_10_PD_12,-4.9631524112747634e-08,RERFGC1B,stomach
PD_10_PD_13,1.6462387009141818e-11,RERFGC1B,stomach
PD_10_PD_15,-1.2853162978387898e-11,RERFGC1B,stomach
PD_01_PD_02,-0.0016981018779986,SKGT2,stomach
PD_01_PD_03,-0.0085414970174401,SKGT2,stomach
PD_01_PD_08,-0.0330456743983824,SKGT2,stomach
PD_01_PD_10,-0.0045983179507216,SKGT2,stomach
PD_03_PD_05,-2.9110792091335824e-06,SKGT2,stomach
PD_03_PD_06,-0.0213158454941024,SKGT2,stomach
PD_03_PD_07,-3.827862313787733e-07,SKGT2,stomach
PD_03_PD_08,-0.0213158454941024,SKGT2,stomach
PD_03_PD_09,-2.911078869405337e-06,SKGT2,stomach
PD_03_PD_10,-2.8303563660125874e-05,SKGT2,stomach
PD_03_PD_11,-2.831010206838513e-05,SKGT2,stomach
PD_03_PD_12,0.0,SKGT2,stomach
PD_03_PD_15,-2.8315756184227325e-08,SKGT2,stomach
PD_06_PD_08,0.0013638188136543,SKGT2,stomach
PD_06_PD_10,-0.5428507657859891,SKGT2,stomach
PD_06_PD_14,-0.0085011877919436,SKGT2,stomach
PD_07_PD_08,-0.0025185867934751,SKGT2,stomach
PD_07_PD_10,-1.0764625790748995e-07,SKGT2,stomach
PD_08_PD_10,-0.4692163345612985,SKGT2,stomach
PD_08_PD_12,0.0,SKGT2,stomach
PD_08_PD_14,-0.0085011877919436,SKGT2,stomach
PD_08_PD_15,-0.0001945437354856,SKGT2,stomach
PD_10_PD_12,-1.1836241986529215e-09,SKGT2,stomach
PD_10_PD_13,6.548558362240442e-09,SKGT2,stomach
PD_10_PD_15,-4.095149996885539e-09,SKGT2,stomach
PD_01_PD_02,-0.0043804772218585,SNU1,stomach
PD_01_PD_03,-0.0086211698836304,SNU1,stomach
PD_01_PD_08,-0.166977817255124,SNU1,stomach
PD_01_PD_10,-0.0100898667803156,SNU1,stomach
PD_03_PD_05,-2.4162150724649223e-08,SNU1,stomach
PD_03_PD_06,-0.1379518604150225,SNU1,stomach
PD_03_PD_07,-2.833953072212125e-09,SNU1,stomach
PD_03_PD_08,-0.1379518604150225,SNU1,stomach
PD_03_PD_09,-0.0976144754336758,SNU1,stomach
PD_03_PD_10,-5.199651611498268e-07,SNU1,stomach
PD_03_PD_11,-5.201602397697513e-07,SNU1,stomach
PD_03_PD_12,0.0,SNU1,stomach
PD_03_PD_15,-3.432854001061969e-11,SNU1,stomach
PD_06_PD_08,0.0799695421121334,SNU1,stomach
PD_06_PD_10,-0.4832001274653994,SNU1,stomach
PD_06_PD_14,-0.1092306750542907,SNU1,stomach
PD_07_PD_08,-0.0752708170926964,SNU1,stomach
PD_07_PD_10,-3.44630468607221e-09,SNU1,stomach
PD_08_PD_10,-0.3985026670671669,SNU1,stomach
PD_08_PD_12,0.0,SNU1,stomach
PD_08_PD_14,-0.1092306750542907,SNU1,stomach
PD_08_PD_15,-0.0098841814937482,SNU1,stomach
PD_10_PD_12,-2.4723189384623367e-08,SNU1,stomach
PD_10_PD_13,1.9508095139286752e-10,SNU1,stomach
PD_10_PD_15,-1.0535183836424268e-10,SNU1,stomach
PD_01_PD_02,-0.0039378924889714,SNU16,stomach
PD_01_PD_03,-0.0084148105660529,SNU16,stomach
PD_01_PD_08,-0.0392030329852171,SNU16,stomach
PD_01_PD_10,-0.0101155627716147,SNU16,stomach
PD_03_PD_05,-6.113867412338436e-09,SNU16,stomach
PD_03_PD_06,-0.0203411052157417,SNU16,stomach
PD_03_PD_07,-1.7217838266248007e-09,SNU16,stomach
PD_03_PD_08,-0.0203442235771951,SNU16,stomach
PD_03_PD_09,-3.126405312414704e-08,SNU16,stomach
PD_03_PD_10,-3.157879938653352e-07,SNU16,stomach
PD_03_PD_11,-3.1583538140367295e-07,SNU16,stomach
PD_03_PD_12,-2.0450308113595386e-13,SNU16,stomach
PD_03_PD_15,-7.563949466771192e-12,SNU16,stomach
PD_06_PD_08,0.0032970847389436,SNU16,stomach
PD_06_PD_10,-0.5084986617068908,SNU16,stomach
PD_06_PD_14,-0.011712332747083,SNU16,stomach
PD_07_PD_08,-0.0066378695555228,SNU16,stomach
PD_07_PD_10,-1.567766028109929e-09,SNU16,stomach
PD_08_PD_10,-0.3501842764449232,SNU16,stomach
PD_08_PD_12,-4.261477219880128e-06,SNU16,stomach
PD_08_PD_14,-0.0117165942243029,SNU16,stomach
PD_08_PD_15,-0.0004057243171461,SNU16,stomach
PD_10_PD_12,-1.010296346581896e-07,SNU16,stomach
PD_10_PD_13,4.739175718526667e-11,SNU16,stomach
PD_10_PD_15,-3.5511482643357795e-11,SNU16,stomach
PD_01_PD_02,-0.0023856833648613,SNU5,stomach
PD_01_PD_03,-0.0057677380939731,SNU5,stomach
PD_01_PD_08,-0.0348228687259601,SNU5,stomach
PD_01_PD_10,-0.0042533550989648,SNU5,stomach
PD_03_PD_05,-1.040416189090898e-06,SNU5,stomach
PD_03_PD_06,-0.0177345159048986,SNU5,stomach
PD_03_PD_07,-1.1577143776975165e-07,SNU5,stomach
PD_03_PD_08,-0.0177345159048986,SNU5,stomach
PD_03_PD_09,-1.0404151353782254e-06,SNU5,stomach
PD_03_PD_10,-1.2442325994621584e-05,SNU5,stomach
PD_03_PD_11,-1.244767172547956e-05,SNU5,stomach
PD_03_PD_12,0.0,SNU5,stomach
PD_03_PD_15,-7.484296626891762e-09,SNU5,stomach
PD_06_PD_08,0.00150704848052,SNU5,stomach
PD_06_PD_10,-0.5467360155282758,SNU5,stomach
PD_06_PD_14,-0.0088525119661178,SNU5,stomach
PD_07_PD_08,-0.0026721907614345,SNU5,stomach
PD_07_PD_10,-9.115326371489375e-08,SNU5,stomach
PD_08_PD_10,-0.4663629382032963,SNU5,stomach
PD_08_PD_12,0.0,SNU5,stomach
PD_08_PD_14,-0.0088525119661178,SNU5,stomach
PD_08_PD_15,-0.0002361128279857,SNU5,stomach
PD_10_PD_12,-6.102119920470273e-10,SNU5,stomach
PD_10_PD_13,5.351377674323032e-09,SNU5,stomach
PD_10_PD_15,-3.746896459766447e-09,SNU5,stomach
PD_01_PD_02,-0.0042887355412217,TGBC11TKB,stomach
PD_01_PD_03,-0.0092353101904194,TGBC11TKB,stomach
PD_01_PD_08,-0.0527116863898007,TGBC11TKB,stomach
PD_01_PD_10,-0.0075923037975914,TGBC11TKB,stomach
PD_03_PD_05,-1.0672750461182543e-09,TGBC11TKB,stomach
PD_03_PD_06,-0.028080672059745,TGBC11TKB,stomach
PD_03_PD_07,-8.546308105650269e-11,TGBC11TKB,stomach
PD_03_PD_08,-0.0280395617291628,TGBC11TKB,stomach
PD_03_PD_09,-1.0672750461182543e-09,TGBC11TKB,stomach
PD_03_PD_10,-5.754061321860959e-07,TGBC11TKB,stomach
PD_03_PD_11,-5.754588138229266e-07,TGBC11TKB,stomach
PD_03_PD_12,-1.809663530139005e-14,TGBC11TKB,stomach
PD_03_PD_15,-4.952704912852823e-13,TGBC11TKB,stomach
PD_06_PD_08,0.0044343109552807,TGBC11TKB,stomach
PD_06_PD_10,-0.527434164683038,TGBC11TKB,stomach
PD_06_PD_14,-0.0166218210109185,TGBC11TKB,stomach
PD_07_PD_08,-0.0075845783986445,TGBC11TKB,stomach
PD_07_PD_10,-1.2562473283850295e-09,TGBC11TKB,stomach
PD_08_PD_10,-0.37638927387194,TGBC11TKB,stomach
PD_08_PD_12,-2.41173081505508e-10,TGBC11TKB,stomach
PD_08_PD_14,-0.0166218212520916,TGBC11TKB,stomach
PD_08_PD_15,-0.0005376972154829,TGBC11TKB,stomach
PD_10_PD_12,-4.440892098500626e-16,TGBC11TKB,stomach
PD_10_PD_13,5.2681636830698147e-11,TGBC11TKB,stomach
PD_10_PD_15,-4.8590020895744595e-11,TGBC11TKB,stomach
PD_01_PD_08,-0.0405553389076287,NCCIT,testis
PD_01_PD_10,-0.0011255494115534,NCCIT,testis
PD_06_PD_08,2.4107098245629288e-05,NCCIT,testis
PD_06_PD_10,-0.4266818533476327,NCCIT,testis
PD_06_PD_14,-0.0426432591543448,NCCIT,testis
PD_07_PD_08,-0.0001527662957039,NCCIT,testis
PD_07_PD_10,-1.0165202013467932e-10,NCCIT,testis
PD_08_PD_10,-0.0082174654711456,NCCIT,testis
PD_08_PD_12,-0.1028558324347099,NCCIT,testis
PD_08_PD_14,-0.1454712991524973,NCCIT,testis
PD_08_PD_15,-3.4982497597702e-05,NCCIT,testis
PD_10_PD_12,-2.49285481146444e-10,NCCIT,testis
PD_10_PD_13,5.95967719618784e-13,NCCIT,testis
PD_10_PD_15,-4.619638005465276e-13,NCCIT,testis
PD_01_PD_02,-0.006647656323563,NEC8,testis
PD_01_PD_03,-0.0119523745253898,NEC8,testis
PD_01_PD_08,-0.1762852288688611,NEC8,testis
PD_01_PD_10,-0.0058252637459702,NEC8,testis
PD_03_PD_05,-2.9601974205206716e-09,NEC8,testis
PD_03_PD_06,-0.0922200714084199,NEC8,testis
PD_03_PD_07,-7.520850608955243e-11,NEC8,testis
PD_03_PD_08,-0.0922200714084199,NEC8,testis
PD_03_PD_09,-2.9601974205206716e-09,NEC8,testis
PD_03_PD_10,-6.515240700277758e-07,NEC8,testis
PD_03_PD_11,-6.516100897746568e-07,NEC8,testis
PD_03_PD_12,0.0,NEC8,testis
PD_03_PD_15,-3.238298518226657e-12,NEC8,testis
PD_06_PD_08,0.0183393034929606,NEC8,testis
PD_06_PD_10,-0.5279749508746887,NEC8,testis
PD_06_PD_14,-0.0487000601144378,NEC8,testis
PD_07_PD_08,-0.0047833018038718,NEC8,testis
PD_07_PD_10,-3.629337941291056e-10,NEC8,testis
PD_08_PD_10,-0.471441086332944,NEC8,testis
PD_08_PD_12,0.0,NEC8,testis
PD_08_PD_14,-0.0487000601144378,NEC8,testis
PD_08_PD_15,-0.0016619327272607,NEC8,testis
PD_10_PD_12,-8.029449105606545e-09,NEC8,testis
PD_10_PD_13,8.510214755119705e-11,NEC8,testis
PD_10_PD_15,-4.7663761826299827e-11,NEC8,testis
PD_01_PD_02,-0.0025045131266261,8305C,thyroid
PD_01_PD_03,-0.0060881255941221,8305C,thyroid
PD_01_PD_08,-0.0328984637851043,8305C,thyroid
PD_01_PD_10,-0.0040548951363144,8305C,thyroid
PD_03_PD_05,-1.0404133085062384e-06,8305C,thyroid
PD_03_PD_06,-0.01763238711593,8305C,thyroid
PD_03_PD_07,-1.1577142899898973e-07,8305C,thyroid
PD_03_PD_08,-0.01763238711593,8305C,thyroid
PD_03_PD_09,-1.0404122547935657e-06,8305C,thyroid
PD_03_PD_10,-1.2439996805002629e-05,8305C,thyroid
PD_03_PD_11,-1.244534252309304e-05,8305C,thyroid
PD_03_PD_12,0.0,8305C,thyroid
PD_03_PD_15,-7.484296182802552e-09,8305C,thyroid
PD_06_PD_08,0.001507046027883,8305C,thyroid
PD_06_PD_10,-0.5472219985115245,8305C,thyroid
PD_06_PD_14,-0.0088463203506928,8305C,thyroid
PD_07_PD_08,-0.0026721656174861,8305C,thyroid
PD_07_PD_10,-9.11528237335091e-08,8305C,thyroid
PD_08_PD_10,-0.4616864676742197,8305C,thyroid
PD_08_PD_12,0.0,8305C,thyroid
PD_08_PD_14,-0.0088463203506928,8305C,thyroid
PD_08_PD_15,-0.00023611071354,8305C,thyroid
PD_10_PD_12,-9.95786009205801e-10,8305C,thyroid
PD_10_PD_13,5.351364906758249e-09,8305C,thyroid
PD_10_PD_15,-3.746876364729701e-09,8305C,thyroid
PD_01_PD_02,-0.0023856833648613,8505C,thyroid
PD_01_PD_03,-0.0057677380939731,8505C,thyroid
PD_01_PD_08,-0.0348228687259601,8505C,thyroid
PD_01_PD_10,-0.0042533550989648,8505C,thyroid
PD_03_PD_05,-1.040416189090898e-06,8505C,thyroid
PD_03_PD_06,-0.0177345159048986,8505C,thyroid
PD_03_PD_07,-1.1577143776975165e-07,8505C,thyroid
PD_03_PD_08,-0.0177345159048986,8505C,thyroid
PD_03_PD_09,-1.0404151353782254e-06,8505C,thyroid
PD_03_PD_10,-1.2442325994621584e-05,8505C,thyroid
PD_03_PD_11,-1.244767172547956e-05,8505C,thyroid
PD_03_PD_12,0.0,8505C,thyroid
PD_03_PD_15,-7.484296626891762e-09,8505C,thyroid
PD_06_PD_08,0.00150704848052,8505C,thyroid
PD_06_PD_10,-0.5467360155282758,8505C,thyroid
PD_06_PD_14,-0.0088525119661178,8505C,thyroid
PD_07_PD_08,-0.0026721907614345,8505C,thyroid
PD_07_PD_10,-9.115326371489375e-08,8505C,thyroid
PD_08_PD_10,-0.4663629382032963,8505C,thyroid
PD_08_PD_12,0.0,8505C,thyroid
PD_08_PD_14,-0.0088525119661178,8505C,thyroid
PD_08_PD_15,-0.0002361128279857,8505C,thyroid
PD_10_PD_12,-6.102119920470273e-10,8505C,thyroid
PD_10_PD_13,5.351377674323032e-09,8505C,thyroid
PD_10_PD_15,-3.746896459766447e-09,8505C,thyroid
PD_01_PD_08,-0.0679338500714816,ASH3,thyroid
PD_01_PD_10,-0.0001662504264225,ASH3,thyroid
PD_06_PD_08,1.932135486759634e-05,ASH3,thyroid
PD_06_PD_10,-0.4646012309668812,ASH3,thyroid
PD_06_PD_14,-0.0476458331351067,ASH3,thyroid
PD_07_PD_08,-9.363947299367847e-05,ASH3,thyroid
PD_07_PD_10,-4.596323321948149e-14,ASH3,thyroid
PD_08_PD_10,-0.0099519110312611,ASH3,thyroid
PD_08_PD_12,-0.0116642341715772,ASH3,thyroid
PD_08_PD_14,-0.059310067306649,ASH3,thyroid
PD_08_PD_15,-2.392969698905567e-05,ASH3,thyroid
PD_10_PD_12,-2.300049040115937e-12,ASH3,thyroid
PD_10_PD_13,8.881784197001252e-16,ASH3,thyroid
PD_10_PD_15,-5.551115123125784e-16,ASH3,thyroid
PD_01_PD_02,-0.0023856833648613,BCPAP,thyroid
PD_01_PD_03,-0.0057677380939731,BCPAP,thyroid
PD_01_PD_08,-0.0348228687259601,BCPAP,thyroid
PD_01_PD_10,-0.0042533550989648,BCPAP,thyroid
PD_03_PD_05,-1.040416189090898e-06,BCPAP,thyroid
PD_03_PD_06,-0.0177345159048986,BCPAP,thyroid
PD_03_PD_07,-1.1577143776975165e-07,BCPAP,thyroid
PD_03_PD_08,-0.0177345159048986,BCPAP,thyroid
PD_03_PD_09,-1.0404151353782254e-06,BCPAP,thyroid
PD_03_PD_10,-1.2442325994621584e-05,BCPAP,thyroid
PD_03_PD_11,-1.244767172547956e-05,BCPAP,thyroid
PD_03_PD_12,0.0,BCPAP,thyroid
PD_03_PD_15,-7.484296626891762e-09,BCPAP,thyroid
PD_06_PD_08,0.00150704848052,BCPAP,thyroid
PD_06_PD_10,-0.5467360155282758,BCPAP,thyroid
PD_06_PD_14,-0.0088525119661178,BCPAP,thyroid
PD_07_PD_08,-0.0026721907614345,BCPAP,thyroid
PD_07_PD_10,-9.115326371489375e-08,BCPAP,thyroid
PD_08_PD_10,-0.4663629382032963,BCPAP,thyroid
PD_08_PD_12,0.0,BCPAP,thyroid
PD_08_PD_14,-0.0088525119661178,BCPAP,thyroid
PD_08_PD_15,-0.0002361128279857,BCPAP,thyroid
PD_10_PD_12,-6.102119920470273e-10,BCPAP,thyroid
PD_10_PD_13,5.351377674323032e-09,BCPAP,thyroid
PD_10_PD_15,-3.746896459766447e-09,BCPAP,thyroid
PD_01_PD_02,-0.0353753929182489,BHT101,thyroid
PD_01_PD_03,-0.0511740956940973,BHT101,thyroid
PD_01_PD_08,-0.0655626301141091,BHT101,thyroid
PD_01_PD_10,-0.1360118316815575,BHT101,thyroid
PD_03_PD_05,-0.0021022817789896,BHT101,thyroid
PD_03_PD_06,-0.1549789897675539,BHT101,thyroid
PD_03_PD_07,-0.003446780843316,BHT101,thyroid
PD_03_PD_08,-0.0293104572313067,BHT101,thyroid
PD_03_PD_09,-0.0020033126230986,BHT101,thyroid
PD_03_PD_10,-0.0134326077708369,BHT101,thyroid
PD_03_PD_11,-0.0174760834462109,BHT101,thyroid
PD_03_PD_12,-0.0058855358453036,BHT101,thyroid
PD_03_PD_15,-0.0001600568792834,BHT101,thyroid
PD_06_PD_08,0.0014857141036498,BHT101,thyroid
PD_06_PD_10,-0.4760157146927918,BHT101,thyroid
PD_06_PD_14,-0.0777515332878453,BHT101,thyroid
PD_07_PD_08,-0.0052110130619642,BHT101,thyroid
PD_07_PD_10,-0.0088130048356495,BHT101,thyroid
PD_08_PD_10,-0.2606952566051089,BHT101,thyroid
PD_08_PD_12,-0.0247877966869844,BHT101,thyroid
PD_08_PD_14,-0.1025850608400713,BHT101,thyroid
PD_08_PD_15,-0.0002979636868867,BHT101,thyroid
PD_10_PD_12,-0.0059450458847652,BHT101,thyroid
PD_10_PD_13,0.0043380618745222,BHT101,thyroid
PD_10_PD_15,-0.0006563876040651,BHT101,thyroid
PD_01_PD_02,-0.0052945988315455,CAL62,thyroid
PD_01_PD_03,-0.0105623004172347,CAL62,thyroid
PD_01_PD_08,-0.0378815729547853,CAL62,thyroid
PD_01_PD_10,-0.0121315306387445,CAL62,thyroid
PD_03_PD_05,-3.302299322882618e-09,CAL62,thyroid
PD_03_PD_06,-0.0193847471697223,CAL62,thyroid
PD_03_PD_07,-6.807955310605961e-10,CAL62,thyroid
PD_03_PD_08,-0.0193866675700793,CAL62,thyroid
PD_03_PD_09,-1.4918011270736997e-08,CAL62,thyroid
PD_03_PD_10,-1.3010797494938944e-07,CAL62,thyroid
PD_03_PD_11,-1.3012443578208632e-07,CAL62,thyroid
PD_03_PD_12,-5.206945985491984e-14,CAL62,thyroid
PD_03_PD_15,-3.1864511029766618e-12,CAL62,thyroid
PD_06_PD_08,0.0027948956394823,CAL62,thyroid
PD_06_PD_10,-0.5088684335681448,CAL62,thyroid
PD_06_PD_14,-0.0110509979556659,CAL62,thyroid
PD_07_PD_08,-0.0061870409330124,CAL62,thyroid
PD_07_PD_10,-6.010767439335041e-10,CAL62,thyroid
PD_08_PD_10,-0.3507788865429975,CAL62,thyroid
PD_08_PD_12,-2.5599238068219066e-06,CAL62,thyroid
PD_08_PD_14,-0.0110535578794728,CAL62,thyroid
PD_08_PD_15,-0.0003643379958461,CAL62,thyroid
PD_10_PD_12,-4.9645116684260415e-08,CAL62,thyroid
PD_10_PD_13,1.6462387009141818e-11,CAL62,thyroid
PD_10_PD_15,-1.2853385022992823e-11,CAL62,thyroid
PD_01_PD_02,-0.0023856833648613,CGTHW1,thyroid
PD_01_PD_03,-0.0057677380939731,CGTHW1,thyroid
PD_01_PD_08,-0.0348228687259601,CGTHW1,thyroid
PD_01_PD_10,-0.0042533550989648,CGTHW1,thyroid
PD_03_PD_05,-1.040416189090898e-06,CGTHW1,thyroid
PD_03_PD_06,-0.0177345159048986,CGTHW1,thyroid
PD_03_PD_07,-1.1577143776975165e-07,CGTHW1,thyroid
PD_03_PD_08,-0.0177345159048986,CGTHW1,thyroid
PD_03_PD_09,-1.0404151353782254e-06,CGTHW1,thyroid
PD_03_PD_10,-1.2442325994621584e-05,CGTHW1,thyroid
PD_03_PD_11,-1.244767172547956e-05,CGTHW1,thyroid
PD_03_PD_12,0.0,CGTHW1,thyroid
PD_03_PD_15,-7.484296626891762e-09,CGTHW1,thyroid
PD_06_PD_08,0.00150704848052,CGTHW1,thyroid
PD_06_PD_10,-0.5467360155282758,CGTHW1,thyroid
PD_06_PD_14,-0.0088525119661178,CGTHW1,thyroid
PD_07_PD_08,-0.0026721907614345,CGTHW1,thyroid
PD_07_PD_10,-9.115326371489375e-08,CGTHW1,thyroid
PD_08_PD_10,-0.4663629382032963,CGTHW1,thyroid
PD_08_PD_12,0.0,CGTHW1,thyroid
PD_08_PD_14,-0.0088525119661178,CGTHW1,thyroid
PD_08_PD_15,-0.0002361128279857,CGTHW1,thyroid
PD_10_PD_12,-6.102119920470273e-10,CGTHW1,thyroid
PD_10_PD_13,5.351377674323032e-09,CGTHW1,thyroid
PD_10_PD_15,-3.746896459766447e-09,CGTHW1,thyroid
PD_01_PD_02,-0.0014372033622515,FTC133,thyroid
PD_01_PD_03,-0.0034749260041403,FTC133,thyroid
PD_01_PD_08,-0.1745163396546496,FTC133,thyroid
PD_01_PD_10,-0.0039811468885901,FTC133,thyroid
PD_03_PD_05,-5.811612155959267e-07,FTC133,thyroid
PD_03_PD_06,-0.0768194269102543,FTC133,thyroid
PD_03_PD_07,-9.5452703074983e-08,FTC133,thyroid
PD_03_PD_08,-0.0761206989373159,FTC133,thyroid
PD_03_PD_09,-5.811597909577415e-07,FTC133,thyroid
PD_03_PD_10,-7.173053853448685e-06,FTC133,thyroid
PD_03_PD_11,-7.177947891290337e-06,FTC133,thyroid
PD_03_PD_12,-1.7763568394002505e-15,FTC133,thyroid
PD_03_PD_15,-5.3639541697236845e-09,FTC133,thyroid
PD_06_PD_08,0.0119877667287998,FTC133,thyroid
PD_06_PD_10,-0.5224817665100198,FTC133,thyroid
PD_06_PD_14,-0.0432104889544869,FTC133,thyroid
PD_07_PD_08,-0.0031495459613891,FTC133,thyroid
PD_07_PD_10,-8.476999047157818e-08,FTC133,thyroid
PD_08_PD_10,-0.4095836910664122,FTC133,thyroid
PD_08_PD_12,-1.4105799368557823e-06,FTC133,thyroid
PD_08_PD_14,-0.0431976066341851,FTC133,thyroid
PD_08_PD_15,-0.0014955812450161,FTC133,thyroid
PD_10_PD_12,-3.7636560534792807e-14,FTC133,thyroid
PD_10_PD_13,4.900849503997051e-09,FTC133,thyroid
PD_10_PD_15,-3.1300816383250663e-09,FTC133,thyroid
PD_01_PD_02,-0.0025045131266261,HTCC3,thyroid
PD_01_PD_03,-0.0060881255941221,HTCC3,thyroid
PD_01_PD_08,-0.0328984637851043,HTCC3,thyroid
PD_01_PD_10,-0.0040548951363144,HTCC3,thyroid
PD_03_PD_05,-1.0404133085062384e-06,HTCC3,thyroid
PD_03_PD_06,-0.01763238711593,HTCC3,thyroid
PD_03_PD_07,-1.1577142899898973e-07,HTCC3,thyroid
PD_03_PD_08,-0.01763238711593,HTCC3,thyroid
PD_03_PD_09,-1.0404122547935657e-06,HTCC3,thyroid
PD_03_PD_10,-1.2439996805002629e-05,HTCC3,thyroid
PD_03_PD_11,-1.244534252309304e-05,HTCC3,thyroid
PD_03_PD_12,0.0,HTCC3,thyroid
PD_03_PD_15,-7.484296182802552e-09,HTCC3,thyroid
PD_06_PD_08,0.001507046027883,HTCC3,thyroid
PD_06_PD_10,-0.5472219985115245,HTCC3,thyroid
PD_06_PD_14,-0.0088463203506928,HTCC3,thyroid
PD_07_PD_08,-0.0026721656174861,HTCC3,thyroid
PD_07_PD_10,-9.11528237335091e-08,HTCC3,thyroid
PD_08_PD_10,-0.4616864676742197,HTCC3,thyroid
PD_08_PD_12,0.0,HTCC3,thyroid
PD_08_PD_14,-0.0088463203506928,HTCC3,thyroid
PD_08_PD_15,-0.00023611071354,HTCC3,thyroid
PD_10_PD_12,-9.95786009205801e-10,HTCC3,thyroid
PD_10_PD_13,5.351364906758249e-09,HTCC3,thyroid
PD_10_PD_15,-3.746876364729701e-09,HTCC3,thyroid
PD_01_PD_02,-0.0780675464792769,IHH4,thyroid
PD_01_PD_03,-0.1101623430091481,IHH4,thyroid
PD_01_PD_08,-0.1596259798022264,IHH4,thyroid
PD_01_PD_10,-0.133488328378817,IHH4,thyroid
PD_03_PD_05,-0.0026559428954627,IHH4,thyroid
PD_03_PD_06,-0.1180625429810099,IHH4,thyroid
PD_03_PD_07,-0.0007089611036604,IHH4,thyroid
PD_03_PD_08,-0.0897936729884522,IHH4,thyroid
PD_03_PD_09,-0.0026430743826348,IHH4,thyroid
PD_03_PD_10,-0.012314847304256,IHH4,thyroid
PD_03_PD_11,-0.013477875531039,IHH4,thyroid
PD_03_PD_12,-0.0005045556441577,IHH4,thyroid
PD_03_PD_15,-0.0001107023873428,IHH4,thyroid
PD_06_PD_08,0.0285017896661182,IHH4,thyroid
PD_06_PD_10,-0.4288720241114228,IHH4,thyroid
PD_06_PD_14,-0.0561529056575825,IHH4,thyroid
PD_07_PD_08,-0.0090245627667659,IHH4,thyroid
PD_07_PD_10,-0.0018678322960156,IHH4,thyroid
PD_08_PD_10,-0.3345126891121776,IHH4,thyroid
PD_08_PD_12,-0.0425955742504446,IHH4,thyroid
PD_08_PD_14,-0.0986184302845056,IHH4,thyroid
PD_08_PD_15,-0.0017178255369953,IHH4,thyroid
PD_10_PD_12,-0.0011388498026818,IHH4,thyroid
PD_10_PD_13,0.0011907623955779,IHH4,thyroid
PD_10_PD_15,-0.0002162620853886,IHH4,thyroid
PD_01_PD_02,-0.0017505551084509,K5,thyroid
PD_01_PD_03,-0.0039044019317262,K5,thyroid
PD_01_PD_08,-0.0210785246238469,K5,thyroid
PD_01_PD_10,-0.0049232877217182,K5,thyroid
PD_03_PD_05,-1.590064924172907e-08,K5,thyroid
PD_03_PD_06,-0.0381577959127147,K5,thyroid
PD_03_PD_07,-9.247165255743539e-10,K5,thyroid
PD_03_PD_08,-0.0218320717440295,K5,thyroid
PD_03_PD_09,-1.5900649019684465e-08,K5,thyroid
PD_03_PD_10,-4.267054436790652e-06,K5,thyroid
PD_03_PD_11,-4.26823631960449e-06,K5,thyroid
PD_03_PD_12,-1.4018564087336927e-10,K5,thyroid
PD_03_PD_15,-2.530298193192948e-11,K5,thyroid
PD_06_PD_08,0.0078130729071271,K5,thyroid
PD_06_PD_10,-0.4944744998639694,K5,thyroid
PD_06_PD_14,-0.0262232065916918,K5,thyroid
PD_07_PD_08,-0.0173144449524098,K5,thyroid
PD_07_PD_10,-3.5676601228828986e-08,K5,thyroid
PD_08_PD_10,-0.3038362896339167,K5,thyroid
PD_08_PD_12,-0.0217751342388264,K5,thyroid
PD_08_PD_14,-0.0477063724502692,K5,thyroid
PD_08_PD_15,-0.0006719933447362,K5,thyroid
PD_10_PD_12,-8.455118272188145e-09,K5,thyroid
PD_10_PD_13,1.1818842571287291e-09,K5,thyroid
PD_10_PD_15,-8.831296804956422e-10,K5,thyroid
PD_01_PD_02,-0.0005376852860041,RO82W1,thyroid
PD_01_PD_03,-0.0017061543882568,RO82W1,thyroid
PD_01_PD_08,-0.0137236530830447,RO82W1,thyroid
PD_01_PD_10,-0.0011777627068916,RO82W1,thyroid
PD_03_PD_05,-3.375106316649834e-08,RO82W1,thyroid
PD_03_PD_06,-0.0011899624451741,RO82W1,thyroid
PD_03_PD_07,-3.611608789810816e-09,RO82W1,thyroid
PD_03_PD_08,-0.0013236159337361,RO82W1,thyroid
PD_03_PD_09,-5.209744948886375e-06,RO82W1,thyroid
PD_03_PD_10,-4.620481034445234e-07,RO82W1,thyroid
PD_03_PD_11,-4.6206229264988963e-07,RO82W1,thyroid
PD_03_PD_12,0.0,RO82W1,thyroid
PD_03_PD_15,-6.798828167120519e-11,RO82W1,thyroid
PD_06_PD_08,5.9449008493750455e-08,RO82W1,thyroid
PD_06_PD_10,-0.5272551101615156,RO82W1,thyroid
PD_06_PD_14,-0.0039954906458179,RO82W1,thyroid
PD_07_PD_08,-1.1553900989280663e-06,RO82W1,thyroid
PD_07_PD_10,-6.704133914681164e-10,RO82W1,thyroid
PD_08_PD_10,-0.0784149934500267,RO82W1,thyroid
PD_08_PD_12,-0.0001336534885678,RO82W1,thyroid
PD_08_PD_14,-0.0041291441343734,RO82W1,thyroid
PD_08_PD_15,-5.3622071893855157e-08,RO82W1,thyroid
PD_10_PD_12,-2.458669237093148e-07,RO82W1,thyroid
PD_10_PD_13,1.4190648656153826e-11,RO82W1,thyroid
PD_10_PD_15,-1.4712675522332574e-11,RO82W1,thyroid
PD_01_PD_02,-0.0509531745130564,TT,thyroid
PD_01_PD_03,-0.0763738210097917,TT,thyroid
PD_01_PD_08,-0.1082334474216117,TT,thyroid
PD_01_PD_10,-0.0762169424361074,TT,thyroid
PD_03_PD_05,-0.0003698742924932,TT,thyroid
PD_03_PD_06,-0.3134749592905613,TT,thyroid
PD_03_PD_07,-4.5106847944453854e-05,TT,thyroid
PD_03_PD_08,-0.373756918146382,TT,thyroid
PD_03_PD_09,-0.0069572092696535,TT,thyroid
PD_03_PD_10,-0.001574655787648,TT,thyroid
PD_03_PD_11,-0.0016595355053896,TT,thyroid
PD_03_PD_12,2.567841050904462e-09,TT,thyroid
PD_03_PD_15,-5.971021987738467e-06,TT,thyroid
PD_06_PD_08,0.0234195032837615,TT,thyroid
PD_06_PD_10,-0.4229754179800012,TT,thyroid
PD_06_PD_14,-0.0741344354372772,TT,thyroid
PD_07_PD_08,-0.0169667243514574,TT,thyroid
PD_07_PD_10,-0.0001015599061729,TT,thyroid
PD_08_PD_10,-0.0664719835106714,TT,thyroid
PD_08_PD_12,-0.0602830316393498,TT,thyroid
PD_08_PD_14,-0.1344167611896417,TT,thyroid
PD_08_PD_15,-0.000847437686416,TT,thyroid
PD_10_PD_12,-0.0001968882083162,TT,thyroid
PD_10_PD_13,8.488448326937625e-05,TT,thyroid
PD_10_PD_15,-1.3680098261303897e-05,TT,thyroid
PD_01_PD_02,-0.0029568648964114,TT2609C02,thyroid
PD_01_PD_03,-0.0065242545598872,TT2609C02,thyroid
PD_01_PD_08,-0.0351592005059269,TT2609C02,thyroid
PD_01_PD_10,-0.0077533468886406,TT2609C02,thyroid
PD_03_PD_05,-6.868603796839068e-09,TT2609C02,thyroid
PD_03_PD_06,-0.0231753215067206,TT2609C02,thyroid
PD_03_PD_07,-1.9369982284800358e-09,TT2609C02,thyroid
PD_03_PD_08,-0.0232977831141812,TT2609C02,thyroid
PD_03_PD_09,-3.556606844590249e-07,TT2609C02,thyroid
PD_03_PD_10,-3.1563522207012085e-07,TT2609C02,thyroid
PD_03_PD_11,-3.156826090533471e-07,TT2609C02,thyroid
PD_03_PD_12,-2.3003821070233244e-13,TT2609C02,thyroid
PD_03_PD_15,-8.507528015400112e-12,TT2609C02,thyroid
PD_06_PD_08,0.0032966894736452,TT2609C02,thyroid
PD_06_PD_10,-0.5003542023748149,TT2609C02,thyroid
PD_06_PD_14,-0.013702681253937,TT2609C02,thyroid
PD_07_PD_08,-0.0066378697354395,TT2609C02,thyroid
PD_07_PD_10,-1.5677754650056384e-09,TT2609C02,thyroid
PD_08_PD_10,-0.2963247297682652,TT2609C02,thyroid
PD_08_PD_12,-0.0001237476126988,TT2609C02,thyroid
PD_08_PD_14,-0.0138264288666358,TT2609C02,thyroid
PD_08_PD_15,-0.0004057243171552,TT2609C02,thyroid
PD_10_PD_12,-1.0098899283494944e-07,TT2609C02,thyroid
PD_10_PD_13,4.739120207375436e-11,TT2609C02,thyroid
PD_10_PD_15,-3.551114957645041e-11,TT2609C02,thyroid
PD_01_PD_02,-0.0007220543635155,MESSA,uterus
PD_01_PD_03,-0.0015840501928111,MESSA,uterus
PD_01_PD_08,-0.0886490849468433,MESSA,uterus
PD_01_PD_10,-0.0013576196751479,MESSA,uterus
PD_03_PD_05,-3.3709635083312145e-10,MESSA,uterus
PD_03_PD_06,-0.0748014657803337,MESSA,uterus
PD_03_PD_07,-2.3928081738233686e-11,MESSA,uterus
PD_03_PD_08,-0.1818234841005308,MESSA,uterus
PD_03_PD_09,-6.29779532412833e-07,MESSA,uterus
PD_03_PD_10,-4.7811478109949235e-09,MESSA,uterus
PD_03_PD_11,-4.781210871662722e-09,MESSA,uterus
PD_03_PD_12,0.0,MESSA,uterus
PD_03_PD_15,-1.310063169057685e-13,MESSA,uterus
PD_06_PD_08,0.0364160330777689,MESSA,uterus
PD_06_PD_10,-0.4334848181542373,MESSA,uterus
PD_06_PD_14,-0.0887817608436524,MESSA,uterus
PD_07_PD_08,-0.0570167524481779,MESSA,uterus
PD_07_PD_10,-4.692801702788074e-12,MESSA,uterus
PD_08_PD_10,-0.2647246395196316,MESSA,uterus
PD_08_PD_12,-0.1070363662513331,MESSA,uterus
PD_08_PD_14,-0.1958037791637511,MESSA,uterus
PD_08_PD_15,-0.0029181175942981,MESSA,uterus
PD_10_PD_12,-1.2212453270876722e-15,MESSA,uterus
PD_10_PD_13,6.306066779870889e-14,MESSA,uterus
PD_10_PD_15,-4.8849813083506894e-14,MESSA,uterus
PD_01_PD_08,-0.0498512922094895,SKN,uterus
PD_01_PD_10,-0.0022227022422433,SKN,uterus
PD_06_PD_08,1.4080706872698912e-06,SKN,uterus
PD_06_PD_10,-0.4402823079537144,SKN,uterus
PD_06_PD_14,-0.0392970820510766,SKN,uterus
PD_07_PD_08,-3.802570922517568e-05,SKN,uterus
PD_07_PD_10,-1.2856826714369164e-11,SKN,uterus
PD_08_PD_10,-0.0046115301380522,SKN,uterus
PD_08_PD_12,-0.1063676399285015,SKN,uterus
PD_08_PD_14,-0.1456235971501329,SKN,uterus
PD_08_PD_15,-3.0968489012073164e-06,SKN,uterus
PD_10_PD_12,-7.888134589961737e-12,SKN,uterus
PD_10_PD_13,7.438494264988549e-15,SKN,uterus
PD_10_PD_15,-6.772360450213455e-15,SKN,uterus
PD_01_PD_08,-0.0421969145968483,SKUT1,uterus
PD_01_PD_10,-0.0013685449676693,SKUT1,uterus
PD_06_PD_08,3.2095676648635774e-05,SKUT1,uterus
PD_06_PD_10,-0.4375741614225621,SKUT1,uterus
PD_06_PD_14,-0.0416303139790505,SKUT1,uterus
PD_07_PD_08,-0.0001900711872767,SKUT1,uterus
PD_07_PD_10,-2.0909951548020442e-10,SKUT1,uterus
PD_08_PD_10,-0.0088579078336488,SKUT1,uterus
PD_08_PD_12,-0.1043526650283814,SKUT1,uterus
PD_08_PD_14,-0.1459559316717585,SKUT1,uterus
PD_08_PD_15,-4.410545427957491e-05,SKUT1,uterus
PD_10_PD_12,-4.933872199686107e-10,SKUT1,uterus
PD_10_PD_13,1.439959262938828e-12,SKUT1,uterus
PD_10_PD_15,-1.0684786388992509e-12,SKUT1,uterus
PD_01_PD_02,-0.0003946298345085,CAL39,vulva
PD_01_PD_03,-0.0014830078452505,CAL39,vulva
PD_01_PD_08,-0.0147579789782744,CAL39,vulva
PD_01_PD_10,-0.0015866524226145,CAL39,vulva
PD_03_PD_05,-2.8118127826104452e-08,CAL39,vulva
PD_03_PD_06,-0.0010202288493147,CAL39,vulva
PD_03_PD_07,-1.2965563067623975e-09,CAL39,vulva
PD_03_PD_08,-0.0019778378206389,CAL39,vulva
PD_03_PD_09,-3.5857113832804544e-05,CAL39,vulva
PD_03_PD_10,-1.955117323593214e-07,CAL39,vulva
PD_03_PD_11,-1.9551688390517802e-07,CAL39,vulva
PD_03_PD_12,1.7763568394002505e-15,CAL39,vulva
PD_03_PD_15,-4.054534485931072e-11,CAL39,vulva
PD_06_PD_08,1.1378845621301537e-07,CAL39,vulva
PD_06_PD_10,-0.5024415759753151,CAL39,vulva
PD_06_PD_14,-0.0116710531499938,CAL39,vulva
PD_07_PD_08,-1.0749307073343315e-06,CAL39,vulva
PD_07_PD_10,-2.2753798845087656e-10,CAL39,vulva
PD_08_PD_10,-0.0015898826664881,CAL39,vulva
PD_08_PD_12,-0.0009576089713447,CAL39,vulva
PD_08_PD_14,-0.0126286621208598,CAL39,vulva
PD_08_PD_15,-1.8955477754101227e-07,CAL39,vulva
PD_10_PD_12,-4.212471149678265e-09,CAL39,vulva
PD_10_PD_13,5.151767901168114e-12,CAL39,vulva
PD_10_PD_15,-5.500822020110263e-12,CAL39,vulva
